4.1250000000000036,-49.225,0.0
4.175000000000001,-49.225,0.0
4.225000000000001,-49.225,0.0
4.275000000000002,-49.225,0.0
4.325000000000003,-49.225,0.0
4.3750000000000036,-49.225,0.0
4.425000000000001,-49.225,0.0
4.475000000000001,-49.225,0.0
4.575000000000003,-49.225,0.0
3.1250000000000036,-49.275000000000006,0.0
3.1750000000000007,-49.275000000000006,0.0
4.075000000000003,-49.275000000000006,0.0
4.1250000000000036,-49.275000000000006,0.0
4.175000000000001,-49.275000000000006,0.0
4.225000000000001,-49.275000000000006,0.0
4.275000000000002,-49.275000000000006,0.0
4.325000000000003,-49.275000000000006,0.0
4.3750000000000036,-49.275000000000006,0.0
4.425000000000001,-49.275000000000006,0.0
4.475000000000001,-49.275000000000006,0.0
4.525000000000002,-49.275000000000006,0.0
4.575000000000003,-49.275000000000006,0.0
4.6250000000000036,-49.275000000000006,0.0
2.825000000000003,-49.325,0.0
2.8750000000000036,-49.325,0.0
2.9250000000000007,-49.325,0.0
2.9750000000000014,-49.325,0.0
3.025000000000002,-49.325,0.0
3.1250000000000036,-49.325,0.0
3.2250000000000014,-49.325,0.0
3.4750000000000014,-49.325,0.0
3.525000000000002,-49.325,0.0
3.575000000000003,-49.325,0.0
3.6250000000000036,-49.325,0.0
3.6750000000000007,-49.325,0.0
3.7250000000000014,-49.325,0.0
3.775000000000002,-49.325,0.0
3.825000000000003,-49.325,0.0
3.8750000000000036,-49.325,0.0
3.9250000000000007,-49.325,0.0
3.9750000000000014,-49.325,0.0
4.025000000000002,-49.325,0.0
4.075000000000003,-49.325,0.0
4.1250000000000036,-49.325,0.0
4.175000000000001,-49.325,0.0
4.225000000000001,-49.325,0.0
4.275000000000002,-49.325,0.0
4.325000000000003,-49.325,0.0
4.3750000000000036,-49.325,0.0
4.425000000000001,-49.325,0.0
4.475000000000001,-49.325,0.0
4.525000000000002,-49.325,0.0
4.575000000000003,-49.325,0.0
4.6250000000000036,-49.325,0.0
4.675000000000001,-49.325,0.0
2.375,-49.375,0.0
2.4250000000000007,-49.375,0.0
2.4750000000000014,-49.375,0.0
2.525000000000002,-49.375,0.0
2.575000000000003,-49.375,0.0
2.6250000000000036,-49.375,0.0
2.6750000000000007,-49.375,0.0
2.7250000000000014,-49.375,0.0
2.775000000000002,-49.375,0.0
2.825000000000003,-49.375,0.0
2.8750000000000036,-49.375,0.0
2.9250000000000007,-49.375,0.0
2.9750000000000014,-49.375,0.0
3.025000000000002,-49.375,0.0
3.075000000000003,-49.375,0.0
3.1250000000000036,-49.375,0.0
3.1750000000000007,-49.375,0.0
3.2250000000000014,-49.375,0.0
3.275000000000002,-49.375,0.0
3.325000000000003,-49.375,0.0
3.3750000000000036,-49.375,0.0
3.4250000000000007,-49.375,0.0
3.4750000000000014,-49.375,0.0
3.525000000000002,-49.375,0.0
3.575000000000003,-49.375,0.0
3.6250000000000036,-49.375,0.0
3.6750000000000007,-49.375,0.0
3.7250000000000014,-49.375,0.0
3.775000000000002,-49.375,0.0
3.825000000000003,-49.375,0.0
3.8750000000000036,-49.375,0.0
3.9250000000000007,-49.375,0.0
3.9750000000000014,-49.375,0.0
4.025000000000002,-49.375,0.0
4.075000000000003,-49.375,0.0
4.1250000000000036,-49.375,0.0
4.175000000000001,-49.375,0.0
4.225000000000001,-49.375,0.0
4.275000000000002,-49.375,0.0
4.325000000000003,-49.375,0.0
4.3750000000000036,-49.375,0.0
4.425000000000001,-49.375,0.0
4.475000000000001,-49.375,0.0
4.6250000000000036,-49.375,0.0
4.675000000000001,-49.375,0.0
4.725000000000001,-49.375,0.0
0.27500000000000213,-49.425000000000004,0.0
0.375,-49.425000000000004,0.0
0.5250000000000021,-49.425000000000004,0.0
0.5750000000000028,-49.425000000000004,0.0
0.625,-49.425000000000004,0.0
0.6750000000000007,-49.425000000000004,0.0
0.7250000000000014,-49.425000000000004,0.0
0.7750000000000021,-49.425000000000004,0.0
0.8250000000000028,-49.425000000000004,0.0
0.875,-49.425000000000004,0.0
0.9250000000000007,-49.425000000000004,0.0
0.9750000000000014,-49.425000000000004,0.0
1.0250000000000021,-49.425000000000004,0.0
1.0750000000000028,-49.425000000000004,0.0
1.125,-49.425000000000004,0.0
1.1750000000000007,-49.425000000000004,0.0
1.2250000000000014,-49.425000000000004,0.0
1.2750000000000021,-49.425000000000004,0.0
1.3250000000000028,-49.425000000000004,0.0
2.1750000000000007,-49.425000000000004,0.0
2.2250000000000014,-49.425000000000004,0.0
2.275000000000002,-49.425000000000004,0.0
2.325000000000003,-49.425000000000004,0.0
2.375,-49.425000000000004,0.0
2.4250000000000007,-49.425000000000004,0.0
2.4750000000000014,-49.425000000000004,0.0
2.525000000000002,-49.425000000000004,0.0
2.575000000000003,-49.425000000000004,0.0
2.6250000000000036,-49.425000000000004,0.0
2.6750000000000007,-49.425000000000004,0.0
2.7250000000000014,-49.425000000000004,0.0
2.775000000000002,-49.425000000000004,0.0
2.825000000000003,-49.425000000000004,0.0
2.8750000000000036,-49.425000000000004,0.0
2.9250000000000007,-49.425000000000004,0.0
2.9750000000000014,-49.425000000000004,0.0
3.025000000000002,-49.425000000000004,0.0
3.075000000000003,-49.425000000000004,0.0
3.1250000000000036,-49.425000000000004,0.0
3.1750000000000007,-49.425000000000004,0.0
3.2250000000000014,-49.425000000000004,0.0
3.275000000000002,-49.425000000000004,0.0
3.325000000000003,-49.425000000000004,0.0
3.3750000000000036,-49.425000000000004,0.0
3.4250000000000007,-49.425000000000004,0.0
3.4750000000000014,-49.425000000000004,0.0
4.6250000000000036,-49.425000000000004,0.0
4.675000000000001,-49.425000000000004,0.0
4.725000000000001,-49.425000000000004,0.0
0.22500000000000142,-49.475,0.0
0.27500000000000213,-49.475,0.0
0.32500000000000284,-49.475,0.0
0.375,-49.475,0.0
0.4250000000000007,-49.475,0.0
0.4750000000000014,-49.475,0.0
0.5250000000000021,-49.475,0.0
0.5750000000000028,-49.475,0.0
0.625,-49.475,0.0
0.6750000000000007,-49.475,0.0
0.7250000000000014,-49.475,0.0
0.7750000000000021,-49.475,0.0
0.8250000000000028,-49.475,0.0
0.875,-49.475,0.0
0.9250000000000007,-49.475,0.0
0.9750000000000014,-49.475,0.0
1.0250000000000021,-49.475,0.0
1.0750000000000028,-49.475,0.0
1.125,-49.475,0.0
1.1750000000000007,-49.475,0.0
1.2250000000000014,-49.475,0.0
1.2750000000000021,-49.475,0.0
1.3250000000000028,-49.475,0.0
1.375,-49.475,0.0
2.125,-49.475,0.0
2.1750000000000007,-49.475,0.0
2.2250000000000014,-49.475,0.0
2.275000000000002,-49.475,0.0
2.325000000000003,-49.475,0.0
2.375,-49.475,0.0
2.4250000000000007,-49.475,0.0
2.4750000000000014,-49.475,0.0
2.525000000000002,-49.475,0.0
3.1750000000000007,-49.475,0.0
3.2250000000000014,-49.475,0.0
3.275000000000002,-49.475,0.0
3.3750000000000036,-49.475,0.0
3.4250000000000007,-49.475,0.0
3.4750000000000014,-49.475,0.0
3.525000000000002,-49.475,0.0
4.6250000000000036,-49.475,0.0
4.675000000000001,-49.475,0.0
4.725000000000001,-49.475,0.0
5.075000000000003,-49.475,0.0
0.1750000000000007,-49.525000000000006,0.0
0.22500000000000142,-49.525000000000006,0.0
0.27500000000000213,-49.525000000000006,0.0
0.32500000000000284,-49.525000000000006,0.0
0.375,-49.525000000000006,0.0
0.4250000000000007,-49.525000000000006,0.0
0.4750000000000014,-49.525000000000006,0.0
0.5250000000000021,-49.525000000000006,0.0
0.5750000000000028,-49.525000000000006,0.0
0.625,-49.525000000000006,0.0
0.6750000000000007,-49.525000000000006,0.0
0.7250000000000014,-49.525000000000006,0.0
0.7750000000000021,-49.525000000000006,0.0
0.8250000000000028,-49.525000000000006,0.0
0.875,-49.525000000000006,0.0
0.9250000000000007,-49.525000000000006,0.0
1.0250000000000021,-49.525000000000006,0.0
1.1750000000000007,-49.525000000000006,0.0
2.125,-49.525000000000006,0.0
2.1750000000000007,-49.525000000000006,0.0
2.2250000000000014,-49.525000000000006,0.0
3.1250000000000036,-49.525000000000006,0.0
3.1750000000000007,-49.525000000000006,0.0
3.2250000000000014,-49.525000000000006,0.0
3.325000000000003,-49.525000000000006,0.0
3.3750000000000036,-49.525000000000006,0.0
3.525000000000002,-49.525000000000006,0.0
4.6250000000000036,-49.525000000000006,0.0
4.675000000000001,-49.525000000000006,0.0
4.725000000000001,-49.525000000000006,0.0
4.775000000000002,-49.525000000000006,0.0
5.075000000000003,-49.525000000000006,0.0
0.125,-49.575,0.0
0.1750000000000007,-49.575,0.0
0.22500000000000142,-49.575,0.0
0.27500000000000213,-49.575,0.0
0.375,-49.575,0.0
0.4250000000000007,-49.575,0.0
0.4750000000000014,-49.575,0.0
1.2750000000000021,-49.575,0.0
2.1750000000000007,-49.575,0.0
2.2250000000000014,-49.575,0.0
3.1750000000000007,-49.575,0.0
3.2250000000000014,-49.575,0.0
3.325000000000003,-49.575,0.0
3.3750000000000036,-49.575,0.0
3.525000000000002,-49.575,0.0
4.6250000000000036,-49.575,0.0
4.675000000000001,-49.575,0.0
4.725000000000001,-49.575,0.0
4.775000000000002,-49.575,0.0
5.1250000000000036,-49.575,0.0
0.07500000000000284,-49.625,0.0
0.125,-49.625,0.0
0.1750000000000007,-49.625,0.0
0.22500000000000142,-49.625,0.0
0.27500000000000213,-49.625,0.0
1.375,-49.625,0.0
2.1750000000000007,-49.625,0.0
2.2250000000000014,-49.625,0.0
3.325000000000003,-49.625,0.0
3.3750000000000036,-49.625,0.0
3.4250000000000007,-49.625,0.0
3.525000000000002,-49.625,0.0
3.575000000000003,-49.625,0.0
4.6250000000000036,-49.625,0.0
4.675000000000001,-49.625,0.0
4.725000000000001,-49.625,0.0
4.775000000000002,-49.625,0.0
4.925000000000001,-49.625,0.0
5.025000000000002,-49.625,0.0
5.075000000000003,-49.625,0.0
5.1250000000000036,-49.625,0.0
0.125,-49.675000000000004,0.0
0.1750000000000007,-49.675000000000004,0.0
0.22500000000000142,-49.675000000000004,0.0
0.27500000000000213,-49.675000000000004,0.0
1.375,-49.675000000000004,0.0
2.1750000000000007,-49.675000000000004,0.0
2.2250000000000014,-49.675000000000004,0.0
3.325000000000003,-49.675000000000004,0.0
3.3750000000000036,-49.675000000000004,0.0
3.525000000000002,-49.675000000000004,0.0
3.575000000000003,-49.675000000000004,0.0
4.6250000000000036,-49.675000000000004,0.0
4.675000000000001,-49.675000000000004,0.0
4.725000000000001,-49.675000000000004,0.0
4.775000000000002,-49.675000000000004,0.0
4.825000000000003,-49.675000000000004,0.0
4.8750000000000036,-49.675000000000004,0.0
4.925000000000001,-49.675000000000004,0.0
4.975000000000001,-49.675000000000004,0.0
5.025000000000002,-49.675000000000004,0.0
5.075000000000003,-49.675000000000004,0.0
5.1250000000000036,-49.675000000000004,0.0
5.175000000000001,-49.675000000000004,0.0
5.225000000000001,-49.675000000000004,0.0
0.125,-49.725,0.0
0.1750000000000007,-49.725,0.0
0.22500000000000142,-49.725,0.0
0.27500000000000213,-49.725,0.0
1.375,-49.725,0.0
2.1750000000000007,-49.725,0.0
2.2250000000000014,-49.725,0.0
3.325000000000003,-49.725,0.0
3.3750000000000036,-49.725,0.0
3.525000000000002,-49.725,0.0
3.575000000000003,-49.725,0.0
4.675000000000001,-49.725,0.0
4.725000000000001,-49.725,0.0
4.775000000000002,-49.725,0.0
4.825000000000003,-49.725,0.0
4.8750000000000036,-49.725,0.0
4.925000000000001,-49.725,0.0
4.975000000000001,-49.725,0.0
5.025000000000002,-49.725,0.0
5.075000000000003,-49.725,0.0
5.1250000000000036,-49.725,0.0
5.175000000000001,-49.725,0.0
5.225000000000001,-49.725,0.0
0.125,-49.775000000000006,0.0
0.1750000000000007,-49.775000000000006,0.0
0.22500000000000142,-49.775000000000006,0.0
0.27500000000000213,-49.775000000000006,0.0
1.3250000000000028,-49.775000000000006,0.0
1.9750000000000014,-49.775000000000006,0.0
2.025000000000002,-49.775000000000006,0.0
2.075000000000003,-49.775000000000006,0.0
2.125,-49.775000000000006,0.0
2.1750000000000007,-49.775000000000006,0.0
2.2250000000000014,-49.775000000000006,0.0
3.1750000000000007,-49.775000000000006,0.0
3.2250000000000014,-49.775000000000006,0.0
3.325000000000003,-49.775000000000006,0.0
3.3750000000000036,-49.775000000000006,0.0
3.525000000000002,-49.775000000000006,0.0
3.575000000000003,-49.775000000000006,0.0
5.1250000000000036,-49.775000000000006,0.0
5.175000000000001,-49.775000000000006,0.0
5.275000000000002,-49.775000000000006,0.0
0.125,-49.825,0.0
0.1750000000000007,-49.825,0.0
0.22500000000000142,-49.825,0.0
0.27500000000000213,-49.825,0.0
1.3250000000000028,-49.825,0.0
1.875,-49.825,0.0
1.9250000000000007,-49.825,0.0
1.9750000000000014,-49.825,0.0
2.025000000000002,-49.825,0.0
2.075000000000003,-49.825,0.0
2.125,-49.825,0.0
2.1750000000000007,-49.825,0.0
2.2250000000000014,-49.825,0.0
3.1250000000000036,-49.825,0.0
3.1750000000000007,-49.825,0.0
3.2250000000000014,-49.825,0.0
3.325000000000003,-49.825,0.0
3.3750000000000036,-49.825,0.0
3.525000000000002,-49.825,0.0
3.575000000000003,-49.825,0.0
5.1250000000000036,-49.825,0.0
5.175000000000001,-49.825,0.0
5.225000000000001,-49.825,0.0
0.125,-49.875,0.0
0.1750000000000007,-49.875,0.0
0.22500000000000142,-49.875,0.0
0.27500000000000213,-49.875,0.0
1.3250000000000028,-49.875,0.0
1.375,-49.875,0.0
1.4250000000000007,-49.875,0.0
1.4750000000000014,-49.875,0.0
1.5250000000000021,-49.875,0.0
1.5750000000000028,-49.875,0.0
1.625,-49.875,0.0
1.8250000000000028,-49.875,0.0
1.875,-49.875,0.0
1.9250000000000007,-49.875,0.0
1.9750000000000014,-49.875,0.0
2.025000000000002,-49.875,0.0
2.075000000000003,-49.875,0.0
2.125,-49.875,0.0
2.1750000000000007,-49.875,0.0
2.2250000000000014,-49.875,0.0
3.325000000000003,-49.875,0.0
3.3750000000000036,-49.875,0.0
3.4250000000000007,-49.875,0.0
3.525000000000002,-49.875,0.0
3.575000000000003,-49.875,0.0
5.1250000000000036,-49.875,0.0
5.175000000000001,-49.875,0.0
5.225000000000001,-49.875,0.0
0.1750000000000007,-49.925000000000004,0.0
0.22500000000000142,-49.925000000000004,0.0
0.27500000000000213,-49.925000000000004,0.0
1.3250000000000028,-49.925000000000004,0.0
1.375,-49.925000000000004,0.0
1.4250000000000007,-49.925000000000004,0.0
1.4750000000000014,-49.925000000000004,0.0
1.5250000000000021,-49.925000000000004,0.0
1.5750000000000028,-49.925000000000004,0.0
1.625,-49.925000000000004,0.0
1.6750000000000007,-49.925000000000004,0.0
1.7250000000000014,-49.925000000000004,0.0
1.7750000000000021,-49.925000000000004,0.0
1.8250000000000028,-49.925000000000004,0.0
1.875,-49.925000000000004,0.0
1.9250000000000007,-49.925000000000004,0.0
3.3750000000000036,-49.925000000000004,0.0
3.4250000000000007,-49.925000000000004,0.0
3.4750000000000014,-49.925000000000004,0.0
3.525000000000002,-49.925000000000004,0.0
3.575000000000003,-49.925000000000004,0.0
5.175000000000001,-49.925000000000004,0.0
5.225000000000001,-49.925000000000004,0.0
5.275000000000002,-49.925000000000004,0.0
0.1750000000000007,-49.975,0.0
0.22500000000000142,-49.975,0.0
0.27500000000000213,-49.975,0.0
1.6750000000000007,-49.975,0.0
1.7250000000000014,-49.975,0.0
1.7750000000000021,-49.975,0.0
1.8250000000000028,-49.975,0.0
1.875,-49.975,0.0
1.9250000000000007,-49.975,0.0
3.3750000000000036,-49.975,0.0
3.4250000000000007,-49.975,0.0
3.4750000000000014,-49.975,0.0
3.525000000000002,-49.975,0.0
3.575000000000003,-49.975,0.0
5.075000000000003,-49.975,0.0
5.1250000000000036,-49.975,0.0
5.175000000000001,-49.975,0.0
5.225000000000001,-49.975,0.0
5.275000000000002,-49.975,0.0
5.325000000000003,-49.975,0.0
0.1750000000000007,-50.025000000000006,0.0
0.22500000000000142,-50.025000000000006,0.0
0.27500000000000213,-50.025000000000006,0.0
1.6750000000000007,-50.025000000000006,0.0
1.875,-50.025000000000006,0.0
1.9250000000000007,-50.025000000000006,0.0
3.3750000000000036,-50.025000000000006,0.0
3.4250000000000007,-50.025000000000006,0.0
3.4750000000000014,-50.025000000000006,0.0
3.525000000000002,-50.025000000000006,0.0
3.575000000000003,-50.025000000000006,0.0
5.1250000000000036,-50.025000000000006,0.0
5.175000000000001,-50.025000000000006,0.0
5.225000000000001,-50.025000000000006,0.0
5.325000000000003,-50.025000000000006,0.0
5.3750000000000036,-50.025000000000006,0.0
0.1750000000000007,-50.075,0.0
0.22500000000000142,-50.075,0.0
0.27500000000000213,-50.075,0.0
1.625,-50.075,0.0
1.6750000000000007,-50.075,0.0
1.8250000000000028,-50.075,0.0
1.875,-50.075,0.0
5.175000000000001,-50.075,0.0
5.225000000000001,-50.075,0.0
5.325000000000003,-50.075,0.0
5.3750000000000036,-50.075,0.0
0.1750000000000007,-50.125,0.0
0.22500000000000142,-50.125,0.0
0.27500000000000213,-50.125,0.0
1.625,-50.125,0.0
1.8250000000000028,-50.125,0.0
1.875,-50.125,0.0
1.9250000000000007,-50.125,0.0
5.325000000000003,-50.125,0.0
5.3750000000000036,-50.125,0.0
5.425000000000001,-50.125,0.0
0.1750000000000007,-50.175000000000004,0.0
0.22500000000000142,-50.175000000000004,0.0
0.27500000000000213,-50.175000000000004,0.0
0.4250000000000007,-50.175000000000004,0.0
0.4750000000000014,-50.175000000000004,0.0
1.5750000000000028,-50.175000000000004,0.0
1.625,-50.175000000000004,0.0
1.7250000000000014,-50.175000000000004,0.0
1.7750000000000021,-50.175000000000004,0.0
1.8250000000000028,-50.175000000000004,0.0
1.875,-50.175000000000004,0.0
1.9250000000000007,-50.175000000000004,0.0
5.325000000000003,-50.175000000000004,0.0
5.3750000000000036,-50.175000000000004,0.0
0.1750000000000007,-50.225,0.0
0.22500000000000142,-50.225,0.0
0.27500000000000213,-50.225,0.0
0.4250000000000007,-50.225,0.0
0.4750000000000014,-50.225,0.0
1.5750000000000028,-50.225,0.0
1.625,-50.225,0.0
1.6750000000000007,-50.225,0.0
1.7250000000000014,-50.225,0.0
1.7750000000000021,-50.225,0.0
1.8250000000000028,-50.225,0.0
1.875,-50.225,0.0
1.9250000000000007,-50.225,0.0
1.9750000000000014,-50.225,0.0
4.575000000000003,-50.225,0.0
5.275000000000002,-50.225,0.0
5.325000000000003,-50.225,0.0
5.3750000000000036,-50.225,0.0
5.425000000000001,-50.225,0.0
0.22500000000000142,-50.275000000000006,0.0
0.27500000000000213,-50.275000000000006,0.0
1.5750000000000028,-50.275000000000006,0.0
1.625,-50.275000000000006,0.0
1.6750000000000007,-50.275000000000006,0.0
1.7250000000000014,-50.275000000000006,0.0
1.7750000000000021,-50.275000000000006,0.0
1.8250000000000028,-50.275000000000006,0.0
4.575000000000003,-50.275000000000006,0.0
4.675000000000001,-50.275000000000006,0.0
5.075000000000003,-50.275000000000006,0.0
5.275000000000002,-50.275000000000006,0.0
5.325000000000003,-50.275000000000006,0.0
5.3750000000000036,-50.275000000000006,0.0
5.425000000000001,-50.275000000000006,0.0
0.22500000000000142,-50.325,0.0
0.27500000000000213,-50.325,0.0
1.625,-50.325,0.0
1.6750000000000007,-50.325,0.0
1.7250000000000014,-50.325,0.0
4.475000000000001,-50.325,0.0
4.525000000000002,-50.325,0.0
4.575000000000003,-50.325,0.0
4.6250000000000036,-50.325,0.0
5.075000000000003,-50.325,0.0
5.1250000000000036,-50.325,0.0
5.225000000000001,-50.325,0.0
5.325000000000003,-50.325,0.0
5.3750000000000036,-50.325,0.0
5.425000000000001,-50.325,0.0
0.22500000000000142,-50.375,0.0
0.27500000000000213,-50.375,0.0
4.525000000000002,-50.375,0.0
4.575000000000003,-50.375,0.0
4.6250000000000036,-50.375,0.0
5.1250000000000036,-50.375,0.0
5.175000000000001,-50.375,0.0
5.225000000000001,-50.375,0.0
5.275000000000002,-50.375,0.0
5.3750000000000036,-50.375,0.0
5.425000000000001,-50.375,0.0
0.22500000000000142,-50.425000000000004,0.0
0.27500000000000213,-50.425000000000004,0.0
4.525000000000002,-50.425000000000004,0.0
4.575000000000003,-50.425000000000004,0.0
4.675000000000001,-50.425000000000004,0.0
5.175000000000001,-50.425000000000004,0.0
5.225000000000001,-50.425000000000004,0.0
5.275000000000002,-50.425000000000004,0.0
0.22500000000000142,-50.475,0.0
0.27500000000000213,-50.475,0.0
4.525000000000002,-50.475,0.0
4.725000000000001,-50.475,0.0
5.175000000000001,-50.475,0.0
5.225000000000001,-50.475,0.0
5.275000000000002,-50.475,0.0
5.425000000000001,-50.475,0.0
5.475000000000001,-50.475,0.0
0.22500000000000142,-50.525000000000006,0.0
0.27500000000000213,-50.525000000000006,0.0
2.6750000000000007,-50.525000000000006,0.0
2.9250000000000007,-50.525000000000006,0.0
5.175000000000001,-50.525000000000006,0.0
5.225000000000001,-50.525000000000006,0.0
5.275000000000002,-50.525000000000006,0.0
5.425000000000001,-50.525000000000006,0.0
5.475000000000001,-50.525000000000006,0.0
0.27500000000000213,-50.575,0.0
2.6750000000000007,-50.575,0.0
2.7250000000000014,-50.575,0.0
2.775000000000002,-50.575,0.0
2.8750000000000036,-50.575,0.0
2.9250000000000007,-50.575,0.0
5.175000000000001,-50.575,0.0
5.225000000000001,-50.575,0.0
5.3750000000000036,-50.575,0.0
5.425000000000001,-50.575,0.0
5.475000000000001,-50.575,0.0
5.525000000000002,-50.575,0.0
0.27500000000000213,-50.625,0.0
2.7250000000000014,-50.625,0.0
2.775000000000002,-50.625,0.0
2.825000000000003,-50.625,0.0
2.8750000000000036,-50.625,0.0
3.4250000000000007,-50.625,0.0
5.175000000000001,-50.625,0.0
5.225000000000001,-50.625,0.0
5.275000000000002,-50.625,0.0
5.325000000000003,-50.625,0.0
5.3750000000000036,-50.625,0.0
5.425000000000001,-50.625,0.0
5.475000000000001,-50.625,0.0
0.27500000000000213,-50.675000000000004,0.0
0.32500000000000284,-50.675000000000004,0.0
2.775000000000002,-50.675000000000004,0.0
2.825000000000003,-50.675000000000004,0.0
2.8750000000000036,-50.675000000000004,0.0
2.9250000000000007,-50.675000000000004,0.0
2.9750000000000014,-50.675000000000004,0.0
3.2250000000000014,-50.675000000000004,0.0
3.275000000000002,-50.675000000000004,0.0
3.3750000000000036,-50.675000000000004,0.0
3.4250000000000007,-50.675000000000004,0.0
5.075000000000003,-50.675000000000004,0.0
5.1250000000000036,-50.675000000000004,0.0
5.175000000000001,-50.675000000000004,0.0
5.325000000000003,-50.675000000000004,0.0
5.3750000000000036,-50.675000000000004,0.0
0.27500000000000213,-50.725,0.0
0.32500000000000284,-50.725,0.0
2.7250000000000014,-50.725,0.0
2.775000000000002,-50.725,0.0
2.825000000000003,-50.725,0.0
2.8750000000000036,-50.725,0.0
2.9250000000000007,-50.725,0.0
2.9750000000000014,-50.725,0.0
3.025000000000002,-50.725,0.0
3.275000000000002,-50.725,0.0
3.325000000000003,-50.725,0.0
3.3750000000000036,-50.725,0.0
3.4250000000000007,-50.725,0.0
5.075000000000003,-50.725,0.0
5.1250000000000036,-50.725,0.0
5.225000000000001,-50.725,0.0
5.275000000000002,-50.725,0.0
0.27500000000000213,-50.775000000000006,0.0
0.32500000000000284,-50.775000000000006,0.0
1.0750000000000028,-50.775000000000006,0.0
1.375,-50.775000000000006,0.0
2.6750000000000007,-50.775000000000006,0.0
2.7250000000000014,-50.775000000000006,0.0
2.825000000000003,-50.775000000000006,0.0
2.8750000000000036,-50.775000000000006,0.0
3.275000000000002,-50.775000000000006,0.0
3.325000000000003,-50.775000000000006,0.0
3.3750000000000036,-50.775000000000006,0.0
3.4250000000000007,-50.775000000000006,0.0
3.4750000000000014,-50.775000000000006,0.0
5.075000000000003,-50.775000000000006,0.0
5.1250000000000036,-50.775000000000006,0.0
0.27500000000000213,-50.825,0.0
0.32500000000000284,-50.825,0.0
0.4750000000000014,-50.825,0.0
0.5250000000000021,-50.825,0.0
0.5750000000000028,-50.825,0.0
0.625,-50.825,0.0
0.6750000000000007,-50.825,0.0
0.7250000000000014,-50.825,0.0
1.0250000000000021,-50.825,0.0
2.825000000000003,-50.825,0.0
2.8750000000000036,-50.825,0.0
3.2250000000000014,-50.825,0.0
3.275000000000002,-50.825,0.0
3.325000000000003,-50.825,0.0
3.3750000000000036,-50.825,0.0
3.4250000000000007,-50.825,0.0
3.4750000000000014,-50.825,0.0
3.525000000000002,-50.825,0.0
5.075000000000003,-50.825,0.0
5.1250000000000036,-50.825,0.0
0.27500000000000213,-50.875,0.0
0.32500000000000284,-50.875,0.0
0.375,-50.875,0.0
0.4250000000000007,-50.875,0.0
0.4750000000000014,-50.875,0.0
0.5250000000000021,-50.875,0.0
0.5750000000000028,-50.875,0.0
0.625,-50.875,0.0
0.6750000000000007,-50.875,0.0
0.7250000000000014,-50.875,0.0
1.375,-50.875,0.0
2.8750000000000036,-50.875,0.0
3.325000000000003,-50.875,0.0
3.3750000000000036,-50.875,0.0
5.075000000000003,-50.875,0.0
5.1250000000000036,-50.875,0.0
0.6750000000000007,-50.925000000000004,0.0
0.7250000000000014,-50.925000000000004,0.0
1.3250000000000028,-50.925000000000004,0.0
3.3750000000000036,-50.925000000000004,0.0
4.925000000000001,-50.925000000000004,0.0
5.075000000000003,-50.925000000000004,0.0
5.1250000000000036,-50.925000000000004,0.0
5.175000000000001,-50.925000000000004,0.0
0.6750000000000007,-50.975,0.0
0.7250000000000014,-50.975,0.0
1.2750000000000021,-50.975,0.0
1.3250000000000028,-50.975,0.0
3.3750000000000036,-50.975,0.0
4.8750000000000036,-50.975,0.0
4.925000000000001,-50.975,0.0
4.975000000000001,-50.975,0.0
5.1250000000000036,-50.975,0.0
5.175000000000001,-50.975,0.0
0.625,-51.025000000000006,0.0
0.6750000000000007,-51.025000000000006,0.0
0.7250000000000014,-51.025000000000006,0.0
1.2250000000000014,-51.025000000000006,0.0
1.2750000000000021,-51.025000000000006,0.0
1.3250000000000028,-51.025000000000006,0.0
4.8750000000000036,-51.025000000000006,0.0
4.925000000000001,-51.025000000000006,0.0
4.975000000000001,-51.025000000000006,0.0
5.1250000000000036,-51.025000000000006,0.0
5.175000000000001,-51.025000000000006,0.0
0.625,-51.075,0.0
0.6750000000000007,-51.075,0.0
0.7250000000000014,-51.075,0.0
1.125,-51.075,0.0
1.2750000000000021,-51.075,0.0
4.925000000000001,-51.075,0.0
4.975000000000001,-51.075,0.0
5.1250000000000036,-51.075,0.0
5.175000000000001,-51.075,0.0
0.625,-51.125,0.0
0.6750000000000007,-51.125,0.0
0.7250000000000014,-51.125,0.0
0.7750000000000021,-51.125,0.0
1.125,-51.125,0.0
4.925000000000001,-51.125,0.0
4.975000000000001,-51.125,0.0
5.1250000000000036,-51.125,0.0
5.175000000000001,-51.125,0.0
0.6750000000000007,-51.175000000000004,0.0
0.7250000000000014,-51.175000000000004,0.0
0.7750000000000021,-51.175000000000004,0.0
0.9750000000000014,-51.175000000000004,0.0
1.125,-51.175000000000004,0.0
1.1750000000000007,-51.175000000000004,0.0
1.2250000000000014,-51.175000000000004,0.0
1.2750000000000021,-51.175000000000004,0.0
4.925000000000001,-51.175000000000004,0.0
4.975000000000001,-51.175000000000004,0.0
5.1250000000000036,-51.175000000000004,0.0
5.175000000000001,-51.175000000000004,0.0
0.6750000000000007,-51.225,0.0
0.7250000000000014,-51.225,0.0
0.7750000000000021,-51.225,0.0
1.0250000000000021,-51.225,0.0
1.0750000000000028,-51.225,0.0
1.125,-51.225,0.0
1.1750000000000007,-51.225,0.0
4.8750000000000036,-51.225,0.0
4.925000000000001,-51.225,0.0
4.975000000000001,-51.225,0.0
5.175000000000001,-51.225,0.0
0.6750000000000007,-51.275000000000006,0.0
0.7250000000000014,-51.275000000000006,0.0
0.7750000000000021,-51.275000000000006,0.0
1.125,-51.275000000000006,0.0
1.1750000000000007,-51.275000000000006,0.0
1.375,-51.275000000000006,0.0
1.4250000000000007,-51.275000000000006,0.0
4.8750000000000036,-51.275000000000006,0.0
4.925000000000001,-51.275000000000006,0.0
5.175000000000001,-51.275000000000006,0.0
5.225000000000001,-51.275000000000006,0.0
0.6750000000000007,-51.325,0.0
0.7250000000000014,-51.325,0.0
0.7750000000000021,-51.325,0.0
1.0750000000000028,-51.325,0.0
1.2250000000000014,-51.325,0.0
1.2750000000000021,-51.325,0.0
4.8750000000000036,-51.325,0.0
4.925000000000001,-51.325,0.0
5.175000000000001,-51.325,0.0
5.225000000000001,-51.325,0.0
0.6750000000000007,-51.375,0.0
0.7250000000000014,-51.375,0.0
0.7750000000000021,-51.375,0.0
4.8750000000000036,-51.375,0.0
4.925000000000001,-51.375,0.0
5.175000000000001,-51.375,0.0
5.225000000000001,-51.375,0.0
0.6750000000000007,-51.425000000000004,0.0
0.7250000000000014,-51.425000000000004,0.0
0.7750000000000021,-51.425000000000004,0.0
4.8750000000000036,-51.425000000000004,0.0
4.925000000000001,-51.425000000000004,0.0
5.225000000000001,-51.425000000000004,0.0
5.275000000000002,-51.425000000000004,0.0
0.6750000000000007,-51.475,0.0
0.7250000000000014,-51.475,0.0
0.7750000000000021,-51.475,0.0
4.8750000000000036,-51.475,0.0
4.925000000000001,-51.475,0.0
5.225000000000001,-51.475,0.0
5.275000000000002,-51.475,0.0
0.6750000000000007,-51.525000000000006,0.0
0.7250000000000014,-51.525000000000006,0.0
0.7750000000000021,-51.525000000000006,0.0
4.8750000000000036,-51.525000000000006,0.0
4.925000000000001,-51.525000000000006,0.0
5.225000000000001,-51.525000000000006,0.0
5.275000000000002,-51.525000000000006,0.0
0.7250000000000014,-51.575,0.0
0.7750000000000021,-51.575,0.0
4.8750000000000036,-51.575,0.0
4.925000000000001,-51.575,0.0
5.225000000000001,-51.575,0.0
5.275000000000002,-51.575,0.0
0.7250000000000014,-51.625,0.0
0.7750000000000021,-51.625,0.0
4.8750000000000036,-51.625,0.0
4.925000000000001,-51.625,0.0
5.275000000000002,-51.625,0.0
5.325000000000003,-51.625,0.0
0.7250000000000014,-51.675000000000004,0.0
0.7750000000000021,-51.675000000000004,0.0
4.8750000000000036,-51.675000000000004,0.0
4.925000000000001,-51.675000000000004,0.0
5.275000000000002,-51.675000000000004,0.0
5.325000000000003,-51.675000000000004,0.0
0.7250000000000014,-51.725,0.0
0.7750000000000021,-51.725,0.0
4.8750000000000036,-51.725,0.0
4.925000000000001,-51.725,0.0
5.275000000000002,-51.725,0.0
5.325000000000003,-51.725,0.0
5.6250000000000036,-51.725,0.0
5.675000000000001,-51.725,0.0
5.725000000000001,-51.725,0.0
5.775000000000002,-51.725,0.0
0.7250000000000014,-51.775000000000006,0.0
0.7750000000000021,-51.775000000000006,0.0
0.8250000000000028,-51.775000000000006,0.0
4.8750000000000036,-51.775000000000006,0.0
4.925000000000001,-51.775000000000006,0.0
4.975000000000001,-51.775000000000006,0.0
5.275000000000002,-51.775000000000006,0.0
5.325000000000003,-51.775000000000006,0.0
5.425000000000001,-51.775000000000006,0.0
5.475000000000001,-51.775000000000006,0.0
5.525000000000002,-51.775000000000006,0.0
5.575000000000003,-51.775000000000006,0.0
5.6250000000000036,-51.775000000000006,0.0
5.675000000000001,-51.775000000000006,0.0
5.725000000000001,-51.775000000000006,0.0
5.775000000000002,-51.775000000000006,0.0
0.7250000000000014,-51.825,0.0
0.7750000000000021,-51.825,0.0
0.8250000000000028,-51.825,0.0
4.8750000000000036,-51.825,0.0
4.925000000000001,-51.825,0.0
4.975000000000001,-51.825,0.0
5.325000000000003,-51.825,0.0
5.3750000000000036,-51.825,0.0
5.425000000000001,-51.825,0.0
5.475000000000001,-51.825,0.0
5.775000000000002,-51.825,0.0
0.7250000000000014,-51.875,0.0
0.7750000000000021,-51.875,0.0
0.8250000000000028,-51.875,0.0
4.8750000000000036,-51.875,0.0
4.925000000000001,-51.875,0.0
4.975000000000001,-51.875,0.0
5.775000000000002,-51.875,0.0
0.7250000000000014,-51.925000000000004,0.0
0.7750000000000021,-51.925000000000004,0.0
0.8250000000000028,-51.925000000000004,0.0
4.8750000000000036,-51.925000000000004,0.0
4.925000000000001,-51.925000000000004,0.0
4.975000000000001,-51.925000000000004,0.0
5.775000000000002,-51.925000000000004,0.0
5.825000000000003,-51.925000000000004,0.0
0.5750000000000028,-51.975,0.0
0.625,-51.975,0.0
0.6750000000000007,-51.975,0.0
0.7250000000000014,-51.975,0.0
0.7750000000000021,-51.975,0.0
0.8250000000000028,-51.975,0.0
4.925000000000001,-51.975,0.0
4.975000000000001,-51.975,0.0
5.825000000000003,-51.975,0.0
5.8750000000000036,-51.975,0.0
0.4250000000000007,-52.025000000000006,0.0
0.5250000000000021,-52.025000000000006,0.0
0.5750000000000028,-52.025000000000006,0.0
0.625,-52.025000000000006,0.0
0.6750000000000007,-52.025000000000006,0.0
0.7250000000000014,-52.025000000000006,0.0
0.7750000000000021,-52.025000000000006,0.0
0.8250000000000028,-52.025000000000006,0.0
4.925000000000001,-52.025000000000006,0.0
5.825000000000003,-52.025000000000006,0.0
5.8750000000000036,-52.025000000000006,0.0
0.4250000000000007,-52.075,0.0
0.4750000000000014,-52.075,0.0
0.5250000000000021,-52.075,0.0
0.5750000000000028,-52.075,0.0
0.625,-52.075,0.0
0.6750000000000007,-52.075,0.0
5.8750000000000036,-52.075,0.0
0.4750000000000014,-52.125,0.0
0.5250000000000021,-52.125,0.0
0.5750000000000028,-52.125,0.0
0.625,-52.125,0.0
0.6750000000000007,-52.125,0.0
5.8750000000000036,-52.125,0.0
0.5750000000000028,-52.175000000000004,0.0
0.625,-52.175000000000004,0.0
0.6750000000000007,-52.175000000000004,0.0
0.7250000000000014,-52.175000000000004,0.0
5.8750000000000036,-52.175000000000004,0.0
5.925000000000001,-52.175000000000004,0.0
0.4250000000000007,-52.225,0.0
0.5750000000000028,-52.225,0.0
0.625,-52.225,0.0
0.6750000000000007,-52.225,0.0
0.7250000000000014,-52.225,0.0
2.4750000000000014,-52.225,0.0
5.425000000000001,-52.225,0.0
5.8750000000000036,-52.225,0.0
5.925000000000001,-52.225,0.0
0.4250000000000007,-52.275000000000006,0.0
0.5250000000000021,-52.275000000000006,0.0
0.5750000000000028,-52.275000000000006,0.0
0.625,-52.275000000000006,0.0
0.6750000000000007,-52.275000000000006,0.0
2.275000000000002,-52.275000000000006,0.0
2.4250000000000007,-52.275000000000006,0.0
2.4750000000000014,-52.275000000000006,0.0
5.425000000000001,-52.275000000000006,0.0
5.475000000000001,-52.275000000000006,0.0
5.6250000000000036,-52.275000000000006,0.0
5.8750000000000036,-52.275000000000006,0.0
5.925000000000001,-52.275000000000006,0.0
0.4250000000000007,-52.325,0.0
0.5750000000000028,-52.325,0.0
0.625,-52.325,0.0
0.6750000000000007,-52.325,0.0
2.275000000000002,-52.325,0.0
2.325000000000003,-52.325,0.0
2.375,-52.325,0.0
2.4250000000000007,-52.325,0.0
2.4750000000000014,-52.325,0.0
3.825000000000003,-52.325,0.0
3.8750000000000036,-52.325,0.0
5.475000000000001,-52.325,0.0
5.525000000000002,-52.325,0.0
5.575000000000003,-52.325,0.0
5.925000000000001,-52.325,0.0
0.4250000000000007,-52.375,0.0
1.0250000000000021,-52.375,0.0
2.325000000000003,-52.375,0.0
2.375,-52.375,0.0
2.4250000000000007,-52.375,0.0
2.4750000000000014,-52.375,0.0
2.525000000000002,-52.375,0.0
2.575000000000003,-52.375,0.0
3.825000000000003,-52.375,0.0
3.8750000000000036,-52.375,0.0
4.025000000000002,-52.375,0.0
4.075000000000003,-52.375,0.0
5.475000000000001,-52.375,0.0
5.525000000000002,-52.375,0.0
5.925000000000001,-52.375,0.0
5.975000000000001,-52.375,0.0
0.375,-52.425000000000004,0.0
0.4250000000000007,-52.425000000000004,0.0
2.325000000000003,-52.425000000000004,0.0
2.375,-52.425000000000004,0.0
2.4250000000000007,-52.425000000000004,0.0
2.4750000000000014,-52.425000000000004,0.0
2.525000000000002,-52.425000000000004,0.0
3.825000000000003,-52.425000000000004,0.0
3.8750000000000036,-52.425000000000004,0.0
3.9250000000000007,-52.425000000000004,0.0
3.9750000000000014,-52.425000000000004,0.0
4.025000000000002,-52.425000000000004,0.0
5.3750000000000036,-52.425000000000004,0.0
5.425000000000001,-52.425000000000004,0.0
5.475000000000001,-52.425000000000004,0.0
5.525000000000002,-52.425000000000004,0.0
5.925000000000001,-52.425000000000004,0.0
5.975000000000001,-52.425000000000004,0.0
0.4250000000000007,-52.475,0.0
0.4750000000000014,-52.475,0.0
0.9750000000000014,-52.475,0.0
2.275000000000002,-52.475,0.0
2.325000000000003,-52.475,0.0
2.375,-52.475,0.0
2.4250000000000007,-52.475,0.0
2.4750000000000014,-52.475,0.0
3.6750000000000007,-52.475,0.0
3.7250000000000014,-52.475,0.0
3.775000000000002,-52.475,0.0
3.825000000000003,-52.475,0.0
3.8750000000000036,-52.475,0.0
3.9250000000000007,-52.475,0.0
3.9750000000000014,-52.475,0.0
5.325000000000003,-52.475,0.0
5.3750000000000036,-52.475,0.0
5.525000000000002,-52.475,0.0
5.575000000000003,-52.475,0.0
5.825000000000003,-52.475,0.0
5.8750000000000036,-52.475,0.0
5.925000000000001,-52.475,0.0
5.975000000000001,-52.475,0.0
0.4250000000000007,-52.525000000000006,0.0
0.4750000000000014,-52.525000000000006,0.0
2.275000000000002,-52.525000000000006,0.0
2.4250000000000007,-52.525000000000006,0.0
2.4750000000000014,-52.525000000000006,0.0
3.825000000000003,-52.525000000000006,0.0
3.8750000000000036,-52.525000000000006,0.0
3.9250000000000007,-52.525000000000006,0.0
3.9750000000000014,-52.525000000000006,0.0
5.525000000000002,-52.525000000000006,0.0
5.575000000000003,-52.525000000000006,0.0
5.825000000000003,-52.525000000000006,0.0
5.925000000000001,-52.525000000000006,0.0
5.975000000000001,-52.525000000000006,0.0
0.4250000000000007,-52.575,0.0
0.4750000000000014,-52.575,0.0
0.7250000000000014,-52.575,0.0
2.4750000000000014,-52.575,0.0
3.825000000000003,-52.575,0.0
3.8750000000000036,-52.575,0.0
3.9750000000000014,-52.575,0.0
4.025000000000002,-52.575,0.0
5.525000000000002,-52.575,0.0
5.575000000000003,-52.575,0.0
5.975000000000001,-52.575,0.0
6.025000000000002,-52.575,0.0
0.4250000000000007,-52.625,0.0
0.4750000000000014,-52.625,0.0
0.7250000000000014,-52.625,0.0
2.4750000000000014,-52.625,0.0
3.825000000000003,-52.625,0.0
5.975000000000001,-52.625,0.0
6.025000000000002,-52.625,0.0
6.075000000000003,-52.625,0.0
0.4250000000000007,-52.675000000000004,0.0
0.4750000000000014,-52.675000000000004,0.0
0.7250000000000014,-52.675000000000004,0.0
0.7750000000000021,-52.675000000000004,0.0
3.3750000000000036,-52.675000000000004,0.0
3.4250000000000007,-52.675000000000004,0.0
3.4750000000000014,-52.675000000000004,0.0
3.525000000000002,-52.675000000000004,0.0
3.825000000000003,-52.675000000000004,0.0
6.025000000000002,-52.675000000000004,0.0
6.075000000000003,-52.675000000000004,0.0
0.4250000000000007,-52.725,0.0
0.4750000000000014,-52.725,0.0
0.6750000000000007,-52.725,0.0
0.7250000000000014,-52.725,0.0
0.7750000000000021,-52.725,0.0
3.1750000000000007,-52.725,0.0
3.2250000000000014,-52.725,0.0
3.275000000000002,-52.725,0.0
3.325000000000003,-52.725,0.0
3.3750000000000036,-52.725,0.0
3.4250000000000007,-52.725,0.0
3.4750000000000014,-52.725,0.0
3.525000000000002,-52.725,0.0
3.575000000000003,-52.725,0.0
6.025000000000002,-52.725,0.0
6.075000000000003,-52.725,0.0
0.4250000000000007,-52.775000000000006,0.0
0.4750000000000014,-52.775000000000006,0.0
0.5250000000000021,-52.775000000000006,0.0
0.6750000000000007,-52.775000000000006,0.0
0.7250000000000014,-52.775000000000006,0.0
0.7750000000000021,-52.775000000000006,0.0
1.7750000000000021,-52.775000000000006,0.0
3.1750000000000007,-52.775000000000006,0.0
3.2250000000000014,-52.775000000000006,0.0
3.275000000000002,-52.775000000000006,0.0
3.325000000000003,-52.775000000000006,0.0
3.3750000000000036,-52.775000000000006,0.0
3.4250000000000007,-52.775000000000006,0.0
3.4750000000000014,-52.775000000000006,0.0
3.525000000000002,-52.775000000000006,0.0
3.575000000000003,-52.775000000000006,0.0
6.025000000000002,-52.775000000000006,0.0
6.075000000000003,-52.775000000000006,0.0
0.4250000000000007,-52.825,0.0
0.4750000000000014,-52.825,0.0
0.5250000000000021,-52.825,0.0
0.7250000000000014,-52.825,0.0
0.7750000000000021,-52.825,0.0
1.7250000000000014,-52.825,0.0
1.7750000000000021,-52.825,0.0
1.8250000000000028,-52.825,0.0
3.1750000000000007,-52.825,0.0
3.2250000000000014,-52.825,0.0
3.275000000000002,-52.825,0.0
3.575000000000003,-52.825,0.0
3.6250000000000036,-52.825,0.0
4.175000000000001,-52.825,0.0
4.525000000000002,-52.825,0.0
4.575000000000003,-52.825,0.0
4.6250000000000036,-52.825,0.0
4.675000000000001,-52.825,0.0
4.725000000000001,-52.825,0.0
4.775000000000002,-52.825,0.0
4.825000000000003,-52.825,0.0
4.8750000000000036,-52.825,0.0
4.925000000000001,-52.825,0.0
4.975000000000001,-52.825,0.0
6.025000000000002,-52.825,0.0
6.075000000000003,-52.825,0.0
6.1250000000000036,-52.825,0.0
0.4750000000000014,-52.875,0.0
0.5250000000000021,-52.875,0.0
0.6750000000000007,-52.875,0.0
0.7250000000000014,-52.875,0.0
0.7750000000000021,-52.875,0.0
1.7750000000000021,-52.875,0.0
3.1750000000000007,-52.875,0.0
3.2250000000000014,-52.875,0.0
3.275000000000002,-52.875,0.0
3.525000000000002,-52.875,0.0
3.575000000000003,-52.875,0.0
3.6250000000000036,-52.875,0.0
4.1250000000000036,-52.875,0.0
4.175000000000001,-52.875,0.0
4.225000000000001,-52.875,0.0
4.525000000000002,-52.875,0.0
4.575000000000003,-52.875,0.0
4.6250000000000036,-52.875,0.0
4.675000000000001,-52.875,0.0
4.725000000000001,-52.875,0.0
4.775000000000002,-52.875,0.0
4.825000000000003,-52.875,0.0
4.8750000000000036,-52.875,0.0
4.925000000000001,-52.875,0.0
4.975000000000001,-52.875,0.0
6.075000000000003,-52.875,0.0
6.1250000000000036,-52.875,0.0
0.4750000000000014,-52.925000000000004,0.0
0.5250000000000021,-52.925000000000004,0.0
0.6750000000000007,-52.925000000000004,0.0
0.7250000000000014,-52.925000000000004,0.0
0.7750000000000021,-52.925000000000004,0.0
3.1750000000000007,-52.925000000000004,0.0
3.2250000000000014,-52.925000000000004,0.0
3.275000000000002,-52.925000000000004,0.0
3.525000000000002,-52.925000000000004,0.0
3.575000000000003,-52.925000000000004,0.0
3.6250000000000036,-52.925000000000004,0.0
3.6750000000000007,-52.925000000000004,0.0
3.7250000000000014,-52.925000000000004,0.0
4.1250000000000036,-52.925000000000004,0.0
4.225000000000001,-52.925000000000004,0.0
4.575000000000003,-52.925000000000004,0.0
4.725000000000001,-52.925000000000004,0.0
4.775000000000002,-52.925000000000004,0.0
4.8750000000000036,-52.925000000000004,0.0
6.075000000000003,-52.925000000000004,0.0
6.1250000000000036,-52.925000000000004,0.0
0.6750000000000007,-52.975,0.0
0.7250000000000014,-52.975,0.0
3.1250000000000036,-52.975,0.0
3.1750000000000007,-52.975,0.0
3.2250000000000014,-52.975,0.0
3.525000000000002,-52.975,0.0
3.575000000000003,-52.975,0.0
3.6250000000000036,-52.975,0.0
3.7250000000000014,-52.975,0.0
3.775000000000002,-52.975,0.0
4.575000000000003,-52.975,0.0
4.6250000000000036,-52.975,0.0
6.075000000000003,-52.975,0.0
6.1250000000000036,-52.975,0.0
0.6750000000000007,-53.025000000000006,0.0
0.7250000000000014,-53.025000000000006,0.0
2.4250000000000007,-53.025000000000006,0.0
2.4750000000000014,-53.025000000000006,0.0
2.525000000000002,-53.025000000000006,0.0
2.575000000000003,-53.025000000000006,0.0
2.6250000000000036,-53.025000000000006,0.0
2.6750000000000007,-53.025000000000006,0.0
2.7250000000000014,-53.025000000000006,0.0
2.775000000000002,-53.025000000000006,0.0
2.825000000000003,-53.025000000000006,0.0
3.1250000000000036,-53.025000000000006,0.0
3.1750000000000007,-53.025000000000006,0.0
3.2250000000000014,-53.025000000000006,0.0
3.575000000000003,-53.025000000000006,0.0
3.6250000000000036,-53.025000000000006,0.0
4.575000000000003,-53.025000000000006,0.0
6.1250000000000036,-53.025000000000006,0.0
0.6750000000000007,-53.075,0.0
0.7250000000000014,-53.075,0.0
2.275000000000002,-53.075,0.0
2.325000000000003,-53.075,0.0
2.375,-53.075,0.0
2.4250000000000007,-53.075,0.0
2.4750000000000014,-53.075,0.0
2.525000000000002,-53.075,0.0
2.575000000000003,-53.075,0.0
2.6250000000000036,-53.075,0.0
2.6750000000000007,-53.075,0.0
2.7250000000000014,-53.075,0.0
2.775000000000002,-53.075,0.0
2.825000000000003,-53.075,0.0
2.8750000000000036,-53.075,0.0
3.1750000000000007,-53.075,0.0
3.2250000000000014,-53.075,0.0
3.575000000000003,-53.075,0.0
3.6250000000000036,-53.075,0.0
4.575000000000003,-53.075,0.0
5.8750000000000036,-53.075,0.0
5.925000000000001,-53.075,0.0
5.975000000000001,-53.075,0.0
6.1250000000000036,-53.075,0.0
0.6750000000000007,-53.125,0.0
0.7250000000000014,-53.125,0.0
2.275000000000002,-53.125,0.0
2.325000000000003,-53.125,0.0
2.375,-53.125,0.0
2.4250000000000007,-53.125,0.0
2.4750000000000014,-53.125,0.0
2.525000000000002,-53.125,0.0
2.825000000000003,-53.125,0.0
2.8750000000000036,-53.125,0.0
3.1750000000000007,-53.125,0.0
3.2250000000000014,-53.125,0.0
3.575000000000003,-53.125,0.0
3.6250000000000036,-53.125,0.0
4.575000000000003,-53.125,0.0
4.6250000000000036,-53.125,0.0
5.675000000000001,-53.125,0.0
5.725000000000001,-53.125,0.0
5.775000000000002,-53.125,0.0
5.825000000000003,-53.125,0.0
5.8750000000000036,-53.125,0.0
5.925000000000001,-53.125,0.0
5.975000000000001,-53.125,0.0
6.075000000000003,-53.125,0.0
6.1250000000000036,-53.125,0.0
0.6750000000000007,-53.175000000000004,0.0
0.7250000000000014,-53.175000000000004,0.0
2.275000000000002,-53.175000000000004,0.0
2.325000000000003,-53.175000000000004,0.0
2.375,-53.175000000000004,0.0
2.4250000000000007,-53.175000000000004,0.0
2.4750000000000014,-53.175000000000004,0.0
2.825000000000003,-53.175000000000004,0.0
2.8750000000000036,-53.175000000000004,0.0
3.1750000000000007,-53.175000000000004,0.0
3.2250000000000014,-53.175000000000004,0.0
3.575000000000003,-53.175000000000004,0.0
3.6250000000000036,-53.175000000000004,0.0
3.6750000000000007,-53.175000000000004,0.0
4.575000000000003,-53.175000000000004,0.0
4.6250000000000036,-53.175000000000004,0.0
5.225000000000001,-53.175000000000004,0.0
5.275000000000002,-53.175000000000004,0.0
5.325000000000003,-53.175000000000004,0.0
5.3750000000000036,-53.175000000000004,0.0
5.425000000000001,-53.175000000000004,0.0
5.475000000000001,-53.175000000000004,0.0
5.525000000000002,-53.175000000000004,0.0
5.575000000000003,-53.175000000000004,0.0
5.6250000000000036,-53.175000000000004,0.0
5.675000000000001,-53.175000000000004,0.0
5.725000000000001,-53.175000000000004,0.0
5.775000000000002,-53.175000000000004,0.0
5.825000000000003,-53.175000000000004,0.0
5.8750000000000036,-53.175000000000004,0.0
5.925000000000001,-53.175000000000004,0.0
5.975000000000001,-53.175000000000004,0.0
6.025000000000002,-53.175000000000004,0.0
6.075000000000003,-53.175000000000004,0.0
6.1250000000000036,-53.175000000000004,0.0
0.6750000000000007,-53.225,0.0
0.7250000000000014,-53.225,0.0
2.2250000000000014,-53.225,0.0
2.275000000000002,-53.225,0.0
2.325000000000003,-53.225,0.0
2.825000000000003,-53.225,0.0
2.8750000000000036,-53.225,0.0
3.2250000000000014,-53.225,0.0
3.6250000000000036,-53.225,0.0
4.525000000000002,-53.225,0.0
4.575000000000003,-53.225,0.0
4.6250000000000036,-53.225,0.0
5.075000000000003,-53.225,0.0
5.1250000000000036,-53.225,0.0
5.175000000000001,-53.225,0.0
5.225000000000001,-53.225,0.0
5.275000000000002,-53.225,0.0
5.325000000000003,-53.225,0.0
5.3750000000000036,-53.225,0.0
5.425000000000001,-53.225,0.0
5.475000000000001,-53.225,0.0
5.525000000000002,-53.225,0.0
5.575000000000003,-53.225,0.0
5.6250000000000036,-53.225,0.0
5.675000000000001,-53.225,0.0
5.725000000000001,-53.225,0.0
5.775000000000002,-53.225,0.0
5.825000000000003,-53.225,0.0
5.8750000000000036,-53.225,0.0
5.975000000000001,-53.225,0.0
6.025000000000002,-53.225,0.0
0.6750000000000007,-53.275000000000006,0.0
0.7250000000000014,-53.275000000000006,0.0
2.275000000000002,-53.275000000000006,0.0
2.325000000000003,-53.275000000000006,0.0
2.825000000000003,-53.275000000000006,0.0
2.8750000000000036,-53.275000000000006,0.0
3.1750000000000007,-53.275000000000006,0.0
3.2250000000000014,-53.275000000000006,0.0
3.6250000000000036,-53.275000000000006,0.0
3.6750000000000007,-53.275000000000006,0.0
3.8750000000000036,-53.275000000000006,0.0
3.9250000000000007,-53.275000000000006,0.0
3.9750000000000014,-53.275000000000006,0.0
4.025000000000002,-53.275000000000006,0.0
4.075000000000003,-53.275000000000006,0.0
4.1250000000000036,-53.275000000000006,0.0
4.175000000000001,-53.275000000000006,0.0
4.225000000000001,-53.275000000000006,0.0
4.275000000000002,-53.275000000000006,0.0
4.325000000000003,-53.275000000000006,0.0
4.3750000000000036,-53.275000000000006,0.0
4.425000000000001,-53.275000000000006,0.0
4.475000000000001,-53.275000000000006,0.0
4.525000000000002,-53.275000000000006,0.0
4.575000000000003,-53.275000000000006,0.0
5.1250000000000036,-53.275000000000006,0.0
5.175000000000001,-53.275000000000006,0.0
5.325000000000003,-53.275000000000006,0.0
5.3750000000000036,-53.275000000000006,0.0
5.425000000000001,-53.275000000000006,0.0
5.525000000000002,-53.275000000000006,0.0
5.575000000000003,-53.275000000000006,0.0
5.6250000000000036,-53.275000000000006,0.0
5.725000000000001,-53.275000000000006,0.0
5.825000000000003,-53.275000000000006,0.0
5.975000000000001,-53.275000000000006,0.0
0.6750000000000007,-53.325,0.0
0.7250000000000014,-53.325,0.0
2.325000000000003,-53.325,0.0
2.825000000000003,-53.325,0.0
2.8750000000000036,-53.325,0.0
3.1250000000000036,-53.325,0.0
3.1750000000000007,-53.325,0.0
3.2250000000000014,-53.325,0.0
3.6250000000000036,-53.325,0.0
3.6750000000000007,-53.325,0.0
3.7250000000000014,-53.325,0.0
3.775000000000002,-53.325,0.0
3.825000000000003,-53.325,0.0
3.8750000000000036,-53.325,0.0
3.9250000000000007,-53.325,0.0
3.9750000000000014,-53.325,0.0
4.025000000000002,-53.325,0.0
4.075000000000003,-53.325,0.0
4.1250000000000036,-53.325,0.0
4.175000000000001,-53.325,0.0
4.225000000000001,-53.325,0.0
4.275000000000002,-53.325,0.0
4.325000000000003,-53.325,0.0
4.3750000000000036,-53.325,0.0
4.425000000000001,-53.325,0.0
4.475000000000001,-53.325,0.0
4.525000000000002,-53.325,0.0
4.575000000000003,-53.325,0.0
5.475000000000001,-53.325,0.0
0.6750000000000007,-53.375,0.0
0.7250000000000014,-53.375,0.0
2.325000000000003,-53.375,0.0
2.375,-53.375,0.0
2.825000000000003,-53.375,0.0
2.8750000000000036,-53.375,0.0
2.9250000000000007,-53.375,0.0
2.9750000000000014,-53.375,0.0
3.025000000000002,-53.375,0.0
3.075000000000003,-53.375,0.0
3.1250000000000036,-53.375,0.0
3.1750000000000007,-53.375,0.0
3.7250000000000014,-53.375,0.0
3.825000000000003,-53.375,0.0
3.8750000000000036,-53.375,0.0
3.9250000000000007,-53.375,0.0
3.9750000000000014,-53.375,0.0
4.025000000000002,-53.375,0.0
4.075000000000003,-53.375,0.0
4.1250000000000036,-53.375,0.0
4.175000000000001,-53.375,0.0
0.6750000000000007,-53.425000000000004,0.0
0.7250000000000014,-53.425000000000004,0.0
1.8250000000000028,-53.425000000000004,0.0
1.875,-53.425000000000004,0.0
2.2250000000000014,-53.425000000000004,0.0
2.275000000000002,-53.425000000000004,0.0
2.325000000000003,-53.425000000000004,0.0
2.375,-53.425000000000004,0.0
2.825000000000003,-53.425000000000004,0.0
2.8750000000000036,-53.425000000000004,0.0
2.9250000000000007,-53.425000000000004,0.0
2.9750000000000014,-53.425000000000004,0.0
3.025000000000002,-53.425000000000004,0.0
3.075000000000003,-53.425000000000004,0.0
3.1250000000000036,-53.425000000000004,0.0
3.6750000000000007,-53.425000000000004,0.0
3.9250000000000007,-53.425000000000004,0.0
3.9750000000000014,-53.425000000000004,0.0
0.6750000000000007,-53.475,0.0
0.7250000000000014,-53.475,0.0
1.625,-53.475,0.0
1.6750000000000007,-53.475,0.0
1.7250000000000014,-53.475,0.0
1.7750000000000021,-53.475,0.0
1.8250000000000028,-53.475,0.0
1.875,-53.475,0.0
1.9250000000000007,-53.475,0.0
1.9750000000000014,-53.475,0.0
2.025000000000002,-53.475,0.0
2.075000000000003,-53.475,0.0
2.125,-53.475,0.0
2.1750000000000007,-53.475,0.0
2.2250000000000014,-53.475,0.0
2.275000000000002,-53.475,0.0
2.325000000000003,-53.475,0.0
2.4750000000000014,-53.475,0.0
2.525000000000002,-53.475,0.0
2.575000000000003,-53.475,0.0
2.6250000000000036,-53.475,0.0
2.6750000000000007,-53.475,0.0
2.7250000000000014,-53.475,0.0
2.775000000000002,-53.475,0.0
2.825000000000003,-53.475,0.0
2.8750000000000036,-53.475,0.0
2.9250000000000007,-53.475,0.0
2.9750000000000014,-53.475,0.0
3.025000000000002,-53.475,0.0
3.075000000000003,-53.475,0.0
3.1250000000000036,-53.475,0.0
3.1750000000000007,-53.475,0.0
3.2250000000000014,-53.475,0.0
3.275000000000002,-53.475,0.0
3.325000000000003,-53.475,0.0
3.3750000000000036,-53.475,0.0
3.4250000000000007,-53.475,0.0
3.4750000000000014,-53.475,0.0
3.525000000000002,-53.475,0.0
3.575000000000003,-53.475,0.0
3.6250000000000036,-53.475,0.0
3.6750000000000007,-53.475,0.0
3.775000000000002,-53.475,0.0
3.9750000000000014,-53.475,0.0
4.025000000000002,-53.475,0.0
4.225000000000001,-53.475,0.0
0.625,-53.525000000000006,0.0
0.6750000000000007,-53.525000000000006,0.0
0.7250000000000014,-53.525000000000006,0.0
1.5750000000000028,-53.525000000000006,0.0
1.625,-53.525000000000006,0.0
1.6750000000000007,-53.525000000000006,0.0
1.7250000000000014,-53.525000000000006,0.0
1.7750000000000021,-53.525000000000006,0.0
1.8250000000000028,-53.525000000000006,0.0
1.875,-53.525000000000006,0.0
1.9250000000000007,-53.525000000000006,0.0
1.9750000000000014,-53.525000000000006,0.0
2.025000000000002,-53.525000000000006,0.0
2.075000000000003,-53.525000000000006,0.0
2.125,-53.525000000000006,0.0
2.1750000000000007,-53.525000000000006,0.0
2.2250000000000014,-53.525000000000006,0.0
2.275000000000002,-53.525000000000006,0.0
2.325000000000003,-53.525000000000006,0.0
2.375,-53.525000000000006,0.0
2.4250000000000007,-53.525000000000006,0.0
2.4750000000000014,-53.525000000000006,0.0
2.525000000000002,-53.525000000000006,0.0
2.575000000000003,-53.525000000000006,0.0
2.6250000000000036,-53.525000000000006,0.0
2.6750000000000007,-53.525000000000006,0.0
2.7250000000000014,-53.525000000000006,0.0
2.775000000000002,-53.525000000000006,0.0
2.825000000000003,-53.525000000000006,0.0
2.8750000000000036,-53.525000000000006,0.0
2.9250000000000007,-53.525000000000006,0.0
2.9750000000000014,-53.525000000000006,0.0
3.025000000000002,-53.525000000000006,0.0
3.075000000000003,-53.525000000000006,0.0
3.1250000000000036,-53.525000000000006,0.0
3.6750000000000007,-53.525000000000006,0.0
-0.07499999999999929,-53.575,0.0
-0.02499999999999858,-53.575,0.0
0.02500000000000213,-53.575,0.0
0.07500000000000284,-53.575,0.0
0.125,-53.575,0.0
0.1750000000000007,-53.575,0.0
0.22500000000000142,-53.575,0.0
0.625,-53.575,0.0
0.6750000000000007,-53.575,0.0
0.7250000000000014,-53.575,0.0
1.625,-53.575,0.0
1.6750000000000007,-53.575,0.0
1.7250000000000014,-53.575,0.0
1.7750000000000021,-53.575,0.0
1.8250000000000028,-53.575,0.0
1.875,-53.575,0.0
1.9250000000000007,-53.575,0.0
1.9750000000000014,-53.575,0.0
2.025000000000002,-53.575,0.0
2.075000000000003,-53.575,0.0
2.125,-53.575,0.0
2.1750000000000007,-53.575,0.0
2.2250000000000014,-53.575,0.0
2.275000000000002,-53.575,0.0
2.325000000000003,-53.575,0.0
2.4250000000000007,-53.575,0.0
2.4750000000000014,-53.575,0.0
-0.6749999999999972,-53.625,0.0
-0.625,-53.625,0.0
-0.5749999999999993,-53.625,0.0
-0.5249999999999986,-53.625,0.0
-0.47499999999999787,-53.625,0.0
-0.42499999999999716,-53.625,0.0
-0.375,-53.625,0.0
-0.3249999999999993,-53.625,0.0
-0.2749999999999986,-53.625,0.0
-0.22499999999999787,-53.625,0.0
-0.17499999999999716,-53.625,0.0
-0.125,-53.625,0.0
-0.07499999999999929,-53.625,0.0
-0.02499999999999858,-53.625,0.0
0.02500000000000213,-53.625,0.0
0.07500000000000284,-53.625,0.0
0.125,-53.625,0.0
0.1750000000000007,-53.625,0.0
0.22500000000000142,-53.625,0.0
0.27500000000000213,-53.625,0.0
0.32500000000000284,-53.625,0.0
0.375,-53.625,0.0
0.4250000000000007,-53.625,0.0
0.4750000000000014,-53.625,0.0
0.5250000000000021,-53.625,0.0
0.5750000000000028,-53.625,0.0
0.625,-53.625,0.0
0.6750000000000007,-53.625,0.0
0.7250000000000014,-53.625,0.0
1.625,-53.625,0.0
1.6750000000000007,-53.625,0.0
1.7250000000000014,-53.625,0.0
2.275000000000002,-53.625,0.0
2.325000000000003,-53.625,0.0
2.7250000000000014,-53.625,0.0
2.775000000000002,-53.625,0.0
2.825000000000003,-53.625,0.0
-0.7249999999999979,-53.675000000000004,0.0
-0.6749999999999972,-53.675000000000004,0.0
-0.625,-53.675000000000004,0.0
-0.5749999999999993,-53.675000000000004,0.0
-0.5249999999999986,-53.675000000000004,0.0
-0.47499999999999787,-53.675000000000004,0.0
-0.42499999999999716,-53.675000000000004,0.0
-0.375,-53.675000000000004,0.0
-0.3249999999999993,-53.675000000000004,0.0
-0.2749999999999986,-53.675000000000004,0.0
-0.22499999999999787,-53.675000000000004,0.0
0.22500000000000142,-53.675000000000004,0.0
0.27500000000000213,-53.675000000000004,0.0
0.32500000000000284,-53.675000000000004,0.0
0.375,-53.675000000000004,0.0
0.4250000000000007,-53.675000000000004,0.0
0.4750000000000014,-53.675000000000004,0.0
0.5250000000000021,-53.675000000000004,0.0
0.5750000000000028,-53.675000000000004,0.0
0.625,-53.675000000000004,0.0
0.6750000000000007,-53.675000000000004,0.0
0.7250000000000014,-53.675000000000004,0.0
2.325000000000003,-53.675000000000004,0.0
2.7250000000000014,-53.675000000000004,0.0
2.775000000000002,-53.675000000000004,0.0
-0.7249999999999979,-53.725,0.0
-0.6749999999999972,-53.725,0.0
0.27500000000000213,-53.725,0.0
2.325000000000003,-53.725,0.0
2.775000000000002,-53.725,0.0
-1.2749999999999986,-53.775000000000006,0.0
-1.2249999999999979,-53.775000000000006,0.0
-1.174999999999999,-53.775000000000006,0.0
-1.1249999999999982,-53.775000000000006,0.0
-1.0749999999999993,-53.775000000000006,0.0
-1.0249999999999986,-53.775000000000006,0.0
-0.9749999999999979,-53.775000000000006,0.0
-0.9249999999999989,-53.775000000000006,0.0
-0.8749999999999982,-53.775000000000006,0.0
-0.8249999999999993,-53.775000000000006,0.0
-0.7749999999999986,-53.775000000000006,0.0
-0.7249999999999979,-53.775000000000006,0.0
-0.6749999999999972,-53.775000000000006,0.0
2.325000000000003,-53.775000000000006,0.0
2.7250000000000014,-53.775000000000006,0.0
2.775000000000002,-53.775000000000006,0.0
2.825000000000003,-53.775000000000006,0.0
-1.8749999999999982,-53.825,0.0
-1.8249999999999993,-53.825,0.0
-1.7749999999999986,-53.825,0.0
-1.7249999999999979,-53.825,0.0
-1.674999999999999,-53.825,0.0
-1.6249999999999982,-53.825,0.0
-1.5749999999999993,-53.825,0.0
-1.5249999999999986,-53.825,0.0
-1.4749999999999979,-53.825,0.0
-1.424999999999999,-53.825,0.0
-1.3749999999999982,-53.825,0.0
-1.3249999999999993,-53.825,0.0
-1.2749999999999986,-53.825,0.0
-1.2249999999999979,-53.825,0.0
-1.174999999999999,-53.825,0.0
-1.1249999999999982,-53.825,0.0
-1.0749999999999993,-53.825,0.0
-1.0249999999999986,-53.825,0.0
-0.9749999999999979,-53.825,0.0
-0.9249999999999989,-53.825,0.0
-0.8749999999999982,-53.825,0.0
2.325000000000003,-53.825,0.0
2.775000000000002,-53.825,0.0
2.825000000000003,-53.825,0.0
-2.3249999999999993,-53.875,0.0
-2.2749999999999986,-53.875,0.0
-2.224999999999998,-53.875,0.0
-2.174999999999999,-53.875,0.0
-2.1249999999999982,-53.875,0.0
-2.0749999999999993,-53.875,0.0
-2.0249999999999986,-53.875,0.0
-1.9749999999999979,-53.875,0.0
-1.924999999999999,-53.875,0.0
-1.8749999999999982,-53.875,0.0
-1.8249999999999993,-53.875,0.0
-1.7749999999999986,-53.875,0.0
-1.7249999999999979,-53.875,0.0
-1.674999999999999,-53.875,0.0
-1.6249999999999982,-53.875,0.0
-1.4749999999999979,-53.875,0.0
-1.424999999999999,-53.875,0.0
2.325000000000003,-53.875,0.0
2.7250000000000014,-53.875,0.0
2.825000000000003,-53.875,0.0
-2.474999999999998,-53.925000000000004,0.0
-2.424999999999999,-53.925000000000004,0.0
-2.3749999999999982,-53.925000000000004,0.0
-2.3249999999999993,-53.925000000000004,0.0
-2.2749999999999986,-53.925000000000004,0.0
-2.224999999999998,-53.925000000000004,0.0
-2.174999999999999,-53.925000000000004,0.0
-2.1249999999999982,-53.925000000000004,0.0
2.325000000000003,-53.925000000000004,0.0
2.575000000000003,-53.925000000000004,0.0
2.7250000000000014,-53.925000000000004,0.0
2.825000000000003,-53.925000000000004,0.0
2.8750000000000036,-53.925000000000004,0.0
2.9250000000000007,-53.925000000000004,0.0
-2.7749999999999986,-53.975,0.0
-2.724999999999998,-53.975,0.0
-2.674999999999999,-53.975,0.0
-2.6249999999999982,-53.975,0.0
-2.5749999999999993,-53.975,0.0
-2.5249999999999986,-53.975,0.0
-2.474999999999998,-53.975,0.0
-2.424999999999999,-53.975,0.0
-2.3749999999999982,-53.975,0.0
2.325000000000003,-53.975,0.0
2.825000000000003,-53.975,0.0
2.8750000000000036,-53.975,0.0
2.9250000000000007,-53.975,0.0
2.9750000000000014,-53.975,0.0
3.025000000000002,-53.975,0.0
3.075000000000003,-53.975,0.0
3.1250000000000036,-53.975,0.0
3.1750000000000007,-53.975,0.0
3.2250000000000014,-53.975,0.0
-2.924999999999999,-54.025000000000006,0.0
-2.8749999999999982,-54.025000000000006,0.0
-2.8249999999999993,-54.025000000000006,0.0
-2.7749999999999986,-54.025000000000006,0.0
-2.724999999999998,-54.025000000000006,0.0
-2.674999999999999,-54.025000000000006,0.0
-2.6249999999999982,-54.025000000000006,0.0
-2.5749999999999993,-54.025000000000006,0.0
-2.5249999999999986,-54.025000000000006,0.0
-2.474999999999998,-54.025000000000006,0.0
2.825000000000003,-54.025000000000006,0.0
2.9750000000000014,-54.025000000000006,0.0
3.1750000000000007,-54.025000000000006,0.0
3.2250000000000014,-54.025000000000006,0.0
-3.1249999999999982,-54.075,0.0
-3.0749999999999993,-54.075,0.0
-3.0249999999999986,-54.075,0.0
-2.974999999999998,-54.075,0.0
-2.924999999999999,-54.075,0.0
-2.8749999999999982,-54.075,0.0
-2.8249999999999993,-54.075,0.0
-2.5249999999999986,-54.075,0.0
-2.474999999999998,-54.075,0.0
2.825000000000003,-54.075,0.0
3.1750000000000007,-54.075,0.0
3.2250000000000014,-54.075,0.0
-3.3749999999999982,-54.125,0.0
-3.3249999999999993,-54.125,0.0
-3.2749999999999986,-54.125,0.0
-3.224999999999998,-54.125,0.0
-3.174999999999999,-54.125,0.0
-3.1249999999999982,-54.125,0.0
-3.0749999999999993,-54.125,0.0
-3.0249999999999986,-54.125,0.0
3.2250000000000014,-54.125,0.0
-4.024999999999999,-54.175000000000004,0.0
-3.974999999999998,-54.175000000000004,0.0
-3.924999999999999,-54.175000000000004,0.0
-3.8749999999999982,-54.175000000000004,0.0
-3.8249999999999993,-54.175000000000004,0.0
-3.5749999999999993,-54.175000000000004,0.0
-3.5249999999999986,-54.175000000000004,0.0
-3.474999999999998,-54.175000000000004,0.0
-3.424999999999999,-54.175000000000004,0.0
-3.3749999999999982,-54.175000000000004,0.0
-3.3249999999999993,-54.175000000000004,0.0
-3.2749999999999986,-54.175000000000004,0.0
-3.224999999999998,-54.175000000000004,0.0
-3.174999999999999,-54.175000000000004,0.0
2.6250000000000036,-54.175000000000004,0.0
3.2250000000000014,-54.175000000000004,0.0
-4.274999999999999,-54.225,0.0
-4.224999999999998,-54.225,0.0
-4.174999999999999,-54.225,0.0
-4.124999999999998,-54.225,0.0
-4.074999999999999,-54.225,0.0
-4.024999999999999,-54.225,0.0
-3.974999999999998,-54.225,0.0
-3.924999999999999,-54.225,0.0
-3.8749999999999982,-54.225,0.0
-3.8249999999999993,-54.225,0.0
-3.7749999999999986,-54.225,0.0
-3.724999999999998,-54.225,0.0
-3.674999999999999,-54.225,0.0
-3.6249999999999982,-54.225,0.0
-3.5749999999999993,-54.225,0.0
-3.5249999999999986,-54.225,0.0
-3.474999999999998,-54.225,0.0
-3.424999999999999,-54.225,0.0
-3.3749999999999982,-54.225,0.0
2.375,-54.225,0.0
2.6250000000000036,-54.225,0.0
2.825000000000003,-54.225,0.0
3.2250000000000014,-54.225,0.0
-4.474999999999998,-54.275000000000006,0.0
-4.424999999999999,-54.275000000000006,0.0
-4.374999999999998,-54.275000000000006,0.0
-4.324999999999999,-54.275000000000006,0.0
-4.274999999999999,-54.275000000000006,0.0
-4.224999999999998,-54.275000000000006,0.0
-4.174999999999999,-54.275000000000006,0.0
-4.124999999999998,-54.275000000000006,0.0
-4.074999999999999,-54.275000000000006,0.0
-4.024999999999999,-54.275000000000006,0.0
-3.974999999999998,-54.275000000000006,0.0
-3.8249999999999993,-54.275000000000006,0.0
-3.7749999999999986,-54.275000000000006,0.0
-3.724999999999998,-54.275000000000006,0.0
-3.674999999999999,-54.275000000000006,0.0
-3.6249999999999982,-54.275000000000006,0.0
2.375,-54.275000000000006,0.0
2.6250000000000036,-54.275000000000006,0.0
2.825000000000003,-54.275000000000006,0.0
2.9250000000000007,-54.275000000000006,0.0
2.9750000000000014,-54.275000000000006,0.0
3.2250000000000014,-54.275000000000006,0.0
-4.724999999999998,-54.325,0.0
-4.674999999999999,-54.325,0.0
-4.624999999999998,-54.325,0.0
-4.574999999999999,-54.325,0.0
-4.524999999999999,-54.325,0.0
-4.474999999999998,-54.325,0.0
-4.424999999999999,-54.325,0.0
-4.374999999999998,-54.325,0.0
-4.324999999999999,-54.325,0.0
-4.274999999999999,-54.325,0.0
-4.224999999999998,-54.325,0.0
2.375,-54.325,0.0
2.9250000000000007,-54.325,0.0
2.9750000000000014,-54.325,0.0
3.2250000000000014,-54.325,0.0
-4.774999999999999,-54.375,0.0
-4.724999999999998,-54.375,0.0
-4.674999999999999,-54.375,0.0
-4.624999999999998,-54.375,0.0
-4.574999999999999,-54.375,0.0
-4.524999999999999,-54.375,0.0
-4.474999999999998,-54.375,0.0
-4.424999999999999,-54.375,0.0
2.375,-54.375,0.0
3.2250000000000014,-54.375,0.0
-5.174999999999999,-54.425000000000004,0.0
-4.774999999999999,-54.425000000000004,0.0
-4.724999999999998,-54.425000000000004,0.0
-4.674999999999999,-54.425000000000004,0.0
-4.624999999999998,-54.425000000000004,0.0
2.375,-54.425000000000004,0.0
2.775000000000002,-54.425000000000004,0.0
3.2250000000000014,-54.425000000000004,0.0
-5.424999999999999,-54.475,0.0
-5.324999999999999,-54.475,0.0
-5.274999999999999,-54.475,0.0
-5.224999999999998,-54.475,0.0
-5.174999999999999,-54.475,0.0
-5.124999999999998,-54.475,0.0
-5.074999999999999,-54.475,0.0
-4.924999999999999,-54.475,0.0
-4.874999999999998,-54.475,0.0
-4.824999999999999,-54.475,0.0
-4.774999999999999,-54.475,0.0
-4.724999999999998,-54.475,0.0
-4.674999999999999,-54.475,0.0
2.375,-54.475,0.0
2.575000000000003,-54.475,0.0
2.6250000000000036,-54.475,0.0
3.2250000000000014,-54.475,0.0
-5.624999999999998,-54.525000000000006,0.0
-5.524999999999999,-54.525000000000006,0.0
-5.474999999999998,-54.525000000000006,0.0
-5.424999999999999,-54.525000000000006,0.0
-5.374999999999998,-54.525000000000006,0.0
-5.324999999999999,-54.525000000000006,0.0
-5.274999999999999,-54.525000000000006,0.0
-5.224999999999998,-54.525000000000006,0.0
-5.174999999999999,-54.525000000000006,0.0
-5.124999999999998,-54.525000000000006,0.0
-5.074999999999999,-54.525000000000006,0.0
-5.024999999999999,-54.525000000000006,0.0
-4.974999999999998,-54.525000000000006,0.0
-4.924999999999999,-54.525000000000006,0.0
-4.874999999999998,-54.525000000000006,0.0
-4.824999999999999,-54.525000000000006,0.0
-4.774999999999999,-54.525000000000006,0.0
-4.724999999999998,-54.525000000000006,0.0
2.375,-54.525000000000006,0.0
2.4250000000000007,-54.525000000000006,0.0
2.6250000000000036,-54.525000000000006,0.0
3.1750000000000007,-54.525000000000006,0.0
3.2250000000000014,-54.525000000000006,0.0
3.275000000000002,-54.525000000000006,0.0
-5.724999999999998,-54.575,0.0
-5.674999999999999,-54.575,0.0
-5.624999999999998,-54.575,0.0
-5.574999999999999,-54.575,0.0
-5.524999999999999,-54.575,0.0
-5.474999999999998,-54.575,0.0
-5.424999999999999,-54.575,0.0
-5.374999999999998,-54.575,0.0
-5.324999999999999,-54.575,0.0
-5.274999999999999,-54.575,0.0
-5.124999999999998,-54.575,0.0
-5.074999999999999,-54.575,0.0
-5.024999999999999,-54.575,0.0
-4.974999999999998,-54.575,0.0
-4.924999999999999,-54.575,0.0
2.375,-54.575,0.0
2.4250000000000007,-54.575,0.0
2.4750000000000014,-54.575,0.0
3.2250000000000014,-54.575,0.0
-5.974999999999998,-54.625,0.0
-5.924999999999999,-54.625,0.0
-5.874999999999998,-54.625,0.0
-5.824999999999999,-54.625,0.0
-5.774999999999999,-54.625,0.0
-5.724999999999998,-54.625,0.0
-5.674999999999999,-54.625,0.0
-5.624999999999998,-54.625,0.0
-5.574999999999999,-54.625,0.0
-5.524999999999999,-54.625,0.0
2.375,-54.625,0.0
2.4250000000000007,-54.625,0.0
2.4750000000000014,-54.625,0.0
3.2250000000000014,-54.625,0.0
3.275000000000002,-54.625,0.0
-6.074999999999999,-54.675000000000004,0.0
-6.024999999999999,-54.675000000000004,0.0
-5.974999999999998,-54.675000000000004,0.0
-5.924999999999999,-54.675000000000004,0.0
-5.874999999999998,-54.675000000000004,0.0
-5.824999999999999,-54.675000000000004,0.0
-5.774999999999999,-54.675000000000004,0.0
-5.724999999999998,-54.675000000000004,0.0
-2.3749999999999982,-54.675000000000004,0.0
2.375,-54.675000000000004,0.0
2.4250000000000007,-54.675000000000004,0.0
3.2250000000000014,-54.675000000000004,0.0
3.275000000000002,-54.675000000000004,0.0
-6.074999999999999,-54.725,0.0
-6.024999999999999,-54.725,0.0
-5.974999999999998,-54.725,0.0
-5.924999999999999,-54.725,0.0
-2.3749999999999982,-54.725,0.0
2.375,-54.725,0.0
2.4250000000000007,-54.725,0.0
3.1750000000000007,-54.725,0.0
3.2250000000000014,-54.725,0.0
3.275000000000002,-54.725,0.0
-6.224999999999998,-54.775000000000006,0.0
-6.174999999999999,-54.775000000000006,0.0
-6.124999999999998,-54.775000000000006,0.0
-6.074999999999999,-54.775000000000006,0.0
-6.024999999999999,-54.775000000000006,0.0
-5.974999999999998,-54.775000000000006,0.0
-2.3249999999999993,-54.775000000000006,0.0
2.375,-54.775000000000006,0.0
2.4250000000000007,-54.775000000000006,0.0
3.1750000000000007,-54.775000000000006,0.0
3.2250000000000014,-54.775000000000006,0.0
-11.424999999999999,-54.825,0.0
-6.374999999999998,-54.825,0.0
-6.324999999999999,-54.825,0.0
-6.274999999999999,-54.825,0.0
-6.224999999999998,-54.825,0.0
-6.174999999999999,-54.825,0.0
-6.124999999999998,-54.825,0.0
-6.074999999999999,-54.825,0.0
-6.024999999999999,-54.825,0.0
-2.3249999999999993,-54.825,0.0
2.375,-54.825,0.0
2.4250000000000007,-54.825,0.0
2.4750000000000014,-54.825,0.0
-11.524999999999999,-54.875,0.0
-11.274999999999999,-54.875,0.0
-6.624999999999998,-54.875,0.0
-6.574999999999999,-54.875,0.0
-6.524999999999999,-54.875,0.0
-6.474999999999998,-54.875,0.0
-6.424999999999999,-54.875,0.0
-6.374999999999998,-54.875,0.0
-6.324999999999999,-54.875,0.0
-6.274999999999999,-54.875,0.0
-6.224999999999998,-54.875,0.0
-6.174999999999999,-54.875,0.0
-6.124999999999998,-54.875,0.0
-2.3249999999999993,-54.875,0.0
-2.2749999999999986,-54.875,0.0
2.375,-54.875,0.0
2.4250000000000007,-54.875,0.0
2.4750000000000014,-54.875,0.0
-11.575,-54.925000000000004,0.0
-11.325,-54.925000000000004,0.0
-6.824999999999999,-54.925000000000004,0.0
-6.774999999999999,-54.925000000000004,0.0
-6.724999999999998,-54.925000000000004,0.0
-6.674999999999999,-54.925000000000004,0.0
-6.624999999999998,-54.925000000000004,0.0
-6.574999999999999,-54.925000000000004,0.0
-6.524999999999999,-54.925000000000004,0.0
-6.474999999999998,-54.925000000000004,0.0
-6.424999999999999,-54.925000000000004,0.0
-6.374999999999998,-54.925000000000004,0.0
-6.324999999999999,-54.925000000000004,0.0
-2.3249999999999993,-54.925000000000004,0.0
-2.2749999999999986,-54.925000000000004,0.0
2.4250000000000007,-54.925000000000004,0.0
2.4750000000000014,-54.925000000000004,0.0
-11.625,-54.975,0.0
-11.575,-54.975,0.0
-7.024999999999999,-54.975,0.0
-6.974999999999998,-54.975,0.0
-6.924999999999999,-54.975,0.0
-6.874999999999998,-54.975,0.0
-6.824999999999999,-54.975,0.0
-6.774999999999999,-54.975,0.0
-6.724999999999998,-54.975,0.0
-6.674999999999999,-54.975,0.0
-6.624999999999998,-54.975,0.0
-6.574999999999999,-54.975,0.0
-2.2749999999999986,-54.975,0.0
2.4250000000000007,-54.975,0.0
2.4750000000000014,-54.975,0.0
-11.774999999999999,-55.025000000000006,0.0
-11.674999999999999,-55.025000000000006,0.0
-11.625,-55.025000000000006,0.0
-11.575,-55.025000000000006,0.0
-7.225,-55.025000000000006,0.0
-7.174999999999999,-55.025000000000006,0.0
-7.124999999999998,-55.025000000000006,0.0
-7.074999999999999,-55.025000000000006,0.0
-7.024999999999999,-55.025000000000006,0.0
-6.974999999999998,-55.025000000000006,0.0
-6.924999999999999,-55.025000000000006,0.0
-6.874999999999998,-55.025000000000006,0.0
-6.824999999999999,-55.025000000000006,0.0
-6.774999999999999,-55.025000000000006,0.0
2.375,-55.025000000000006,0.0
2.4250000000000007,-55.025000000000006,0.0
-11.875,-55.075,0.0
-11.825,-55.075,0.0
-11.774999999999999,-55.075,0.0
-11.724999999999998,-55.075,0.0
-11.674999999999999,-55.075,0.0
-11.625,-55.075,0.0
-11.575,-55.075,0.0
-11.524999999999999,-55.075,0.0
-11.474999999999998,-55.075,0.0
-7.424999999999999,-55.075,0.0
-7.374999999999998,-55.075,0.0
-7.324999999999999,-55.075,0.0
-7.274999999999999,-55.075,0.0
-7.225,-55.075,0.0
-7.174999999999999,-55.075,0.0
-7.124999999999998,-55.075,0.0
-7.074999999999999,-55.075,0.0
-7.024999999999999,-55.075,0.0
-6.974999999999998,-55.075,0.0
2.375,-55.075,0.0
2.4250000000000007,-55.075,0.0
2.4750000000000014,-55.075,0.0
-11.924999999999999,-55.125,0.0
-11.674999999999999,-55.125,0.0
-7.674999999999999,-55.125,0.0
-7.624999999999998,-55.125,0.0
-7.574999999999999,-55.125,0.0
-7.524999999999999,-55.125,0.0
-7.475,-55.125,0.0
-7.424999999999999,-55.125,0.0
-7.374999999999998,-55.125,0.0
-7.324999999999999,-55.125,0.0
-7.274999999999999,-55.125,0.0
-7.225,-55.125,0.0
-7.174999999999999,-55.125,0.0
2.375,-55.125,0.0
2.4250000000000007,-55.125,0.0
2.4750000000000014,-55.125,0.0
-11.724999999999998,-55.175000000000004,0.0
-7.874999999999998,-55.175000000000004,0.0
-7.824999999999999,-55.175000000000004,0.0
-7.774999999999999,-55.175000000000004,0.0
-7.725,-55.175000000000004,0.0
-7.674999999999999,-55.175000000000004,0.0
-7.624999999999998,-55.175000000000004,0.0
-7.574999999999999,-55.175000000000004,0.0
-7.524999999999999,-55.175000000000004,0.0
-7.475,-55.175000000000004,0.0
-7.424999999999999,-55.175000000000004,0.0
-7.374999999999998,-55.175000000000004,0.0
2.4250000000000007,-55.175000000000004,0.0
2.4750000000000014,-55.175000000000004,0.0
2.525000000000002,-55.175000000000004,0.0
-11.724999999999998,-55.225,0.0
-8.124999999999998,-55.225,0.0
-8.075,-55.225,0.0
-8.024999999999999,-55.225,0.0
-7.975,-55.225,0.0
-7.924999999999999,-55.225,0.0
-7.874999999999998,-55.225,0.0
-7.824999999999999,-55.225,0.0
-7.774999999999999,-55.225,0.0
-7.725,-55.225,0.0
-7.674999999999999,-55.225,0.0
-7.624999999999998,-55.225,0.0
-7.574999999999999,-55.225,0.0
2.4250000000000007,-55.225,0.0
2.4750000000000014,-55.225,0.0
-8.325,-55.275000000000006,0.0
-8.274999999999999,-55.275000000000006,0.0
-8.225,-55.275000000000006,0.0
-8.174999999999999,-55.275000000000006,0.0
-8.124999999999998,-55.275000000000006,0.0
-8.075,-55.275000000000006,0.0
-8.024999999999999,-55.275000000000006,0.0
-7.975,-55.275000000000006,0.0
-7.924999999999999,-55.275000000000006,0.0
-7.874999999999998,-55.275000000000006,0.0
-7.824999999999999,-55.275000000000006,0.0
-7.774999999999999,-55.275000000000006,0.0
2.4250000000000007,-55.275000000000006,0.0
2.4750000000000014,-55.275000000000006,0.0
2.525000000000002,-55.275000000000006,0.0
-8.475,-55.325,0.0
-8.424999999999999,-55.325,0.0
-8.374999999999998,-55.325,0.0
-8.325,-55.325,0.0
-8.274999999999999,-55.325,0.0
-8.225,-55.325,0.0
-8.174999999999999,-55.325,0.0
-8.124999999999998,-55.325,0.0
-8.075,-55.325,0.0
-8.024999999999999,-55.325,0.0
-7.975,-55.325,0.0
2.4250000000000007,-55.325,0.0
2.4750000000000014,-55.325,0.0
2.525000000000002,-55.325,0.0
-8.674999999999999,-55.375,0.0
-8.624999999999998,-55.375,0.0
-8.575,-55.375,0.0
-8.524999999999999,-55.375,0.0
-8.475,-55.375,0.0
-8.424999999999999,-55.375,0.0
-8.374999999999998,-55.375,0.0
-8.325,-55.375,0.0
-8.274999999999999,-55.375,0.0
-8.225,-55.375,0.0
-8.174999999999999,-55.375,0.0
2.4250000000000007,-55.375,0.0
2.4750000000000014,-55.375,0.0
2.525000000000002,-55.375,0.0
-12.774999999999999,-55.425000000000004,0.0
-8.875,-55.425000000000004,0.0
-8.825,-55.425000000000004,0.0
-8.774999999999999,-55.425000000000004,0.0
-8.724999999999998,-55.425000000000004,0.0
-8.674999999999999,-55.425000000000004,0.0
-8.624999999999998,-55.425000000000004,0.0
-8.575,-55.425000000000004,0.0
-8.524999999999999,-55.425000000000004,0.0
-8.475,-55.425000000000004,0.0
-8.424999999999999,-55.425000000000004,0.0
-8.374999999999998,-55.425000000000004,0.0
2.4750000000000014,-55.425000000000004,0.0
2.525000000000002,-55.425000000000004,0.0
-12.825,-55.475,0.0
-9.024999999999999,-55.475,0.0
-8.974999999999998,-55.475,0.0
-8.924999999999999,-55.475,0.0
-8.875,-55.475,0.0
-8.825,-55.475,0.0
-8.774999999999999,-55.475,0.0
-8.724999999999998,-55.475,0.0
-8.674999999999999,-55.475,0.0
-8.624999999999998,-55.475,0.0
-8.575,-55.475,0.0
2.4750000000000014,-55.475,0.0
2.525000000000002,-55.475,0.0
-9.125,-55.525000000000006,0.0
-9.075,-55.525000000000006,0.0
-9.024999999999999,-55.525000000000006,0.0
-8.974999999999998,-55.525000000000006,0.0
-8.924999999999999,-55.525000000000006,0.0
-8.875,-55.525000000000006,0.0
-8.825,-55.525000000000006,0.0
-8.774999999999999,-55.525000000000006,0.0
2.4750000000000014,-55.525000000000006,0.0
2.525000000000002,-55.525000000000006,0.0
-11.774999999999999,-55.575,0.0
-9.774999999999999,-55.575,0.0
-9.724999999999998,-55.575,0.0
-9.375,-55.575,0.0
-9.325,-55.575,0.0
-9.274999999999999,-55.575,0.0
-9.224999999999998,-55.575,0.0
-9.174999999999999,-55.575,0.0
-9.125,-55.575,0.0
-9.075,-55.575,0.0
-9.024999999999999,-55.575,0.0
-8.974999999999998,-55.575,0.0
0.4750000000000014,-55.575,0.0
2.4750000000000014,-55.575,0.0
2.525000000000002,-55.575,0.0
-11.924999999999999,-55.625,0.0
-11.875,-55.625,0.0
-11.825,-55.625,0.0
-11.774999999999999,-55.625,0.0
-10.075,-55.625,0.0
-9.974999999999998,-55.625,0.0
-9.924999999999999,-55.625,0.0
-9.875,-55.625,0.0
-9.825,-55.625,0.0
-9.774999999999999,-55.625,0.0
-9.724999999999998,-55.625,0.0
-9.674999999999999,-55.625,0.0
-9.625,-55.625,0.0
-9.474999999999998,-55.625,0.0
-9.424999999999999,-55.625,0.0
-9.375,-55.625,0.0
-9.325,-55.625,0.0
-9.274999999999999,-55.625,0.0
-9.224999999999998,-55.625,0.0
-9.174999999999999,-55.625,0.0
0.22500000000000142,-55.625,0.0
0.27500000000000213,-55.625,0.0
0.32500000000000284,-55.625,0.0
0.375,-55.625,0.0
0.4250000000000007,-55.625,0.0
0.4750000000000014,-55.625,0.0
2.4750000000000014,-55.625,0.0
2.525000000000002,-55.625,0.0
-11.875,-55.675000000000004,0.0
-11.825,-55.675000000000004,0.0
-10.375,-55.675000000000004,0.0
-10.075,-55.675000000000004,0.0
-10.024999999999999,-55.675000000000004,0.0
-9.974999999999998,-55.675000000000004,0.0
-9.924999999999999,-55.675000000000004,0.0
-9.875,-55.675000000000004,0.0
-9.825,-55.675000000000004,0.0
-9.774999999999999,-55.675000000000004,0.0
-9.724999999999998,-55.675000000000004,0.0
-9.674999999999999,-55.675000000000004,0.0
-9.625,-55.675000000000004,0.0
-9.575,-55.675000000000004,0.0
-9.524999999999999,-55.675000000000004,0.0
-9.474999999999998,-55.675000000000004,0.0
-9.424999999999999,-55.675000000000004,0.0
-9.375,-55.675000000000004,0.0
0.02500000000000213,-55.675000000000004,0.0
0.07500000000000284,-55.675000000000004,0.0
0.125,-55.675000000000004,0.0
0.1750000000000007,-55.675000000000004,0.0
0.22500000000000142,-55.675000000000004,0.0
0.27500000000000213,-55.675000000000004,0.0
0.32500000000000284,-55.675000000000004,0.0
0.375,-55.675000000000004,0.0
0.4250000000000007,-55.675000000000004,0.0
0.4750000000000014,-55.675000000000004,0.0
2.4750000000000014,-55.675000000000004,0.0
2.525000000000002,-55.675000000000004,0.0
2.575000000000003,-55.675000000000004,0.0
-12.024999999999999,-55.725,0.0
-11.924999999999999,-55.725,0.0
-11.875,-55.725,0.0
-10.424999999999999,-55.725,0.0
-10.375,-55.725,0.0
-10.274999999999999,-55.725,0.0
-10.224999999999998,-55.725,0.0
-10.174999999999999,-55.725,0.0
-10.125,-55.725,0.0
-10.075,-55.725,0.0
-10.024999999999999,-55.725,0.0
-9.974999999999998,-55.725,0.0
-9.924999999999999,-55.725,0.0
-9.875,-55.725,0.0
-9.575,-55.725,0.0
-9.524999999999999,-55.725,0.0
-0.22499999999999787,-55.725,0.0
-0.17499999999999716,-55.725,0.0
-0.125,-55.725,0.0
-0.07499999999999929,-55.725,0.0
-0.02499999999999858,-55.725,0.0
0.02500000000000213,-55.725,0.0
0.07500000000000284,-55.725,0.0
0.125,-55.725,0.0
0.1750000000000007,-55.725,0.0
0.22500000000000142,-55.725,0.0
0.27500000000000213,-55.725,0.0
0.32500000000000284,-55.725,0.0
0.375,-55.725,0.0
0.4250000000000007,-55.725,0.0
0.4750000000000014,-55.725,0.0
2.4750000000000014,-55.725,0.0
2.525000000000002,-55.725,0.0
-12.024999999999999,-55.775000000000006,0.0
-11.924999999999999,-55.775000000000006,0.0
-11.875,-55.775000000000006,0.0
-11.024999999999999,-55.775000000000006,0.0
-10.474999999999998,-55.775000000000006,0.0
-10.424999999999999,-55.775000000000006,0.0
-10.375,-55.775000000000006,0.0
-10.325,-55.775000000000006,0.0
-10.274999999999999,-55.775000000000006,0.0
-10.224999999999998,-55.775000000000006,0.0
-10.174999999999999,-55.775000000000006,0.0
-10.125,-55.775000000000006,0.0
-10.075,-55.775000000000006,0.0
-2.3249999999999993,-55.775000000000006,0.0
-0.42499999999999716,-55.775000000000006,0.0
-0.375,-55.775000000000006,0.0
-0.3249999999999993,-55.775000000000006,0.0
-0.2749999999999986,-55.775000000000006,0.0
-0.22499999999999787,-55.775000000000006,0.0
-0.17499999999999716,-55.775000000000006,0.0
-0.125,-55.775000000000006,0.0
-0.07499999999999929,-55.775000000000006,0.0
-0.02499999999999858,-55.775000000000006,0.0
0.02500000000000213,-55.775000000000006,0.0
0.07500000000000284,-55.775000000000006,0.0
0.125,-55.775000000000006,0.0
0.1750000000000007,-55.775000000000006,0.0
0.22500000000000142,-55.775000000000006,0.0
0.27500000000000213,-55.775000000000006,0.0
0.32500000000000284,-55.775000000000006,0.0
0.375,-55.775000000000006,0.0
0.4250000000000007,-55.775000000000006,0.0
0.4750000000000014,-55.775000000000006,0.0
2.4750000000000014,-55.775000000000006,0.0
2.525000000000002,-55.775000000000006,0.0
2.575000000000003,-55.775000000000006,0.0
-12.024999999999999,-55.825,0.0
-11.974999999999998,-55.825,0.0
-11.924999999999999,-55.825,0.0
-11.875,-55.825,0.0
-11.825,-55.825,0.0
-11.774999999999999,-55.825,0.0
-10.524999999999999,-55.825,0.0
-10.474999999999998,-55.825,0.0
-10.424999999999999,-55.825,0.0
-10.375,-55.825,0.0
-10.325,-55.825,0.0
-10.274999999999999,-55.825,0.0
-0.625,-55.825,0.0
-0.5749999999999993,-55.825,0.0
-0.5249999999999986,-55.825,0.0
-0.47499999999999787,-55.825,0.0
-0.42499999999999716,-55.825,0.0
-0.375,-55.825,0.0
-0.3249999999999993,-55.825,0.0
-0.2749999999999986,-55.825,0.0
-0.22499999999999787,-55.825,0.0
-0.17499999999999716,-55.825,0.0
-0.125,-55.825,0.0
-0.07499999999999929,-55.825,0.0
-0.02499999999999858,-55.825,0.0
0.02500000000000213,-55.825,0.0
0.07500000000000284,-55.825,0.0
0.125,-55.825,0.0
0.4250000000000007,-55.825,0.0
0.4750000000000014,-55.825,0.0
2.4750000000000014,-55.825,0.0
2.525000000000002,-55.825,0.0
2.575000000000003,-55.825,0.0
-11.924999999999999,-55.875,0.0
-11.875,-55.875,0.0
-11.825,-55.875,0.0
-11.774999999999999,-55.875,0.0
-11.724999999999998,-55.875,0.0
-10.974999999999998,-55.875,0.0
-10.924999999999999,-55.875,0.0
-10.575,-55.875,0.0
-10.524999999999999,-55.875,0.0
-10.474999999999998,-55.875,0.0
-10.424999999999999,-55.875,0.0
-0.8249999999999993,-55.875,0.0
-0.7749999999999986,-55.875,0.0
-0.7249999999999979,-55.875,0.0
-0.6749999999999972,-55.875,0.0
-0.625,-55.875,0.0
-0.5749999999999993,-55.875,0.0
-0.5249999999999986,-55.875,0.0
-0.47499999999999787,-55.875,0.0
0.4250000000000007,-55.875,0.0
0.4750000000000014,-55.875,0.0
2.4750000000000014,-55.875,0.0
2.525000000000002,-55.875,0.0
3.075000000000003,-55.875,0.0
3.1250000000000036,-55.875,0.0
4.175000000000001,-55.875,0.0
-11.924999999999999,-55.925000000000004,0.0
-10.974999999999998,-55.925000000000004,0.0
-10.924999999999999,-55.925000000000004,0.0
-10.724999999999998,-55.925000000000004,0.0
-10.674999999999999,-55.925000000000004,0.0
-10.625,-55.925000000000004,0.0
-10.575,-55.925000000000004,0.0
-10.524999999999999,-55.925000000000004,0.0
-10.474999999999998,-55.925000000000004,0.0
-1.0749999999999993,-55.925000000000004,0.0
-1.0249999999999986,-55.925000000000004,0.0
-0.9749999999999979,-55.925000000000004,0.0
-0.9249999999999989,-55.925000000000004,0.0
-0.8749999999999982,-55.925000000000004,0.0
-0.8249999999999993,-55.925000000000004,0.0
-0.7749999999999986,-55.925000000000004,0.0
-0.7249999999999979,-55.925000000000004,0.0
-0.6749999999999972,-55.925000000000004,0.0
0.4250000000000007,-55.925000000000004,0.0
0.4750000000000014,-55.925000000000004,0.0
0.5250000000000021,-55.925000000000004,0.0
2.4750000000000014,-55.925000000000004,0.0
2.525000000000002,-55.925000000000004,0.0
3.1250000000000036,-55.925000000000004,0.0
3.1750000000000007,-55.925000000000004,0.0
4.175000000000001,-55.925000000000004,0.0
4.225000000000001,-55.925000000000004,0.0
4.275000000000002,-55.925000000000004,0.0
-11.924999999999999,-55.975,0.0
-11.875,-55.975,0.0
-10.974999999999998,-55.975,0.0
-10.774999999999999,-55.975,0.0
-10.724999999999998,-55.975,0.0
-10.674999999999999,-55.975,0.0
-10.625,-55.975,0.0
-10.575,-55.975,0.0
-10.524999999999999,-55.975,0.0
-10.474999999999998,-55.975,0.0
-1.2749999999999986,-55.975,0.0
-1.2249999999999979,-55.975,0.0
-1.174999999999999,-55.975,0.0
-1.1249999999999982,-55.975,0.0
-1.0749999999999993,-55.975,0.0
-1.0249999999999986,-55.975,0.0
-0.9749999999999979,-55.975,0.0
-0.9249999999999989,-55.975,0.0
-0.8749999999999982,-55.975,0.0
0.1750000000000007,-55.975,0.0
0.22500000000000142,-55.975,0.0
0.27500000000000213,-55.975,0.0
0.32500000000000284,-55.975,0.0
0.375,-55.975,0.0
0.4250000000000007,-55.975,0.0
0.4750000000000014,-55.975,0.0
0.5250000000000021,-55.975,0.0
2.4750000000000014,-55.975,0.0
2.525000000000002,-55.975,0.0
2.6250000000000036,-55.975,0.0
2.6750000000000007,-55.975,0.0
3.1250000000000036,-55.975,0.0
3.1750000000000007,-55.975,0.0
3.2250000000000014,-55.975,0.0
4.225000000000001,-55.975,0.0
4.275000000000002,-55.975,0.0
4.325000000000003,-55.975,0.0
4.3750000000000036,-55.975,0.0
-11.924999999999999,-56.025000000000006,0.0
-10.875,-56.025000000000006,0.0
-10.825,-56.025000000000006,0.0
-10.774999999999999,-56.025000000000006,0.0
-10.724999999999998,-56.025000000000006,0.0
-10.674999999999999,-56.025000000000006,0.0
-1.4749999999999979,-56.025000000000006,0.0
-1.424999999999999,-56.025000000000006,0.0
-1.3749999999999982,-56.025000000000006,0.0
-1.3249999999999993,-56.025000000000006,0.0
-1.2749999999999986,-56.025000000000006,0.0
-1.2249999999999979,-56.025000000000006,0.0
-1.174999999999999,-56.025000000000006,0.0
0.07500000000000284,-56.025000000000006,0.0
0.125,-56.025000000000006,0.0
0.1750000000000007,-56.025000000000006,0.0
0.22500000000000142,-56.025000000000006,0.0
0.27500000000000213,-56.025000000000006,0.0
0.32500000000000284,-56.025000000000006,0.0
0.375,-56.025000000000006,0.0
0.4250000000000007,-56.025000000000006,0.0
0.4750000000000014,-56.025000000000006,0.0
0.5250000000000021,-56.025000000000006,0.0
2.525000000000002,-56.025000000000006,0.0
2.575000000000003,-56.025000000000006,0.0
2.6250000000000036,-56.025000000000006,0.0
2.6750000000000007,-56.025000000000006,0.0
2.7250000000000014,-56.025000000000006,0.0
2.775000000000002,-56.025000000000006,0.0
2.825000000000003,-56.025000000000006,0.0
2.8750000000000036,-56.025000000000006,0.0
2.9250000000000007,-56.025000000000006,0.0
3.2250000000000014,-56.025000000000006,0.0
4.275000000000002,-56.025000000000006,0.0
4.325000000000003,-56.025000000000006,0.0
4.3750000000000036,-56.025000000000006,0.0
4.425000000000001,-56.025000000000006,0.0
-11.924999999999999,-56.075,0.0
-10.875,-56.075,0.0
-10.825,-56.075,0.0
-1.674999999999999,-56.075,0.0
-1.6249999999999982,-56.075,0.0
-1.5749999999999993,-56.075,0.0
-1.5249999999999986,-56.075,0.0
-1.4749999999999979,-56.075,0.0
-1.424999999999999,-56.075,0.0
-1.3749999999999982,-56.075,0.0
-0.02499999999999858,-56.075,0.0
0.02500000000000213,-56.075,0.0
0.07500000000000284,-56.075,0.0
0.125,-56.075,0.0
0.1750000000000007,-56.075,0.0
2.525000000000002,-56.075,0.0
2.575000000000003,-56.075,0.0
2.6250000000000036,-56.075,0.0
2.6750000000000007,-56.075,0.0
2.7250000000000014,-56.075,0.0
3.275000000000002,-56.075,0.0
-11.825,-56.125,0.0
-11.774999999999999,-56.125,0.0
-2.224999999999998,-56.125,0.0
-2.174999999999999,-56.125,0.0
-2.1249999999999982,-56.125,0.0
-2.0749999999999993,-56.125,0.0
-2.0249999999999986,-56.125,0.0
-1.9749999999999979,-56.125,0.0
-1.924999999999999,-56.125,0.0
-1.8749999999999982,-56.125,0.0
-1.8249999999999993,-56.125,0.0
-1.7749999999999986,-56.125,0.0
-1.7249999999999979,-56.125,0.0
-1.674999999999999,-56.125,0.0
-1.6249999999999982,-56.125,0.0
-1.5749999999999993,-56.125,0.0
-0.02499999999999858,-56.125,0.0
0.02500000000000213,-56.125,0.0
-11.825,-56.175000000000004,0.0
-11.774999999999999,-56.175000000000004,0.0
-5.674999999999999,-56.175000000000004,0.0
-2.224999999999998,-56.175000000000004,0.0
-2.174999999999999,-56.175000000000004,0.0
-2.1249999999999982,-56.175000000000004,0.0
-2.0749999999999993,-56.175000000000004,0.0
-2.0249999999999986,-56.175000000000004,0.0
-1.9749999999999979,-56.175000000000004,0.0
-1.924999999999999,-56.175000000000004,0.0
-1.8749999999999982,-56.175000000000004,0.0
-1.8249999999999993,-56.175000000000004,0.0
-1.7749999999999986,-56.175000000000004,0.0
-1.7249999999999979,-56.175000000000004,0.0
-1.674999999999999,-56.175000000000004,0.0
-0.02499999999999858,-56.175000000000004,0.0
0.02500000000000213,-56.175000000000004,0.0
-11.825,-56.225,0.0
-11.774999999999999,-56.225,0.0
-2.424999999999999,-56.225,0.0
-2.3749999999999982,-56.225,0.0
-2.3249999999999993,-56.225,0.0
-2.2749999999999986,-56.225,0.0
-2.224999999999998,-56.225,0.0
-2.174999999999999,-56.225,0.0
-2.1249999999999982,-56.225,0.0
-2.0749999999999993,-56.225,0.0
-2.0249999999999986,-56.225,0.0
-1.9749999999999979,-56.225,0.0
-1.8249999999999993,-56.225,0.0
-0.02499999999999858,-56.225,0.0
0.02500000000000213,-56.225,0.0
2.8750000000000036,-56.225,0.0
-11.875,-56.275000000000006,0.0
-11.825,-56.275000000000006,0.0
-11.774999999999999,-56.275000000000006,0.0
-2.6249999999999982,-56.275000000000006,0.0
-2.5749999999999993,-56.275000000000006,0.0
-2.5249999999999986,-56.275000000000006,0.0
-2.474999999999998,-56.275000000000006,0.0
-2.424999999999999,-56.275000000000006,0.0
-2.3749999999999982,-56.275000000000006,0.0
-2.3249999999999993,-56.275000000000006,0.0
-0.02499999999999858,-56.275000000000006,0.0
0.02500000000000213,-56.275000000000006,0.0
2.7250000000000014,-56.275000000000006,0.0
2.825000000000003,-56.275000000000006,0.0
2.8750000000000036,-56.275000000000006,0.0
2.9250000000000007,-56.275000000000006,0.0
2.9750000000000014,-56.275000000000006,0.0
-12.075,-56.325,0.0
-12.024999999999999,-56.325,0.0
-11.974999999999998,-56.325,0.0
-11.924999999999999,-56.325,0.0
-11.875,-56.325,0.0
-11.825,-56.325,0.0
-11.774999999999999,-56.325,0.0
-3.3249999999999993,-56.325,0.0
-3.2749999999999986,-56.325,0.0
-3.224999999999998,-56.325,0.0
-2.8749999999999982,-56.325,0.0
-2.8249999999999993,-56.325,0.0
-2.7749999999999986,-56.325,0.0
-2.724999999999998,-56.325,0.0
-2.674999999999999,-56.325,0.0
-2.6249999999999982,-56.325,0.0
-2.5749999999999993,-56.325,0.0
-2.5249999999999986,-56.325,0.0
0.02500000000000213,-56.325,0.0
2.7250000000000014,-56.325,0.0
2.775000000000002,-56.325,0.0
2.825000000000003,-56.325,0.0
2.8750000000000036,-56.325,0.0
-12.274999999999999,-56.375,0.0
-12.224999999999998,-56.375,0.0
-12.174999999999999,-56.375,0.0
-12.125,-56.375,0.0
-12.075,-56.375,0.0
-12.024999999999999,-56.375,0.0
-11.974999999999998,-56.375,0.0
-11.924999999999999,-56.375,0.0
-11.875,-56.375,0.0
-3.2749999999999986,-56.375,0.0
-3.1249999999999982,-56.375,0.0
-3.0749999999999993,-56.375,0.0
-3.0249999999999986,-56.375,0.0
-2.974999999999998,-56.375,0.0
-2.924999999999999,-56.375,0.0
-2.8749999999999982,-56.375,0.0
-2.8249999999999993,-56.375,0.0
-2.7749999999999986,-56.375,0.0
-2.724999999999998,-56.375,0.0
-1.5249999999999986,-56.375,0.0
-1.4749999999999979,-56.375,0.0
0.02500000000000213,-56.375,0.0
0.07500000000000284,-56.375,0.0
2.775000000000002,-56.375,0.0
2.825000000000003,-56.375,0.0
-12.474999999999998,-56.425000000000004,0.0
-12.424999999999999,-56.425000000000004,0.0
-12.375,-56.425000000000004,0.0
-12.325,-56.425000000000004,0.0
-12.274999999999999,-56.425000000000004,0.0
-12.224999999999998,-56.425000000000004,0.0
-12.174999999999999,-56.425000000000004,0.0
-12.125,-56.425000000000004,0.0
-12.075,-56.425000000000004,0.0
-3.3249999999999993,-56.425000000000004,0.0
-3.2749999999999986,-56.425000000000004,0.0
-3.224999999999998,-56.425000000000004,0.0
-3.174999999999999,-56.425000000000004,0.0
-3.1249999999999982,-56.425000000000004,0.0
-3.0749999999999993,-56.425000000000004,0.0
-3.0249999999999986,-56.425000000000004,0.0
-2.974999999999998,-56.425000000000004,0.0
-2.924999999999999,-56.425000000000004,0.0
-1.6249999999999982,-56.425000000000004,0.0
-1.5749999999999993,-56.425000000000004,0.0
-1.5249999999999986,-56.425000000000004,0.0
-1.4749999999999979,-56.425000000000004,0.0
0.02500000000000213,-56.425000000000004,0.0
0.07500000000000284,-56.425000000000004,0.0
2.775000000000002,-56.425000000000004,0.0
2.825000000000003,-56.425000000000004,0.0
-12.625,-56.475,0.0
-12.575,-56.475,0.0
-12.524999999999999,-56.475,0.0
-12.474999999999998,-56.475,0.0
-12.424999999999999,-56.475,0.0
-12.375,-56.475,0.0
-12.325,-56.475,0.0
-12.274999999999999,-56.475,0.0
-12.224999999999998,-56.475,0.0
-3.424999999999999,-56.475,0.0
-3.3749999999999982,-56.475,0.0
-3.3249999999999993,-56.475,0.0
-3.2749999999999986,-56.475,0.0
-3.224999999999998,-56.475,0.0
-3.174999999999999,-56.475,0.0
-1.8249999999999993,-56.475,0.0
-1.7749999999999986,-56.475,0.0
-1.7249999999999979,-56.475,0.0
-1.674999999999999,-56.475,0.0
-1.6249999999999982,-56.475,0.0
-0.2749999999999986,-56.475,0.0
-0.17499999999999716,-56.475,0.0
0.07500000000000284,-56.475,0.0
2.775000000000002,-56.475,0.0
2.825000000000003,-56.475,0.0
-12.825,-56.525000000000006,0.0
-12.774999999999999,-56.525000000000006,0.0
-12.725,-56.525000000000006,0.0
-12.674999999999999,-56.525000000000006,0.0
-12.625,-56.525000000000006,0.0
-12.575,-56.525000000000006,0.0
-12.524999999999999,-56.525000000000006,0.0
-12.474999999999998,-56.525000000000006,0.0
-12.424999999999999,-56.525000000000006,0.0
-3.6249999999999982,-56.525000000000006,0.0
-3.5749999999999993,-56.525000000000006,0.0
-3.5249999999999986,-56.525000000000006,0.0
-3.474999999999998,-56.525000000000006,0.0
-3.424999999999999,-56.525000000000006,0.0
-3.3749999999999982,-56.525000000000006,0.0
-1.9749999999999979,-56.525000000000006,0.0
-1.924999999999999,-56.525000000000006,0.0
-1.8749999999999982,-56.525000000000006,0.0
-1.8249999999999993,-56.525000000000006,0.0
-1.7749999999999986,-56.525000000000006,0.0
-1.7249999999999979,-56.525000000000006,0.0
-0.42499999999999716,-56.525000000000006,0.0
-0.375,-56.525000000000006,0.0
-0.3249999999999993,-56.525000000000006,0.0
-0.2749999999999986,-56.525000000000006,0.0
-0.22499999999999787,-56.525000000000006,0.0
-0.125,-56.525000000000006,0.0
-0.07499999999999929,-56.525000000000006,0.0
-0.02499999999999858,-56.525000000000006,0.0
0.02500000000000213,-56.525000000000006,0.0
0.07500000000000284,-56.525000000000006,0.0
2.775000000000002,-56.525000000000006,0.0
2.825000000000003,-56.525000000000006,0.0
2.8750000000000036,-56.525000000000006,0.0
2.9250000000000007,-56.525000000000006,0.0
2.9750000000000014,-56.525000000000006,0.0
3.025000000000002,-56.525000000000006,0.0
3.075000000000003,-56.525000000000006,0.0
-12.975,-56.575,0.0
-12.924999999999999,-56.575,0.0
-12.875,-56.575,0.0
-12.825,-56.575,0.0
-12.774999999999999,-56.575,0.0
-12.725,-56.575,0.0
-12.674999999999999,-56.575,0.0
-12.625,-56.575,0.0
-12.575,-56.575,0.0
-3.8249999999999993,-56.575,0.0
-3.7749999999999986,-56.575,0.0
-3.724999999999998,-56.575,0.0
-3.674999999999999,-56.575,0.0
-3.6249999999999982,-56.575,0.0
-3.5749999999999993,-56.575,0.0
-2.174999999999999,-56.575,0.0
-2.1249999999999982,-56.575,0.0
-2.0749999999999993,-56.575,0.0
-2.0249999999999986,-56.575,0.0
-1.9749999999999979,-56.575,0.0
-1.924999999999999,-56.575,0.0
-0.5749999999999993,-56.575,0.0
-0.5249999999999986,-56.575,0.0
-0.47499999999999787,-56.575,0.0
-0.42499999999999716,-56.575,0.0
-0.375,-56.575,0.0
-0.3249999999999993,-56.575,0.0
-0.2749999999999986,-56.575,0.0
-0.22499999999999787,-56.575,0.0
-0.17499999999999716,-56.575,0.0
-0.125,-56.575,0.0
2.4750000000000014,-56.575,0.0
2.525000000000002,-56.575,0.0
2.575000000000003,-56.575,0.0
2.8750000000000036,-56.575,0.0
2.9250000000000007,-56.575,0.0
2.9750000000000014,-56.575,0.0
3.025000000000002,-56.575,0.0
3.075000000000003,-56.575,0.0
3.1250000000000036,-56.575,0.0
-13.075,-56.625,0.0
-13.024999999999999,-56.625,0.0
-12.975,-56.625,0.0
-12.924999999999999,-56.625,0.0
-12.875,-56.625,0.0
-12.825,-56.625,0.0
-12.774999999999999,-56.625,0.0
-4.024999999999999,-56.625,0.0
-3.974999999999998,-56.625,0.0
-3.924999999999999,-56.625,0.0
-3.8749999999999982,-56.625,0.0
-3.8249999999999993,-56.625,0.0
-3.7749999999999986,-56.625,0.0
-3.724999999999998,-56.625,0.0
-3.674999999999999,-56.625,0.0
-2.174999999999999,-56.625,0.0
-2.1249999999999982,-56.625,0.0
-0.7749999999999986,-56.625,0.0
-0.7249999999999979,-56.625,0.0
-0.6749999999999972,-56.625,0.0
-0.625,-56.625,0.0
-0.5749999999999993,-56.625,0.0
-0.5249999999999986,-56.625,0.0
-0.47499999999999787,-56.625,0.0
-0.42499999999999716,-56.625,0.0
-0.375,-56.625,0.0
2.4750000000000014,-56.625,0.0
2.525000000000002,-56.625,0.0
2.9750000000000014,-56.625,0.0
3.025000000000002,-56.625,0.0
3.075000000000003,-56.625,0.0
3.1250000000000036,-56.625,0.0
-13.075,-56.675000000000004,0.0
-13.024999999999999,-56.675000000000004,0.0
-12.975,-56.675000000000004,0.0
-4.024999999999999,-56.675000000000004,0.0
-3.974999999999998,-56.675000000000004,0.0
-3.924999999999999,-56.675000000000004,0.0
-3.8749999999999982,-56.675000000000004,0.0
-2.174999999999999,-56.675000000000004,0.0
-2.1249999999999982,-56.675000000000004,0.0
-0.9749999999999979,-56.675000000000004,0.0
-0.9249999999999989,-56.675000000000004,0.0
-0.8749999999999982,-56.675000000000004,0.0
-0.8249999999999993,-56.675000000000004,0.0
-0.7749999999999986,-56.675000000000004,0.0
-0.7249999999999979,-56.675000000000004,0.0
-0.6749999999999972,-56.675000000000004,0.0
-0.625,-56.675000000000004,0.0
-0.5749999999999993,-56.675000000000004,0.0
2.4750000000000014,-56.675000000000004,0.0
3.1250000000000036,-56.675000000000004,0.0
3.1750000000000007,-56.675000000000004,0.0
4.8750000000000036,-56.675000000000004,0.0
4.925000000000001,-56.675000000000004,0.0
-13.075,-56.725,0.0
-13.024999999999999,-56.725,0.0
-4.024999999999999,-56.725,0.0
-3.974999999999998,-56.725,0.0
-2.224999999999998,-56.725,0.0
-2.174999999999999,-56.725,0.0
-2.1249999999999982,-56.725,0.0
-1.0749999999999993,-56.725,0.0
-1.0249999999999986,-56.725,0.0
-0.9749999999999979,-56.725,0.0
-0.9249999999999989,-56.725,0.0
-0.8749999999999982,-56.725,0.0
-0.8249999999999993,-56.725,0.0
0.22500000000000142,-56.725,0.0
4.775000000000002,-56.725,0.0
4.8750000000000036,-56.725,0.0
4.925000000000001,-56.725,0.0
-13.075,-56.775000000000006,0.0
-13.024999999999999,-56.775000000000006,0.0
-4.024999999999999,-56.775000000000006,0.0
-3.974999999999998,-56.775000000000006,0.0
-2.424999999999999,-56.775000000000006,0.0
-2.3749999999999982,-56.775000000000006,0.0
-2.3249999999999993,-56.775000000000006,0.0
-2.2749999999999986,-56.775000000000006,0.0
-2.224999999999998,-56.775000000000006,0.0
-1.0749999999999993,-56.775000000000006,0.0
-1.0249999999999986,-56.775000000000006,0.0
0.125,-56.775000000000006,0.0
0.1750000000000007,-56.775000000000006,0.0
0.22500000000000142,-56.775000000000006,0.0
3.1750000000000007,-56.775000000000006,0.0
4.425000000000001,-56.775000000000006,0.0
4.8750000000000036,-56.775000000000006,0.0
4.925000000000001,-56.775000000000006,0.0
-13.075,-56.825,0.0
-13.024999999999999,-56.825,0.0
-4.024999999999999,-56.825,0.0
-3.974999999999998,-56.825,0.0
-2.5249999999999986,-56.825,0.0
-2.474999999999998,-56.825,0.0
-2.424999999999999,-56.825,0.0
-2.3749999999999982,-56.825,0.0
0.07500000000000284,-56.825,0.0
0.125,-56.825,0.0
0.1750000000000007,-56.825,0.0
0.22500000000000142,-56.825,0.0
0.27500000000000213,-56.825,0.0
0.32500000000000284,-56.825,0.0
0.375,-56.825,0.0
0.4250000000000007,-56.825,0.0
3.1750000000000007,-56.825,0.0
3.2250000000000014,-56.825,0.0
4.425000000000001,-56.825,0.0
4.475000000000001,-56.825,0.0
-13.075,-56.875,0.0
-13.024999999999999,-56.875,0.0
-4.024999999999999,-56.875,0.0
-3.974999999999998,-56.875,0.0
-2.474999999999998,-56.875,0.0
-0.8249999999999993,-56.875,0.0
-0.02499999999999858,-56.875,0.0
0.02500000000000213,-56.875,0.0
0.07500000000000284,-56.875,0.0
0.125,-56.875,0.0
0.1750000000000007,-56.875,0.0
0.22500000000000142,-56.875,0.0
3.2250000000000014,-56.875,0.0
3.275000000000002,-56.875,0.0
4.475000000000001,-56.875,0.0
4.525000000000002,-56.875,0.0
-13.075,-56.925000000000004,0.0
-13.024999999999999,-56.925000000000004,0.0
-4.024999999999999,-56.925000000000004,0.0
-3.974999999999998,-56.925000000000004,0.0
-2.474999999999998,-56.925000000000004,0.0
-0.8749999999999982,-56.925000000000004,0.0
-0.8249999999999993,-56.925000000000004,0.0
0.1750000000000007,-56.925000000000004,0.0
0.22500000000000142,-56.925000000000004,0.0
-13.075,-56.975,0.0
-13.024999999999999,-56.975,0.0
-5.624999999999998,-56.975,0.0
-4.024999999999999,-56.975,0.0
-3.974999999999998,-56.975,0.0
-2.474999999999998,-56.975,0.0
0.22500000000000142,-56.975,0.0
4.175000000000001,-56.975,0.0
-13.075,-57.025000000000006,0.0
-13.024999999999999,-57.025000000000006,0.0
-7.424999999999999,-57.025000000000006,0.0
-4.024999999999999,-57.025000000000006,0.0
-3.974999999999998,-57.025000000000006,0.0
-2.474999999999998,-57.025000000000006,0.0
-2.424999999999999,-57.025000000000006,0.0
4.175000000000001,-57.025000000000006,0.0
-13.075,-57.075,0.0
-13.024999999999999,-57.075,0.0
-4.024999999999999,-57.075,0.0
-3.974999999999998,-57.075,0.0
-2.474999999999998,-57.075,0.0
-2.424999999999999,-57.075,0.0
-13.075,-57.125,0.0
-13.024999999999999,-57.125,0.0
-5.624999999999998,-57.125,0.0
-3.974999999999998,-57.125,0.0
-2.424999999999999,-57.125,0.0
-2.3749999999999982,-57.125,0.0
-13.075,-57.175000000000004,0.0
-13.024999999999999,-57.175000000000004,0.0
-3.974999999999998,-57.175000000000004,0.0
-2.474999999999998,-57.175000000000004,0.0
-2.424999999999999,-57.175000000000004,0.0
-13.075,-57.225,0.0
-13.024999999999999,-57.225,0.0
-3.974999999999998,-57.225,0.0
-2.5749999999999993,-57.225,0.0
-2.5249999999999986,-57.225,0.0
-2.474999999999998,-57.225,0.0
-2.424999999999999,-57.225,0.0
-13.075,-57.275000000000006,0.0
-13.024999999999999,-57.275000000000006,0.0
-3.974999999999998,-57.275000000000006,0.0
-2.6249999999999982,-57.275000000000006,0.0
-2.5749999999999993,-57.275000000000006,0.0
-13.075,-57.325,0.0
-13.024999999999999,-57.325,0.0
-3.974999999999998,-57.325,0.0
-13.075,-57.375,0.0
-13.024999999999999,-57.375,0.0
-3.974999999999998,-57.375,0.0
-13.075,-57.425000000000004,0.0
-13.024999999999999,-57.425000000000004,0.0
-3.974999999999998,-57.425000000000004,0.0
-3.924999999999999,-57.425000000000004,0.0
-0.625,-57.425000000000004,0.0
-0.5749999999999993,-57.425000000000004,0.0
-13.075,-57.475,0.0
-13.024999999999999,-57.475,0.0
-3.974999999999998,-57.475,0.0
-3.924999999999999,-57.475,0.0
-0.625,-57.475,0.0
-13.075,-57.525000000000006,0.0
-13.024999999999999,-57.525000000000006,0.0
-3.974999999999998,-57.525000000000006,0.0
-3.924999999999999,-57.525000000000006,0.0
-0.6749999999999972,-57.525000000000006,0.0
-0.625,-57.525000000000006,0.0
-13.075,-57.575,0.0
-13.024999999999999,-57.575,0.0
-3.974999999999998,-57.575,0.0
-3.924999999999999,-57.575,0.0
-0.6749999999999972,-57.575,0.0
-0.625,-57.575,0.0
3.6750000000000007,-57.575,0.0
5.1250000000000036,-57.575,0.0
-13.075,-57.625,0.0
-13.024999999999999,-57.625,0.0
-6.124999999999998,-57.625,0.0
-3.974999999999998,-57.625,0.0
-3.924999999999999,-57.625,0.0
-0.6749999999999972,-57.625,0.0
2.6750000000000007,-57.625,0.0
4.225000000000001,-57.625,0.0
4.525000000000002,-57.625,0.0
4.575000000000003,-57.625,0.0
4.6250000000000036,-57.625,0.0
4.675000000000001,-57.625,0.0
4.725000000000001,-57.625,0.0
4.775000000000002,-57.625,0.0
4.825000000000003,-57.625,0.0
4.8750000000000036,-57.625,0.0
4.925000000000001,-57.625,0.0
4.975000000000001,-57.625,0.0
-13.024999999999999,-57.675000000000004,0.0
-3.974999999999998,-57.675000000000004,0.0
-3.924999999999999,-57.675000000000004,0.0
-0.6749999999999972,-57.675000000000004,0.0
2.6250000000000036,-57.675000000000004,0.0
2.6750000000000007,-57.675000000000004,0.0
2.7250000000000014,-57.675000000000004,0.0
3.6250000000000036,-57.675000000000004,0.0
3.7250000000000014,-57.675000000000004,0.0
3.775000000000002,-57.675000000000004,0.0
3.825000000000003,-57.675000000000004,0.0
3.8750000000000036,-57.675000000000004,0.0
3.9250000000000007,-57.675000000000004,0.0
3.9750000000000014,-57.675000000000004,0.0
4.075000000000003,-57.675000000000004,0.0
4.1250000000000036,-57.675000000000004,0.0
4.175000000000001,-57.675000000000004,0.0
4.225000000000001,-57.675000000000004,0.0
4.275000000000002,-57.675000000000004,0.0
4.325000000000003,-57.675000000000004,0.0
4.3750000000000036,-57.675000000000004,0.0
4.425000000000001,-57.675000000000004,0.0
4.475000000000001,-57.675000000000004,0.0
4.525000000000002,-57.675000000000004,0.0
4.575000000000003,-57.675000000000004,0.0
4.675000000000001,-57.675000000000004,0.0
4.725000000000001,-57.675000000000004,0.0
4.775000000000002,-57.675000000000004,0.0
-13.075,-57.725,0.0
-13.024999999999999,-57.725,0.0
-7.975,-57.725,0.0
-7.924999999999999,-57.725,0.0
-3.974999999999998,-57.725,0.0
-3.924999999999999,-57.725,0.0
2.575000000000003,-57.725,0.0
2.6250000000000036,-57.725,0.0
2.6750000000000007,-57.725,0.0
3.1250000000000036,-57.725,0.0
3.1750000000000007,-57.725,0.0
3.2250000000000014,-57.725,0.0
3.275000000000002,-57.725,0.0
3.325000000000003,-57.725,0.0
3.3750000000000036,-57.725,0.0
3.4250000000000007,-57.725,0.0
3.4750000000000014,-57.725,0.0
3.525000000000002,-57.725,0.0
3.575000000000003,-57.725,0.0
3.6250000000000036,-57.725,0.0
3.6750000000000007,-57.725,0.0
3.7250000000000014,-57.725,0.0
3.775000000000002,-57.725,0.0
3.825000000000003,-57.725,0.0
3.9250000000000007,-57.725,0.0
3.9750000000000014,-57.725,0.0
4.025000000000002,-57.725,0.0
4.075000000000003,-57.725,0.0
4.1250000000000036,-57.725,0.0
4.175000000000001,-57.725,0.0
4.225000000000001,-57.725,0.0
4.325000000000003,-57.725,0.0
4.575000000000003,-57.725,0.0
4.675000000000001,-57.725,0.0
-13.075,-57.775000000000006,0.0
-13.024999999999999,-57.775000000000006,0.0
-8.174999999999999,-57.775000000000006,0.0
-8.124999999999998,-57.775000000000006,0.0
-8.075,-57.775000000000006,0.0
-7.975,-57.775000000000006,0.0
-3.974999999999998,-57.775000000000006,0.0
-3.924999999999999,-57.775000000000006,0.0
2.575000000000003,-57.775000000000006,0.0
2.6250000000000036,-57.775000000000006,0.0
2.6750000000000007,-57.775000000000006,0.0
2.7250000000000014,-57.775000000000006,0.0
2.775000000000002,-57.775000000000006,0.0
2.825000000000003,-57.775000000000006,0.0
2.8750000000000036,-57.775000000000006,0.0
2.9250000000000007,-57.775000000000006,0.0
2.9750000000000014,-57.775000000000006,0.0
3.025000000000002,-57.775000000000006,0.0
3.075000000000003,-57.775000000000006,0.0
3.1250000000000036,-57.775000000000006,0.0
3.1750000000000007,-57.775000000000006,0.0
3.2250000000000014,-57.775000000000006,0.0
3.275000000000002,-57.775000000000006,0.0
3.325000000000003,-57.775000000000006,0.0
3.3750000000000036,-57.775000000000006,0.0
3.4250000000000007,-57.775000000000006,0.0
4.075000000000003,-57.775000000000006,0.0
-13.075,-57.825,0.0
-13.024999999999999,-57.825,0.0
-8.875,-57.825,0.0
-3.924999999999999,-57.825,0.0
2.575000000000003,-57.825,0.0
2.6250000000000036,-57.825,0.0
2.6750000000000007,-57.825,0.0
2.775000000000002,-57.825,0.0
2.825000000000003,-57.825,0.0
2.8750000000000036,-57.825,0.0
2.9250000000000007,-57.825,0.0
2.9750000000000014,-57.825,0.0
3.025000000000002,-57.825,0.0
-13.024999999999999,-57.875,0.0
-7.874999999999998,-57.875,0.0
-3.974999999999998,-57.875,0.0
-3.924999999999999,-57.875,0.0
2.575000000000003,-57.875,0.0
2.6250000000000036,-57.875,0.0
-13.024999999999999,-57.925000000000004,0.0
-8.124999999999998,-57.925000000000004,0.0
-7.874999999999998,-57.925000000000004,0.0
-7.524999999999999,-57.925000000000004,0.0
-5.724999999999998,-57.925000000000004,0.0
-4.224999999999998,-57.925000000000004,0.0
-4.174999999999999,-57.925000000000004,0.0
-4.124999999999998,-57.925000000000004,0.0
-4.074999999999999,-57.925000000000004,0.0
-4.024999999999999,-57.925000000000004,0.0
-3.974999999999998,-57.925000000000004,0.0
-3.924999999999999,-57.925000000000004,0.0
2.575000000000003,-57.925000000000004,0.0
2.6250000000000036,-57.925000000000004,0.0
-13.024999999999999,-57.975,0.0
-12.975,-57.975,0.0
-8.374999999999998,-57.975,0.0
-8.124999999999998,-57.975,0.0
-4.224999999999998,-57.975,0.0
-4.174999999999999,-57.975,0.0
-3.924999999999999,-57.975,0.0
2.6250000000000036,-57.975,0.0
-13.075,-58.025000000000006,0.0
-13.024999999999999,-58.025000000000006,0.0
-12.975,-58.025000000000006,0.0
-8.825,-58.025000000000006,0.0
-8.374999999999998,-58.025000000000006,0.0
-8.325,-58.025000000000006,0.0
-4.224999999999998,-58.025000000000006,0.0
-4.174999999999999,-58.025000000000006,0.0
-3.924999999999999,-58.025000000000006,0.0
-3.8749999999999982,-58.025000000000006,0.0
2.6250000000000036,-58.025000000000006,0.0
-13.024999999999999,-58.075,0.0
-12.975,-58.075,0.0
-8.875,-58.075,0.0
-8.374999999999998,-58.075,0.0
-8.325,-58.075,0.0
-4.224999999999998,-58.075,0.0
-3.924999999999999,-58.075,0.0
-0.5749999999999993,-58.075,0.0
-0.5249999999999986,-58.075,0.0
2.6250000000000036,-58.075,0.0
-13.024999999999999,-58.125,0.0
-12.975,-58.125,0.0
-8.624999999999998,-58.125,0.0
-8.575,-58.125,0.0
-8.524999999999999,-58.125,0.0
-8.475,-58.125,0.0
-8.424999999999999,-58.125,0.0
-8.374999999999998,-58.125,0.0
-8.325,-58.125,0.0
-8.274999999999999,-58.125,0.0
-4.224999999999998,-58.125,0.0
-4.174999999999999,-58.125,0.0
-3.8749999999999982,-58.125,0.0
-0.5249999999999986,-58.125,0.0
2.6250000000000036,-58.125,0.0
-13.024999999999999,-58.175000000000004,0.0
-12.975,-58.175000000000004,0.0
-8.674999999999999,-58.175000000000004,0.0
-8.624999999999998,-58.175000000000004,0.0
-8.575,-58.175000000000004,0.0
-8.524999999999999,-58.175000000000004,0.0
-8.475,-58.175000000000004,0.0
-8.424999999999999,-58.175000000000004,0.0
-8.374999999999998,-58.175000000000004,0.0
-8.325,-58.175000000000004,0.0
-8.274999999999999,-58.175000000000004,0.0
-4.224999999999998,-58.175000000000004,0.0
-4.174999999999999,-58.175000000000004,0.0
-0.5249999999999986,-58.175000000000004,0.0
2.6250000000000036,-58.175000000000004,0.0
-13.024999999999999,-58.225,0.0
-12.975,-58.225,0.0
-8.724999999999998,-58.225,0.0
-8.674999999999999,-58.225,0.0
-8.624999999999998,-58.225,0.0
-8.475,-58.225,0.0
-8.424999999999999,-58.225,0.0
-8.374999999999998,-58.225,0.0
-8.325,-58.225,0.0
-8.274999999999999,-58.225,0.0
-4.174999999999999,-58.225,0.0
-4.024999999999999,-58.225,0.0
-3.974999999999998,-58.225,0.0
-3.924999999999999,-58.225,0.0
2.6250000000000036,-58.225,0.0
-13.024999999999999,-58.275000000000006,0.0
-12.975,-58.275000000000006,0.0
-8.724999999999998,-58.275000000000006,0.0
-8.424999999999999,-58.275000000000006,0.0
-8.374999999999998,-58.275000000000006,0.0
-8.325,-58.275000000000006,0.0
-8.274999999999999,-58.275000000000006,0.0
-3.924999999999999,-58.275000000000006,0.0
2.6250000000000036,-58.275000000000006,0.0
2.6750000000000007,-58.275000000000006,0.0
-13.024999999999999,-58.325,0.0
-12.975,-58.325,0.0
-8.774999999999999,-58.325,0.0
-8.724999999999998,-58.325,0.0
-8.424999999999999,-58.325,0.0
-8.374999999999998,-58.325,0.0
-8.325,-58.325,0.0
-5.424999999999999,-58.325,0.0
-3.924999999999999,-58.325,0.0
2.6250000000000036,-58.325,0.0
2.6750000000000007,-58.325,0.0
-13.024999999999999,-58.375,0.0
-12.975,-58.375,0.0
-9.224999999999998,-58.375,0.0
-9.174999999999999,-58.375,0.0
-8.724999999999998,-58.375,0.0
-8.674999999999999,-58.375,0.0
-8.374999999999998,-58.375,0.0
-3.924999999999999,-58.375,0.0
0.27500000000000213,-58.375,0.0
0.32500000000000284,-58.375,0.0
0.375,-58.375,0.0
0.5250000000000021,-58.375,0.0
0.5750000000000028,-58.375,0.0
2.6250000000000036,-58.375,0.0
2.6750000000000007,-58.375,0.0
-13.024999999999999,-58.425000000000004,0.0
-12.975,-58.425000000000004,0.0
-9.224999999999998,-58.425000000000004,0.0
-8.724999999999998,-58.425000000000004,0.0
-8.674999999999999,-58.425000000000004,0.0
-3.924999999999999,-58.425000000000004,0.0
-3.8749999999999982,-58.425000000000004,0.0
0.1750000000000007,-58.425000000000004,0.0
0.22500000000000142,-58.425000000000004,0.0
0.27500000000000213,-58.425000000000004,0.0
0.375,-58.425000000000004,0.0
0.4250000000000007,-58.425000000000004,0.0
0.4750000000000014,-58.425000000000004,0.0
0.5250000000000021,-58.425000000000004,0.0
2.6250000000000036,-58.425000000000004,0.0
2.6750000000000007,-58.425000000000004,0.0
-13.024999999999999,-58.475,0.0
-12.975,-58.475,0.0
-8.674999999999999,-58.475,0.0
-8.624999999999998,-58.475,0.0
-8.575,-58.475,0.0
-8.524999999999999,-58.475,0.0
-3.924999999999999,-58.475,0.0
-3.8749999999999982,-58.475,0.0
0.22500000000000142,-58.475,0.0
0.27500000000000213,-58.475,0.0
0.32500000000000284,-58.475,0.0
0.375,-58.475,0.0
2.6250000000000036,-58.475,0.0
2.6750000000000007,-58.475,0.0
2.7250000000000014,-58.475,0.0
-13.024999999999999,-58.525000000000006,0.0
-12.975,-58.525000000000006,0.0
-8.624999999999998,-58.525000000000006,0.0
-8.575,-58.525000000000006,0.0
-8.524999999999999,-58.525000000000006,0.0
-8.475,-58.525000000000006,0.0
-3.924999999999999,-58.525000000000006,0.0
-3.8749999999999982,-58.525000000000006,0.0
0.32500000000000284,-58.525000000000006,0.0
0.375,-58.525000000000006,0.0
2.6250000000000036,-58.525000000000006,0.0
2.6750000000000007,-58.525000000000006,0.0
-13.024999999999999,-58.575,0.0
-12.975,-58.575,0.0
-3.924999999999999,-58.575,0.0
-3.8749999999999982,-58.575,0.0
-0.625,-58.575,0.0
-0.5749999999999993,-58.575,0.0
0.32500000000000284,-58.575,0.0
0.375,-58.575,0.0
2.6250000000000036,-58.575,0.0
2.6750000000000007,-58.575,0.0
-13.024999999999999,-58.625,0.0
-12.975,-58.625,0.0
-3.924999999999999,-58.625,0.0
-3.8749999999999982,-58.625,0.0
-0.625,-58.625,0.0
-0.5749999999999993,-58.625,0.0
0.32500000000000284,-58.625,0.0
0.375,-58.625,0.0
2.6750000000000007,-58.625,0.0
2.775000000000002,-58.625,0.0
2.825000000000003,-58.625,0.0
-13.024999999999999,-58.675000000000004,0.0
-12.975,-58.675000000000004,0.0
-5.774999999999999,-58.675000000000004,0.0
-3.924999999999999,-58.675000000000004,0.0
-3.8749999999999982,-58.675000000000004,0.0
0.32500000000000284,-58.675000000000004,0.0
0.375,-58.675000000000004,0.0
2.6750000000000007,-58.675000000000004,0.0
2.7250000000000014,-58.675000000000004,0.0
-13.024999999999999,-58.725,0.0
-12.975,-58.725,0.0
-11.325,-58.725,0.0
-11.274999999999999,-58.725,0.0
-11.224999999999998,-58.725,0.0
-3.924999999999999,-58.725,0.0
-3.8749999999999982,-58.725,0.0
0.375,-58.725,0.0
2.6750000000000007,-58.725,0.0
2.775000000000002,-58.725,0.0
-13.024999999999999,-58.775000000000006,0.0
-12.975,-58.775000000000006,0.0
-11.325,-58.775000000000006,0.0
-11.274999999999999,-58.775000000000006,0.0
-11.224999999999998,-58.775000000000006,0.0
-11.174999999999999,-58.775000000000006,0.0
-11.125,-58.775000000000006,0.0
-3.924999999999999,-58.775000000000006,0.0
-3.8749999999999982,-58.775000000000006,0.0
-2.474999999999998,-58.775000000000006,0.0
-2.424999999999999,-58.775000000000006,0.0
-2.174999999999999,-58.775000000000006,0.0
-2.1249999999999982,-58.775000000000006,0.0
0.375,-58.775000000000006,0.0
2.6750000000000007,-58.775000000000006,0.0
2.775000000000002,-58.775000000000006,0.0
2.825000000000003,-58.775000000000006,0.0
-13.024999999999999,-58.825,0.0
-12.975,-58.825,0.0
-11.174999999999999,-58.825,0.0
-11.125,-58.825,0.0
-11.075,-58.825,0.0
-9.224999999999998,-58.825,0.0
-9.174999999999999,-58.825,0.0
-3.924999999999999,-58.825,0.0
-3.8749999999999982,-58.825,0.0
-2.5749999999999993,-58.825,0.0
-2.5249999999999986,-58.825,0.0
-2.474999999999998,-58.825,0.0
-2.174999999999999,-58.825,0.0
-2.1249999999999982,-58.825,0.0
0.375,-58.825,0.0
2.6750000000000007,-58.825,0.0
-13.024999999999999,-58.875,0.0
-12.975,-58.875,0.0
-11.075,-58.875,0.0
-11.024999999999999,-58.875,0.0
-9.224999999999998,-58.875,0.0
-3.924999999999999,-58.875,0.0
-3.8749999999999982,-58.875,0.0
-2.474999999999998,-58.875,0.0
-2.174999999999999,-58.875,0.0
0.375,-58.875,0.0
2.6750000000000007,-58.875,0.0
2.775000000000002,-58.875,0.0
-13.024999999999999,-58.925000000000004,0.0
-12.975,-58.925000000000004,0.0
-11.075,-58.925000000000004,0.0
-11.024999999999999,-58.925000000000004,0.0
-10.974999999999998,-58.925000000000004,0.0
-3.8749999999999982,-58.925000000000004,0.0
0.375,-58.925000000000004,0.0
2.6750000000000007,-58.925000000000004,0.0
2.7250000000000014,-58.925000000000004,0.0
2.775000000000002,-58.925000000000004,0.0
-13.024999999999999,-58.975,0.0
-12.975,-58.975,0.0
-11.024999999999999,-58.975,0.0
-10.974999999999998,-58.975,0.0
-3.924999999999999,-58.975,0.0
-3.8749999999999982,-58.975,0.0
0.375,-58.975,0.0
2.6750000000000007,-58.975,0.0
2.7250000000000014,-58.975,0.0
2.775000000000002,-58.975,0.0
-13.024999999999999,-59.025000000000006,0.0
-12.975,-59.025000000000006,0.0
-11.524999999999999,-59.025000000000006,0.0
-11.024999999999999,-59.025000000000006,0.0
-10.974999999999998,-59.025000000000006,0.0
-10.924999999999999,-59.025000000000006,0.0
-3.8749999999999982,-59.025000000000006,0.0
0.375,-59.025000000000006,0.0
0.4250000000000007,-59.025000000000006,0.0
2.6750000000000007,-59.025000000000006,0.0
2.7250000000000014,-59.025000000000006,0.0
2.825000000000003,-59.025000000000006,0.0
-13.024999999999999,-59.075,0.0
-12.975,-59.075,0.0
-11.524999999999999,-59.075,0.0
-11.474999999999998,-59.075,0.0
-11.024999999999999,-59.075,0.0
-10.974999999999998,-59.075,0.0
-10.924999999999999,-59.075,0.0
-3.8749999999999982,-59.075,0.0
0.375,-59.075,0.0
0.4250000000000007,-59.075,0.0
2.6750000000000007,-59.075,0.0
2.7250000000000014,-59.075,0.0
2.775000000000002,-59.075,0.0
2.825000000000003,-59.075,0.0
-13.024999999999999,-59.125,0.0
-12.975,-59.125,0.0
-11.524999999999999,-59.125,0.0
-11.474999999999998,-59.125,0.0
-11.424999999999999,-59.125,0.0
-11.024999999999999,-59.125,0.0
-10.974999999999998,-59.125,0.0
-10.924999999999999,-59.125,0.0
-3.974999999999998,-59.125,0.0
-3.924999999999999,-59.125,0.0
-3.8749999999999982,-59.125,0.0
0.375,-59.125,0.0
0.4250000000000007,-59.125,0.0
2.6750000000000007,-59.125,0.0
2.7250000000000014,-59.125,0.0
2.775000000000002,-59.125,0.0
2.825000000000003,-59.125,0.0
-13.024999999999999,-59.175000000000004,0.0
-12.975,-59.175000000000004,0.0
-11.524999999999999,-59.175000000000004,0.0
-11.474999999999998,-59.175000000000004,0.0
-11.424999999999999,-59.175000000000004,0.0
-11.024999999999999,-59.175000000000004,0.0
-10.974999999999998,-59.175000000000004,0.0
-4.674999999999999,-59.175000000000004,0.0
-4.624999999999998,-59.175000000000004,0.0
-4.574999999999999,-59.175000000000004,0.0
-4.524999999999999,-59.175000000000004,0.0
-4.474999999999998,-59.175000000000004,0.0
-4.424999999999999,-59.175000000000004,0.0
-4.374999999999998,-59.175000000000004,0.0
-4.324999999999999,-59.175000000000004,0.0
-4.274999999999999,-59.175000000000004,0.0
-4.224999999999998,-59.175000000000004,0.0
-4.174999999999999,-59.175000000000004,0.0
-4.124999999999998,-59.175000000000004,0.0
-4.074999999999999,-59.175000000000004,0.0
-4.024999999999999,-59.175000000000004,0.0
-3.974999999999998,-59.175000000000004,0.0
-3.924999999999999,-59.175000000000004,0.0
-3.8749999999999982,-59.175000000000004,0.0
-0.17499999999999716,-59.175000000000004,0.0
0.4250000000000007,-59.175000000000004,0.0
2.6750000000000007,-59.175000000000004,0.0
2.7250000000000014,-59.175000000000004,0.0
2.825000000000003,-59.175000000000004,0.0
-13.024999999999999,-59.225,0.0
-12.975,-59.225,0.0
-11.474999999999998,-59.225,0.0
-11.424999999999999,-59.225,0.0
-11.325,-59.225,0.0
-11.024999999999999,-59.225,0.0
-10.974999999999998,-59.225,0.0
-4.674999999999999,-59.225,0.0
-4.624999999999998,-59.225,0.0
-4.574999999999999,-59.225,0.0
-4.524999999999999,-59.225,0.0
-4.474999999999998,-59.225,0.0
-4.424999999999999,-59.225,0.0
-4.374999999999998,-59.225,0.0
-4.324999999999999,-59.225,0.0
-4.274999999999999,-59.225,0.0
-4.224999999999998,-59.225,0.0
-4.174999999999999,-59.225,0.0
-4.124999999999998,-59.225,0.0
-4.074999999999999,-59.225,0.0
-0.22499999999999787,-59.225,0.0
0.4250000000000007,-59.225,0.0
2.6750000000000007,-59.225,0.0
2.7250000000000014,-59.225,0.0
2.825000000000003,-59.225,0.0
-13.075,-59.275000000000006,0.0
-13.024999999999999,-59.275000000000006,0.0
-12.975,-59.275000000000006,0.0
-11.474999999999998,-59.275000000000006,0.0
-11.424999999999999,-59.275000000000006,0.0
-11.375,-59.275000000000006,0.0
-11.325,-59.275000000000006,0.0
-11.274999999999999,-59.275000000000006,0.0
-11.125,-59.275000000000006,0.0
-11.075,-59.275000000000006,0.0
-11.024999999999999,-59.275000000000006,0.0
-10.974999999999998,-59.275000000000006,0.0
-4.874999999999998,-59.275000000000006,0.0
-4.824999999999999,-59.275000000000006,0.0
-4.774999999999999,-59.275000000000006,0.0
-4.724999999999998,-59.275000000000006,0.0
-4.674999999999999,-59.275000000000006,0.0
-4.624999999999998,-59.275000000000006,0.0
-0.22499999999999787,-59.275000000000006,0.0
-0.17499999999999716,-59.275000000000006,0.0
0.4250000000000007,-59.275000000000006,0.0
2.7250000000000014,-59.275000000000006,0.0
2.825000000000003,-59.275000000000006,0.0
-13.075,-59.325,0.0
-13.024999999999999,-59.325,0.0
-12.975,-59.325,0.0
-11.424999999999999,-59.325,0.0
-11.375,-59.325,0.0
-11.325,-59.325,0.0
-11.274999999999999,-59.325,0.0
-11.224999999999998,-59.325,0.0
-11.174999999999999,-59.325,0.0
-11.125,-59.325,0.0
-11.075,-59.325,0.0
-11.024999999999999,-59.325,0.0
-4.974999999999998,-59.325,0.0
-4.924999999999999,-59.325,0.0
-4.874999999999998,-59.325,0.0
-4.824999999999999,-59.325,0.0
-4.774999999999999,-59.325,0.0
-4.724999999999998,-59.325,0.0
-4.674999999999999,-59.325,0.0
-4.624999999999998,-59.325,0.0
-0.2749999999999986,-59.325,0.0
-0.22499999999999787,-59.325,0.0
-0.17499999999999716,-59.325,0.0
-0.125,-59.325,0.0
-0.07499999999999929,-59.325,0.0
-0.02499999999999858,-59.325,0.0
0.32500000000000284,-59.325,0.0
0.375,-59.325,0.0
0.4250000000000007,-59.325,0.0
0.4750000000000014,-59.325,0.0
0.5250000000000021,-59.325,0.0
2.7250000000000014,-59.325,0.0
2.825000000000003,-59.325,0.0
-13.075,-59.375,0.0
-13.024999999999999,-59.375,0.0
-12.975,-59.375,0.0
-11.325,-59.375,0.0
-11.274999999999999,-59.375,0.0
-11.224999999999998,-59.375,0.0
-11.174999999999999,-59.375,0.0
-11.125,-59.375,0.0
-4.974999999999998,-59.375,0.0
-4.924999999999999,-59.375,0.0
-4.874999999999998,-59.375,0.0
-4.824999999999999,-59.375,0.0
-4.774999999999999,-59.375,0.0
-4.724999999999998,-59.375,0.0
-4.674999999999999,-59.375,0.0
-4.624999999999998,-59.375,0.0
-4.574999999999999,-59.375,0.0
-0.3249999999999993,-59.375,0.0
-0.2749999999999986,-59.375,0.0
-0.22499999999999787,-59.375,0.0
0.1750000000000007,-59.375,0.0
0.22500000000000142,-59.375,0.0
0.27500000000000213,-59.375,0.0
0.32500000000000284,-59.375,0.0
0.375,-59.375,0.0
0.4250000000000007,-59.375,0.0
0.4750000000000014,-59.375,0.0
0.5250000000000021,-59.375,0.0
0.5750000000000028,-59.375,0.0
0.625,-59.375,0.0
0.7250000000000014,-59.375,0.0
2.7250000000000014,-59.375,0.0
2.825000000000003,-59.375,0.0
-13.024999999999999,-59.425000000000004,0.0
-12.975,-59.425000000000004,0.0
-4.974999999999998,-59.425000000000004,0.0
-4.724999999999998,-59.425000000000004,0.0
-0.125,-59.425000000000004,0.0
0.1750000000000007,-59.425000000000004,0.0
0.5750000000000028,-59.425000000000004,0.0
0.625,-59.425000000000004,0.0
2.7250000000000014,-59.425000000000004,0.0
2.775000000000002,-59.425000000000004,0.0
2.825000000000003,-59.425000000000004,0.0
-13.024999999999999,-59.475,0.0
-12.975,-59.475,0.0
-5.024999999999999,-59.475,0.0
-4.974999999999998,-59.475,0.0
0.02500000000000213,-59.475,0.0
2.7250000000000014,-59.475,0.0
2.775000000000002,-59.475,0.0
2.825000000000003,-59.475,0.0
2.8750000000000036,-59.475,0.0
2.9250000000000007,-59.475,0.0
-13.075,-59.525000000000006,0.0
-13.024999999999999,-59.525000000000006,0.0
-12.975,-59.525000000000006,0.0
-5.024999999999999,-59.525000000000006,0.0
-4.974999999999998,-59.525000000000006,0.0
-0.17499999999999716,-59.525000000000006,0.0
0.02500000000000213,-59.525000000000006,0.0
2.7250000000000014,-59.525000000000006,0.0
2.775000000000002,-59.525000000000006,0.0
2.825000000000003,-59.525000000000006,0.0
2.8750000000000036,-59.525000000000006,0.0
-13.075,-59.575,0.0
-13.024999999999999,-59.575,0.0
-12.975,-59.575,0.0
2.825000000000003,-59.575,0.0
2.8750000000000036,-59.575,0.0
2.9250000000000007,-59.575,0.0
2.9750000000000014,-59.575,0.0
-13.075,-59.625,0.0
-13.024999999999999,-59.625,0.0
-12.975,-59.625,0.0
2.825000000000003,-59.625,0.0
2.8750000000000036,-59.625,0.0
2.9250000000000007,-59.625,0.0
-13.075,-59.675000000000004,0.0
-13.024999999999999,-59.675000000000004,0.0
-12.975,-59.675000000000004,0.0
-12.924999999999999,-59.675000000000004,0.0
2.825000000000003,-59.675000000000004,0.0
2.8750000000000036,-59.675000000000004,0.0
-13.024999999999999,-59.725,0.0
-12.975,-59.725,0.0
2.825000000000003,-59.725,0.0
2.8750000000000036,-59.725,0.0
-13.024999999999999,-59.775000000000006,0.0
-12.975,-59.775000000000006,0.0
-12.924999999999999,-59.775000000000006,0.0
-6.174999999999999,-59.775000000000006,0.0
-6.124999999999998,-59.775000000000006,0.0
-6.074999999999999,-59.775000000000006,0.0
-6.024999999999999,-59.775000000000006,0.0
-5.924999999999999,-59.775000000000006,0.0
-5.824999999999999,-59.775000000000006,0.0
-5.774999999999999,-59.775000000000006,0.0
-5.724999999999998,-59.775000000000006,0.0
-5.624999999999998,-59.775000000000006,0.0
-5.574999999999999,-59.775000000000006,0.0
-5.524999999999999,-59.775000000000006,0.0
-5.474999999999998,-59.775000000000006,0.0
-5.424999999999999,-59.775000000000006,0.0
-5.374999999999998,-59.775000000000006,0.0
-5.324999999999999,-59.775000000000006,0.0
-5.274999999999999,-59.775000000000006,0.0
-5.224999999999998,-59.775000000000006,0.0
-5.174999999999999,-59.775000000000006,0.0
-5.074999999999999,-59.775000000000006,0.0
-5.024999999999999,-59.775000000000006,0.0
-4.974999999999998,-59.775000000000006,0.0
2.825000000000003,-59.775000000000006,0.0
2.8750000000000036,-59.775000000000006,0.0
2.9250000000000007,-59.775000000000006,0.0
-13.075,-59.825,0.0
-13.024999999999999,-59.825,0.0
-12.975,-59.825,0.0
-12.924999999999999,-59.825,0.0
-7.174999999999999,-59.825,0.0
-7.124999999999998,-59.825,0.0
-6.924999999999999,-59.825,0.0
-6.874999999999998,-59.825,0.0
-6.824999999999999,-59.825,0.0
-6.774999999999999,-59.825,0.0
-6.724999999999998,-59.825,0.0
-6.674999999999999,-59.825,0.0
-6.624999999999998,-59.825,0.0
-6.574999999999999,-59.825,0.0
-6.524999999999999,-59.825,0.0
-6.474999999999998,-59.825,0.0
-6.424999999999999,-59.825,0.0
-6.374999999999998,-59.825,0.0
-6.324999999999999,-59.825,0.0
-6.274999999999999,-59.825,0.0
-6.224999999999998,-59.825,0.0
-6.174999999999999,-59.825,0.0
-6.124999999999998,-59.825,0.0
-6.074999999999999,-59.825,0.0
-6.024999999999999,-59.825,0.0
-5.974999999999998,-59.825,0.0
-5.924999999999999,-59.825,0.0
-5.874999999999998,-59.825,0.0
-5.824999999999999,-59.825,0.0
-5.774999999999999,-59.825,0.0
-5.724999999999998,-59.825,0.0
-5.674999999999999,-59.825,0.0
-5.624999999999998,-59.825,0.0
-5.524999999999999,-59.825,0.0
-5.474999999999998,-59.825,0.0
-5.374999999999998,-59.825,0.0
-5.274999999999999,-59.825,0.0
-5.174999999999999,-59.825,0.0
-5.124999999999998,-59.825,0.0
-5.074999999999999,-59.825,0.0
2.825000000000003,-59.825,0.0
2.8750000000000036,-59.825,0.0
2.9250000000000007,-59.825,0.0
2.9750000000000014,-59.825,0.0
-13.075,-59.875,0.0
-13.024999999999999,-59.875,0.0
-12.975,-59.875,0.0
-7.725,-59.875,0.0
-7.624999999999998,-59.875,0.0
-7.574999999999999,-59.875,0.0
-7.475,-59.875,0.0
-7.324999999999999,-59.875,0.0
-7.274999999999999,-59.875,0.0
-7.225,-59.875,0.0
-7.174999999999999,-59.875,0.0
-7.124999999999998,-59.875,0.0
-7.074999999999999,-59.875,0.0
-7.024999999999999,-59.875,0.0
-6.974999999999998,-59.875,0.0
-6.924999999999999,-59.875,0.0
-6.874999999999998,-59.875,0.0
-6.824999999999999,-59.875,0.0
-6.774999999999999,-59.875,0.0
-6.724999999999998,-59.875,0.0
-6.674999999999999,-59.875,0.0
-6.624999999999998,-59.875,0.0
-6.574999999999999,-59.875,0.0
-6.524999999999999,-59.875,0.0
-6.474999999999998,-59.875,0.0
-6.374999999999998,-59.875,0.0
-6.274999999999999,-59.875,0.0
-6.174999999999999,-59.875,0.0
-6.124999999999998,-59.875,0.0
-6.074999999999999,-59.875,0.0
-5.824999999999999,-59.875,0.0
-5.724999999999998,-59.875,0.0
-5.524999999999999,-59.875,0.0
-5.474999999999998,-59.875,0.0
-5.374999999999998,-59.875,0.0
-5.324999999999999,-59.875,0.0
2.825000000000003,-59.875,0.0
2.8750000000000036,-59.875,0.0
2.9250000000000007,-59.875,0.0
2.9750000000000014,-59.875,0.0
-13.075,-59.925000000000004,0.0
-13.024999999999999,-59.925000000000004,0.0
-7.874999999999998,-59.925000000000004,0.0
-7.774999999999999,-59.925000000000004,0.0
-7.674999999999999,-59.925000000000004,0.0
-7.574999999999999,-59.925000000000004,0.0
-7.524999999999999,-59.925000000000004,0.0
-7.475,-59.925000000000004,0.0
-7.124999999999998,-59.925000000000004,0.0
-7.074999999999999,-59.925000000000004,0.0
-7.024999999999999,-59.925000000000004,0.0
-6.974999999999998,-59.925000000000004,0.0
-6.874999999999998,-59.925000000000004,0.0
-6.624999999999998,-59.925000000000004,0.0
-6.524999999999999,-59.925000000000004,0.0
-6.024999999999999,-59.925000000000004,0.0
2.825000000000003,-59.925000000000004,0.0
2.8750000000000036,-59.925000000000004,0.0
2.9250000000000007,-59.925000000000004,0.0
2.9750000000000014,-59.925000000000004,0.0
-13.075,-59.975,0.0
-13.024999999999999,-59.975,0.0
-8.174999999999999,-59.975,0.0
-7.524999999999999,-59.975,0.0
-7.475,-59.975,0.0
-7.424999999999999,-59.975,0.0
-7.374999999999998,-59.975,0.0
-7.274999999999999,-59.975,0.0
-7.225,-59.975,0.0
-7.174999999999999,-59.975,0.0
-7.124999999999998,-59.975,0.0
-7.074999999999999,-59.975,0.0
-7.024999999999999,-59.975,0.0
-6.974999999999998,-59.975,0.0
2.825000000000003,-59.975,0.0
2.8750000000000036,-59.975,0.0
2.9250000000000007,-59.975,0.0
2.9750000000000014,-59.975,0.0
-13.075,-60.025000000000006,0.0
-13.024999999999999,-60.025000000000006,0.0
-8.174999999999999,-60.025000000000006,0.0
-8.124999999999998,-60.025000000000006,0.0
-7.924999999999999,-60.025000000000006,0.0
-7.725,-60.025000000000006,0.0
-7.674999999999999,-60.025000000000006,0.0
-7.624999999999998,-60.025000000000006,0.0
-7.574999999999999,-60.025000000000006,0.0
-7.524999999999999,-60.025000000000006,0.0
-7.475,-60.025000000000006,0.0
-7.374999999999998,-60.025000000000006,0.0
-7.324999999999999,-60.025000000000006,0.0
-7.274999999999999,-60.025000000000006,0.0
-7.174999999999999,-60.025000000000006,0.0
-7.124999999999998,-60.025000000000006,0.0
-7.074999999999999,-60.025000000000006,0.0
2.8750000000000036,-60.025000000000006,0.0
2.9250000000000007,-60.025000000000006,0.0
2.9750000000000014,-60.025000000000006,0.0
-13.075,-60.075,0.0
-13.024999999999999,-60.075,0.0
-8.374999999999998,-60.075,0.0
-8.274999999999999,-60.075,0.0
-8.174999999999999,-60.075,0.0
-8.124999999999998,-60.075,0.0
-8.075,-60.075,0.0
-7.975,-60.075,0.0
-7.924999999999999,-60.075,0.0
-7.874999999999998,-60.075,0.0
-7.824999999999999,-60.075,0.0
-7.774999999999999,-60.075,0.0
-7.624999999999998,-60.075,0.0
2.8750000000000036,-60.075,0.0
2.9250000000000007,-60.075,0.0
2.9750000000000014,-60.075,0.0
-13.075,-60.125,0.0
-13.024999999999999,-60.125,0.0
-8.924999999999999,-60.125,0.0
-8.825,-60.125,0.0
-8.774999999999999,-60.125,0.0
-8.724999999999998,-60.125,0.0
-8.674999999999999,-60.125,0.0
-8.624999999999998,-60.125,0.0
-8.575,-60.125,0.0
-8.475,-60.125,0.0
-8.424999999999999,-60.125,0.0
-8.374999999999998,-60.125,0.0
-8.325,-60.125,0.0
-8.174999999999999,-60.125,0.0
-8.124999999999998,-60.125,0.0
2.8750000000000036,-60.125,0.0
2.9250000000000007,-60.125,0.0
2.9750000000000014,-60.125,0.0
-13.125,-60.175000000000004,0.0
-13.075,-60.175000000000004,0.0
-13.024999999999999,-60.175000000000004,0.0
-9.325,-60.175000000000004,0.0
-9.274999999999999,-60.175000000000004,0.0
-9.224999999999998,-60.175000000000004,0.0
-9.174999999999999,-60.175000000000004,0.0
-9.125,-60.175000000000004,0.0
-9.075,-60.175000000000004,0.0
-9.024999999999999,-60.175000000000004,0.0
-8.974999999999998,-60.175000000000004,0.0
-8.924999999999999,-60.175000000000004,0.0
-8.875,-60.175000000000004,0.0
-8.825,-60.175000000000004,0.0
-8.774999999999999,-60.175000000000004,0.0
-8.724999999999998,-60.175000000000004,0.0
-8.575,-60.175000000000004,0.0
-8.524999999999999,-60.175000000000004,0.0
-8.475,-60.175000000000004,0.0
2.8750000000000036,-60.175000000000004,0.0
2.9250000000000007,-60.175000000000004,0.0
2.9750000000000014,-60.175000000000004,0.0
-13.075,-60.225,0.0
-13.024999999999999,-60.225,0.0
-9.674999999999999,-60.225,0.0
-9.625,-60.225,0.0
-9.575,-60.225,0.0
-9.524999999999999,-60.225,0.0
-9.474999999999998,-60.225,0.0
-9.424999999999999,-60.225,0.0
-9.375,-60.225,0.0
-9.325,-60.225,0.0
-9.274999999999999,-60.225,0.0
-9.224999999999998,-60.225,0.0
-9.174999999999999,-60.225,0.0
-9.125,-60.225,0.0
2.8750000000000036,-60.225,0.0
2.9250000000000007,-60.225,0.0
2.9750000000000014,-60.225,0.0
-13.075,-60.275000000000006,0.0
-13.024999999999999,-60.275000000000006,0.0
-10.274999999999999,-60.275000000000006,0.0
-10.174999999999999,-60.275000000000006,0.0
-10.125,-60.275000000000006,0.0
-10.075,-60.275000000000006,0.0
-10.024999999999999,-60.275000000000006,0.0
-9.974999999999998,-60.275000000000006,0.0
-9.875,-60.275000000000006,0.0
-9.825,-60.275000000000006,0.0
-9.774999999999999,-60.275000000000006,0.0
-9.724999999999998,-60.275000000000006,0.0
-9.674999999999999,-60.275000000000006,0.0
-9.625,-60.275000000000006,0.0
-9.575,-60.275000000000006,0.0
2.8750000000000036,-60.275000000000006,0.0
2.9250000000000007,-60.275000000000006,0.0
2.9750000000000014,-60.275000000000006,0.0
-13.125,-60.325,0.0
-13.075,-60.325,0.0
-13.024999999999999,-60.325,0.0
-10.575,-60.325,0.0
-10.524999999999999,-60.325,0.0
-10.474999999999998,-60.325,0.0
-10.424999999999999,-60.325,0.0
-10.375,-60.325,0.0
-10.325,-60.325,0.0
-10.274999999999999,-60.325,0.0
-10.224999999999998,-60.325,0.0
-10.174999999999999,-60.325,0.0
-10.125,-60.325,0.0
-10.075,-60.325,0.0
-10.024999999999999,-60.325,0.0
2.8750000000000036,-60.325,0.0
2.9250000000000007,-60.325,0.0
-13.075,-60.375,0.0
-13.024999999999999,-60.375,0.0
-10.575,-60.375,0.0
-10.524999999999999,-60.375,0.0
-10.474999999999998,-60.375,0.0
2.8750000000000036,-60.375,0.0
2.9250000000000007,-60.375,0.0
-13.125,-60.425000000000004,0.0
-13.075,-60.425000000000004,0.0
-13.024999999999999,-60.425000000000004,0.0
-10.575,-60.425000000000004,0.0
-10.524999999999999,-60.425000000000004,0.0
0.8250000000000028,-60.425000000000004,0.0
2.825000000000003,-60.425000000000004,0.0
2.8750000000000036,-60.425000000000004,0.0
2.9250000000000007,-60.425000000000004,0.0
-13.075,-60.475,0.0
-13.024999999999999,-60.475,0.0
0.8250000000000028,-60.475,0.0
2.825000000000003,-60.475,0.0
2.8750000000000036,-60.475,0.0
2.9250000000000007,-60.475,0.0
-13.125,-60.525000000000006,0.0
-13.075,-60.525000000000006,0.0
-13.024999999999999,-60.525000000000006,0.0
-2.3249999999999993,-60.525000000000006,0.0
-1.6249999999999982,-60.525000000000006,0.0
2.825000000000003,-60.525000000000006,0.0
2.8750000000000036,-60.525000000000006,0.0
-13.075,-60.575,0.0
-13.024999999999999,-60.575,0.0
-10.575,-60.575,0.0
-10.524999999999999,-60.575,0.0
-2.3249999999999993,-60.575,0.0
-2.2749999999999986,-60.575,0.0
-1.6249999999999982,-60.575,0.0
0.22500000000000142,-60.575,0.0
2.825000000000003,-60.575,0.0
2.8750000000000036,-60.575,0.0
-13.075,-60.625,0.0
-13.024999999999999,-60.625,0.0
-10.575,-60.625,0.0
-10.524999999999999,-60.625,0.0
-2.3249999999999993,-60.625,0.0
-2.2749999999999986,-60.625,0.0
2.825000000000003,-60.625,0.0
2.8750000000000036,-60.625,0.0
-13.125,-60.675000000000004,0.0
-13.075,-60.675000000000004,0.0
-13.024999999999999,-60.675000000000004,0.0
-10.575,-60.675000000000004,0.0
-10.524999999999999,-60.675000000000004,0.0
-10.474999999999998,-60.675000000000004,0.0
2.825000000000003,-60.675000000000004,0.0
2.8750000000000036,-60.675000000000004,0.0
2.9250000000000007,-60.675000000000004,0.0
2.9750000000000014,-60.675000000000004,0.0
-13.125,-60.725,0.0
-13.075,-60.725,0.0
-13.024999999999999,-60.725,0.0
2.825000000000003,-60.725,0.0
2.8750000000000036,-60.725,0.0
2.9250000000000007,-60.725,0.0
2.9750000000000014,-60.725,0.0
3.025000000000002,-60.725,0.0
-13.075,-60.775000000000006,0.0
-13.024999999999999,-60.775000000000006,0.0
-12.975,-60.775000000000006,0.0
-12.924999999999999,-60.775000000000006,0.0
-10.524999999999999,-60.775000000000006,0.0
2.825000000000003,-60.775000000000006,0.0
2.8750000000000036,-60.775000000000006,0.0
2.9250000000000007,-60.775000000000006,0.0
2.9750000000000014,-60.775000000000006,0.0
3.025000000000002,-60.775000000000006,0.0
3.075000000000003,-60.775000000000006,0.0
-13.024999999999999,-60.825,0.0
-12.975,-60.825,0.0
-12.924999999999999,-60.825,0.0
2.825000000000003,-60.825,0.0
2.8750000000000036,-60.825,0.0
2.9250000000000007,-60.825,0.0
2.9750000000000014,-60.825,0.0
3.025000000000002,-60.825,0.0
3.075000000000003,-60.825,0.0
-13.024999999999999,-60.875,0.0
-12.975,-60.875,0.0
-12.924999999999999,-60.875,0.0
-10.524999999999999,-60.875,0.0
-10.474999999999998,-60.875,0.0
2.825000000000003,-60.875,0.0
2.9250000000000007,-60.875,0.0
2.9750000000000014,-60.875,0.0
3.025000000000002,-60.875,0.0
3.075000000000003,-60.875,0.0
3.1250000000000036,-60.875,0.0
-13.024999999999999,-60.925000000000004,0.0
-12.975,-60.925000000000004,0.0
-12.924999999999999,-60.925000000000004,0.0
-10.474999999999998,-60.925000000000004,0.0
3.025000000000002,-60.925000000000004,0.0
3.075000000000003,-60.925000000000004,0.0
3.1250000000000036,-60.925000000000004,0.0
3.1750000000000007,-60.925000000000004,0.0
3.2250000000000014,-60.925000000000004,0.0
-13.024999999999999,-60.975,0.0
-12.975,-60.975,0.0
-12.924999999999999,-60.975,0.0
-10.524999999999999,-60.975,0.0
-10.474999999999998,-60.975,0.0
0.875,-60.975,0.0
0.9250000000000007,-60.975,0.0
3.1250000000000036,-60.975,0.0
3.1750000000000007,-60.975,0.0
3.2250000000000014,-60.975,0.0
3.275000000000002,-60.975,0.0
3.325000000000003,-60.975,0.0
-14.375,-61.025000000000006,0.0
-14.024999999999999,-61.025000000000006,0.0
-13.975,-61.025000000000006,0.0
-13.024999999999999,-61.025000000000006,0.0
-12.975,-61.025000000000006,0.0
-12.924999999999999,-61.025000000000006,0.0
-10.474999999999998,-61.025000000000006,0.0
0.875,-61.025000000000006,0.0
0.9250000000000007,-61.025000000000006,0.0
0.9750000000000014,-61.025000000000006,0.0
3.1750000000000007,-61.025000000000006,0.0
3.2250000000000014,-61.025000000000006,0.0
3.275000000000002,-61.025000000000006,0.0
3.325000000000003,-61.025000000000006,0.0
3.3750000000000036,-61.025000000000006,0.0
3.4250000000000007,-61.025000000000006,0.0
-14.375,-61.075,0.0
-14.274999999999999,-61.075,0.0
-14.225,-61.075,0.0
-14.174999999999999,-61.075,0.0
-14.125,-61.075,0.0
-14.075,-61.075,0.0
-14.024999999999999,-61.075,0.0
-13.975,-61.075,0.0
-13.924999999999999,-61.075,0.0
-13.174999999999999,-61.075,0.0
-13.125,-61.075,0.0
-13.075,-61.075,0.0
-13.024999999999999,-61.075,0.0
-12.975,-61.075,0.0
-12.924999999999999,-61.075,0.0
-10.474999999999998,-61.075,0.0
0.8250000000000028,-61.075,0.0
0.875,-61.075,0.0
0.9250000000000007,-61.075,0.0
3.275000000000002,-61.075,0.0
3.325000000000003,-61.075,0.0
3.3750000000000036,-61.075,0.0
3.4250000000000007,-61.075,0.0
3.4750000000000014,-61.075,0.0
-14.375,-61.125,0.0
-14.274999999999999,-61.125,0.0
-14.225,-61.125,0.0
-13.174999999999999,-61.125,0.0
-13.125,-61.125,0.0
-13.075,-61.125,0.0
-13.024999999999999,-61.125,0.0
-12.975,-61.125,0.0
-12.924999999999999,-61.125,0.0
-10.474999999999998,-61.125,0.0
0.8250000000000028,-61.125,0.0
0.875,-61.125,0.0
0.9250000000000007,-61.125,0.0
3.3750000000000036,-61.125,0.0
3.4250000000000007,-61.125,0.0
3.4750000000000014,-61.125,0.0
3.525000000000002,-61.125,0.0
3.575000000000003,-61.125,0.0
-16.575,-61.175000000000004,0.0
-16.525,-61.175000000000004,0.0
-14.375,-61.175000000000004,0.0
-14.325,-61.175000000000004,0.0
-14.274999999999999,-61.175000000000004,0.0
-14.225,-61.175000000000004,0.0
-13.975,-61.175000000000004,0.0
-13.924999999999999,-61.175000000000004,0.0
-13.875,-61.175000000000004,0.0
-13.825,-61.175000000000004,0.0
-13.774999999999999,-61.175000000000004,0.0
-13.725,-61.175000000000004,0.0
-13.674999999999999,-61.175000000000004,0.0
-13.625,-61.175000000000004,0.0
-13.575,-61.175000000000004,0.0
-13.524999999999999,-61.175000000000004,0.0
-13.424999999999999,-61.175000000000004,0.0
-13.375,-61.175000000000004,0.0
-13.325,-61.175000000000004,0.0
-13.274999999999999,-61.175000000000004,0.0
-13.225,-61.175000000000004,0.0
-13.174999999999999,-61.175000000000004,0.0
-13.125,-61.175000000000004,0.0
-13.075,-61.175000000000004,0.0
-13.024999999999999,-61.175000000000004,0.0
-12.975,-61.175000000000004,0.0
-12.924999999999999,-61.175000000000004,0.0
-10.474999999999998,-61.175000000000004,0.0
0.8250000000000028,-61.175000000000004,0.0
0.875,-61.175000000000004,0.0
0.9250000000000007,-61.175000000000004,0.0
3.4250000000000007,-61.175000000000004,0.0
3.4750000000000014,-61.175000000000004,0.0
3.525000000000002,-61.175000000000004,0.0
3.575000000000003,-61.175000000000004,0.0
3.6250000000000036,-61.175000000000004,0.0
-14.375,-61.225,0.0
-14.325,-61.225,0.0
-14.274999999999999,-61.225,0.0
-14.024999999999999,-61.225,0.0
-13.975,-61.225,0.0
-13.924999999999999,-61.225,0.0
-13.875,-61.225,0.0
-13.825,-61.225,0.0
-13.774999999999999,-61.225,0.0
-13.725,-61.225,0.0
-13.674999999999999,-61.225,0.0
-13.625,-61.225,0.0
-13.575,-61.225,0.0
-13.524999999999999,-61.225,0.0
-13.475,-61.225,0.0
-13.424999999999999,-61.225,0.0
-13.375,-61.225,0.0
-13.325,-61.225,0.0
-13.274999999999999,-61.225,0.0
-13.225,-61.225,0.0
-13.174999999999999,-61.225,0.0
-13.125,-61.225,0.0
-13.075,-61.225,0.0
-13.024999999999999,-61.225,0.0
-12.975,-61.225,0.0
-10.474999999999998,-61.225,0.0
0.8250000000000028,-61.225,0.0
0.875,-61.225,0.0
0.9250000000000007,-61.225,0.0
3.525000000000002,-61.225,0.0
3.575000000000003,-61.225,0.0
3.6250000000000036,-61.225,0.0
3.6750000000000007,-61.225,0.0
3.7250000000000014,-61.225,0.0
-16.575,-61.275000000000006,0.0
-14.375,-61.275000000000006,0.0
-14.325,-61.275000000000006,0.0
0.8250000000000028,-61.275000000000006,0.0
0.875,-61.275000000000006,0.0
0.9250000000000007,-61.275000000000006,0.0
3.6250000000000036,-61.275000000000006,0.0
3.6750000000000007,-61.275000000000006,0.0
3.7250000000000014,-61.275000000000006,0.0
-16.575,-61.325,0.0
-14.375,-61.325,0.0
-14.325,-61.325,0.0
-10.474999999999998,-61.325,0.0
0.8250000000000028,-61.325,0.0
0.875,-61.325,0.0
0.9250000000000007,-61.325,0.0
3.7250000000000014,-61.325,0.0
3.775000000000002,-61.325,0.0
-16.625,-61.375,0.0
-16.575,-61.375,0.0
-16.125,-61.375,0.0
-14.375,-61.375,0.0
-14.325,-61.375,0.0
0.8250000000000028,-61.375,0.0
0.875,-61.375,0.0
0.9250000000000007,-61.375,0.0
3.7250000000000014,-61.375,0.0
3.775000000000002,-61.375,0.0
-16.625,-61.425000000000004,0.0
-16.575,-61.425000000000004,0.0
-14.375,-61.425000000000004,0.0
-14.325,-61.425000000000004,0.0
-10.474999999999998,-61.425000000000004,0.0
-10.424999999999999,-61.425000000000004,0.0
0.8250000000000028,-61.425000000000004,0.0
0.875,-61.425000000000004,0.0
0.9250000000000007,-61.425000000000004,0.0
-16.625,-61.475,0.0
-16.175,-61.475,0.0
-15.875,-61.475,0.0
-15.825,-61.475,0.0
-15.725,-61.475,0.0
-15.674999999999999,-61.475,0.0
-15.625,-61.475,0.0
-15.575,-61.475,0.0
-15.524999999999999,-61.475,0.0
-15.475,-61.475,0.0
-15.424999999999999,-61.475,0.0
-15.375,-61.475,0.0
-15.325,-61.475,0.0
-15.274999999999999,-61.475,0.0
-15.225,-61.475,0.0
-15.174999999999999,-61.475,0.0
-15.125,-61.475,0.0
-15.075,-61.475,0.0
-15.024999999999999,-61.475,0.0
-14.975,-61.475,0.0
-14.924999999999999,-61.475,0.0
-14.875,-61.475,0.0
-14.825,-61.475,0.0
-14.774999999999999,-61.475,0.0
-14.725,-61.475,0.0
-14.674999999999999,-61.475,0.0
-14.625,-61.475,0.0
-14.575,-61.475,0.0
-14.524999999999999,-61.475,0.0
-14.475,-61.475,0.0
-14.424999999999999,-61.475,0.0
-14.375,-61.475,0.0
-14.325,-61.475,0.0
0.8250000000000028,-61.475,0.0
0.875,-61.475,0.0
0.9250000000000007,-61.475,0.0
-16.625,-61.525000000000006,0.0
-16.025,-61.525000000000006,0.0
-15.975,-61.525000000000006,0.0
-15.924999999999999,-61.525000000000006,0.0
-15.875,-61.525000000000006,0.0
-15.825,-61.525000000000006,0.0
-15.774999999999999,-61.525000000000006,0.0
-15.725,-61.525000000000006,0.0
-15.674999999999999,-61.525000000000006,0.0
-15.625,-61.525000000000006,0.0
-15.575,-61.525000000000006,0.0
-15.524999999999999,-61.525000000000006,0.0
-15.475,-61.525000000000006,0.0
-15.424999999999999,-61.525000000000006,0.0
-15.375,-61.525000000000006,0.0
-15.325,-61.525000000000006,0.0
-15.274999999999999,-61.525000000000006,0.0
-15.225,-61.525000000000006,0.0
-15.174999999999999,-61.525000000000006,0.0
-15.125,-61.525000000000006,0.0
-15.075,-61.525000000000006,0.0
-15.024999999999999,-61.525000000000006,0.0
-14.975,-61.525000000000006,0.0
-14.924999999999999,-61.525000000000006,0.0
-14.875,-61.525000000000006,0.0
-14.825,-61.525000000000006,0.0
-14.774999999999999,-61.525000000000006,0.0
-14.725,-61.525000000000006,0.0
-14.674999999999999,-61.525000000000006,0.0
-14.625,-61.525000000000006,0.0
-14.575,-61.525000000000006,0.0
-14.524999999999999,-61.525000000000006,0.0
-14.475,-61.525000000000006,0.0
-14.424999999999999,-61.525000000000006,0.0
-14.375,-61.525000000000006,0.0
-10.474999999999998,-61.525000000000006,0.0
-10.424999999999999,-61.525000000000006,0.0
0.8250000000000028,-61.525000000000006,0.0
0.875,-61.525000000000006,0.0
0.9250000000000007,-61.525000000000006,0.0
-16.625,-61.575,0.0
-15.725,-61.575,0.0
-15.674999999999999,-61.575,0.0
-15.625,-61.575,0.0
-15.575,-61.575,0.0
-15.524999999999999,-61.575,0.0
0.8250000000000028,-61.575,0.0
0.875,-61.575,0.0
0.9250000000000007,-61.575,0.0
-16.625,-61.625,0.0
-16.575,-61.625,0.0
-10.424999999999999,-61.625,0.0
0.8250000000000028,-61.625,0.0
0.875,-61.625,0.0
0.9250000000000007,-61.625,0.0
-16.625,-61.675000000000004,0.0
-16.575,-61.675000000000004,0.0
-16.125,-61.675000000000004,0.0
-16.075,-61.675000000000004,0.0
-16.025,-61.675000000000004,0.0
-10.424999999999999,-61.675000000000004,0.0
0.8250000000000028,-61.675000000000004,0.0
0.875,-61.675000000000004,0.0
0.9250000000000007,-61.675000000000004,0.0
0.9750000000000014,-61.675000000000004,0.0
-16.625,-61.725,0.0
-16.575,-61.725,0.0
-16.125,-61.725,0.0
-16.025,-61.725,0.0
-15.975,-61.725,0.0
-15.924999999999999,-61.725,0.0
-15.875,-61.725,0.0
-15.825,-61.725,0.0
-10.424999999999999,-61.725,0.0
0.875,-61.725,0.0
0.9250000000000007,-61.725,0.0
0.9750000000000014,-61.725,0.0
-16.625,-61.775000000000006,0.0
-16.575,-61.775000000000006,0.0
-16.025,-61.775000000000006,0.0
-15.924999999999999,-61.775000000000006,0.0
-15.825,-61.775000000000006,0.0
-15.774999999999999,-61.775000000000006,0.0
-15.725,-61.775000000000006,0.0
-15.674999999999999,-61.775000000000006,0.0
-10.424999999999999,-61.775000000000006,0.0
-2.1249999999999982,-61.775000000000006,0.0
-2.0749999999999993,-61.775000000000006,0.0
0.875,-61.775000000000006,0.0
0.9250000000000007,-61.775000000000006,0.0
0.9750000000000014,-61.775000000000006,0.0
2.9250000000000007,-61.775000000000006,0.0
2.9750000000000014,-61.775000000000006,0.0
3.025000000000002,-61.775000000000006,0.0
3.075000000000003,-61.775000000000006,0.0
-16.625,-61.825,0.0
-16.025,-61.825,0.0
-15.975,-61.825,0.0
-15.825,-61.825,0.0
-15.774999999999999,-61.825,0.0
-15.725,-61.825,0.0
-15.674999999999999,-61.825,0.0
-15.625,-61.825,0.0
-15.575,-61.825,0.0
-15.524999999999999,-61.825,0.0
-15.475,-61.825,0.0
-10.474999999999998,-61.825,0.0
-10.424999999999999,-61.825,0.0
-10.375,-61.825,0.0
-2.1249999999999982,-61.825,0.0
-2.0749999999999993,-61.825,0.0
0.875,-61.825,0.0
0.9250000000000007,-61.825,0.0
0.9750000000000014,-61.825,0.0
2.9250000000000007,-61.825,0.0
2.9750000000000014,-61.825,0.0
-16.625,-61.875,0.0
-15.924999999999999,-61.875,0.0
-15.825,-61.875,0.0
-15.774999999999999,-61.875,0.0
-15.725,-61.875,0.0
-15.625,-61.875,0.0
-15.575,-61.875,0.0
-15.524999999999999,-61.875,0.0
-15.475,-61.875,0.0
-10.424999999999999,-61.875,0.0
-10.375,-61.875,0.0
-2.0749999999999993,-61.875,0.0
0.875,-61.875,0.0
0.9250000000000007,-61.875,0.0
0.9750000000000014,-61.875,0.0
2.9250000000000007,-61.875,0.0
2.9750000000000014,-61.875,0.0
-16.625,-61.925000000000004,0.0
-16.575,-61.925000000000004,0.0
-15.975,-61.925000000000004,0.0
-15.924999999999999,-61.925000000000004,0.0
-15.875,-61.925000000000004,0.0
-15.674999999999999,-61.925000000000004,0.0
-15.575,-61.925000000000004,0.0
-15.524999999999999,-61.925000000000004,0.0
-15.475,-61.925000000000004,0.0
-14.875,-61.925000000000004,0.0
-14.725,-61.925000000000004,0.0
-14.424999999999999,-61.925000000000004,0.0
-2.0749999999999993,-61.925000000000004,0.0
0.9250000000000007,-61.925000000000004,0.0
0.9750000000000014,-61.925000000000004,0.0
2.9250000000000007,-61.925000000000004,0.0
2.9750000000000014,-61.925000000000004,0.0
3.6250000000000036,-61.925000000000004,0.0
3.6750000000000007,-61.925000000000004,0.0
3.7250000000000014,-61.925000000000004,0.0
3.775000000000002,-61.925000000000004,0.0
3.825000000000003,-61.925000000000004,0.0
3.8750000000000036,-61.925000000000004,0.0
-16.625,-61.975,0.0
-16.575,-61.975,0.0
-15.674999999999999,-61.975,0.0
-15.625,-61.975,0.0
-15.575,-61.975,0.0
-15.524999999999999,-61.975,0.0
-15.475,-61.975,0.0
-14.924999999999999,-61.975,0.0
-14.875,-61.975,0.0
-14.774999999999999,-61.975,0.0
-10.375,-61.975,0.0
-2.0749999999999993,-61.975,0.0
0.9250000000000007,-61.975,0.0
0.9750000000000014,-61.975,0.0
1.0250000000000021,-61.975,0.0
2.9250000000000007,-61.975,0.0
2.9750000000000014,-61.975,0.0
3.1750000000000007,-61.975,0.0
3.2250000000000014,-61.975,0.0
3.275000000000002,-61.975,0.0
3.325000000000003,-61.975,0.0
3.3750000000000036,-61.975,0.0
3.4250000000000007,-61.975,0.0
3.4750000000000014,-61.975,0.0
3.525000000000002,-61.975,0.0
3.575000000000003,-61.975,0.0
3.6250000000000036,-61.975,0.0
3.6750000000000007,-61.975,0.0
3.7250000000000014,-61.975,0.0
3.775000000000002,-61.975,0.0
3.825000000000003,-61.975,0.0
-16.625,-62.025000000000006,0.0
-16.575,-62.025000000000006,0.0
-15.575,-62.025000000000006,0.0
-15.524999999999999,-62.025000000000006,0.0
-2.0749999999999993,-62.025000000000006,0.0
0.9250000000000007,-62.025000000000006,0.0
0.9750000000000014,-62.025000000000006,0.0
1.0250000000000021,-62.025000000000006,0.0
2.9250000000000007,-62.025000000000006,0.0
2.9750000000000014,-62.025000000000006,0.0
3.2250000000000014,-62.025000000000006,0.0
3.275000000000002,-62.025000000000006,0.0
3.325000000000003,-62.025000000000006,0.0
3.3750000000000036,-62.025000000000006,0.0
-16.625,-62.075,0.0
-16.575,-62.075,0.0
-15.625,-62.075,0.0
-15.575,-62.075,0.0
-15.524999999999999,-62.075,0.0
-13.024999999999999,-62.075,0.0
-12.975,-62.075,0.0
-10.375,-62.075,0.0
-2.0749999999999993,-62.075,0.0
0.9250000000000007,-62.075,0.0
0.9750000000000014,-62.075,0.0
1.0250000000000021,-62.075,0.0
2.9250000000000007,-62.075,0.0
2.9750000000000014,-62.075,0.0
5.325000000000003,-62.075,0.0
-16.625,-62.125,0.0
-16.575,-62.125,0.0
-15.625,-62.125,0.0
-15.575,-62.125,0.0
-15.524999999999999,-62.125,0.0
-13.075,-62.125,0.0
-13.024999999999999,-62.125,0.0
-12.975,-62.125,0.0
-12.924999999999999,-62.125,0.0
-12.875,-62.125,0.0
-2.0749999999999993,-62.125,0.0
-2.0249999999999986,-62.125,0.0
0.07500000000000284,-62.125,0.0
0.4250000000000007,-62.125,0.0
0.4750000000000014,-62.125,0.0
0.5250000000000021,-62.125,0.0
0.5750000000000028,-62.125,0.0
0.625,-62.125,0.0
0.6750000000000007,-62.125,0.0
0.9250000000000007,-62.125,0.0
0.9750000000000014,-62.125,0.0
1.0250000000000021,-62.125,0.0
2.9250000000000007,-62.125,0.0
2.9750000000000014,-62.125,0.0
5.275000000000002,-62.125,0.0
5.325000000000003,-62.125,0.0
-16.625,-62.175000000000004,0.0
-16.575,-62.175000000000004,0.0
-15.625,-62.175000000000004,0.0
-15.575,-62.175000000000004,0.0
-15.524999999999999,-62.175000000000004,0.0
-13.075,-62.175000000000004,0.0
-13.024999999999999,-62.175000000000004,0.0
-12.975,-62.175000000000004,0.0
-12.924999999999999,-62.175000000000004,0.0
-12.875,-62.175000000000004,0.0
-10.375,-62.175000000000004,0.0
-1.4749999999999979,-62.175000000000004,0.0
-0.3249999999999993,-62.175000000000004,0.0
-0.22499999999999787,-62.175000000000004,0.0
-0.17499999999999716,-62.175000000000004,0.0
-0.125,-62.175000000000004,0.0
-0.07499999999999929,-62.175000000000004,0.0
-0.02499999999999858,-62.175000000000004,0.0
0.02500000000000213,-62.175000000000004,0.0
0.07500000000000284,-62.175000000000004,0.0
0.125,-62.175000000000004,0.0
0.1750000000000007,-62.175000000000004,0.0
0.22500000000000142,-62.175000000000004,0.0
0.27500000000000213,-62.175000000000004,0.0
0.32500000000000284,-62.175000000000004,0.0
0.375,-62.175000000000004,0.0
0.4250000000000007,-62.175000000000004,0.0
0.4750000000000014,-62.175000000000004,0.0
0.5250000000000021,-62.175000000000004,0.0
0.5750000000000028,-62.175000000000004,0.0
0.625,-62.175000000000004,0.0
0.9250000000000007,-62.175000000000004,0.0
0.9750000000000014,-62.175000000000004,0.0
1.0250000000000021,-62.175000000000004,0.0
2.9750000000000014,-62.175000000000004,0.0
3.025000000000002,-62.175000000000004,0.0
5.275000000000002,-62.175000000000004,0.0
-16.625,-62.225,0.0
-16.575,-62.225,0.0
-15.674999999999999,-62.225,0.0
-15.625,-62.225,0.0
-15.575,-62.225,0.0
-13.075,-62.225,0.0
-13.024999999999999,-62.225,0.0
-12.924999999999999,-62.225,0.0
-2.224999999999998,-62.225,0.0
-1.5249999999999986,-62.225,0.0
-1.4749999999999979,-62.225,0.0
-1.0249999999999986,-62.225,0.0
-0.9749999999999979,-62.225,0.0
-0.8249999999999993,-62.225,0.0
-0.7749999999999986,-62.225,0.0
-0.7249999999999979,-62.225,0.0
-0.6749999999999972,-62.225,0.0
-0.625,-62.225,0.0
-0.5749999999999993,-62.225,0.0
-0.5249999999999986,-62.225,0.0
-0.47499999999999787,-62.225,0.0
-0.42499999999999716,-62.225,0.0
-0.375,-62.225,0.0
-0.3249999999999993,-62.225,0.0
-0.2749999999999986,-62.225,0.0
-0.22499999999999787,-62.225,0.0
-0.17499999999999716,-62.225,0.0
-0.125,-62.225,0.0
-0.07499999999999929,-62.225,0.0
-0.02499999999999858,-62.225,0.0
0.02500000000000213,-62.225,0.0
0.07500000000000284,-62.225,0.0
0.125,-62.225,0.0
0.1750000000000007,-62.225,0.0
0.22500000000000142,-62.225,0.0
0.27500000000000213,-62.225,0.0
0.32500000000000284,-62.225,0.0
0.375,-62.225,0.0
0.5250000000000021,-62.225,0.0
0.9250000000000007,-62.225,0.0
0.9750000000000014,-62.225,0.0
1.0250000000000021,-62.225,0.0
2.375,-62.225,0.0
2.9750000000000014,-62.225,0.0
3.025000000000002,-62.225,0.0
-16.675,-62.275000000000006,0.0
-16.625,-62.275000000000006,0.0
-16.575,-62.275000000000006,0.0
-16.325,-62.275000000000006,0.0
-16.275,-62.275000000000006,0.0
-16.224999999999998,-62.275000000000006,0.0
-16.175,-62.275000000000006,0.0
-15.674999999999999,-62.275000000000006,0.0
-15.625,-62.275000000000006,0.0
-15.575,-62.275000000000006,0.0
-13.225,-62.275000000000006,0.0
-13.174999999999999,-62.275000000000006,0.0
-13.125,-62.275000000000006,0.0
-13.075,-62.275000000000006,0.0
-13.024999999999999,-62.275000000000006,0.0
-12.924999999999999,-62.275000000000006,0.0
-10.375,-62.275000000000006,0.0
-10.325,-62.275000000000006,0.0
-2.174999999999999,-62.275000000000006,0.0
-1.5249999999999986,-62.275000000000006,0.0
-1.4749999999999979,-62.275000000000006,0.0
-1.424999999999999,-62.275000000000006,0.0
-1.3749999999999982,-62.275000000000006,0.0
-1.3249999999999993,-62.275000000000006,0.0
-1.2749999999999986,-62.275000000000006,0.0
-1.2249999999999979,-62.275000000000006,0.0
-1.174999999999999,-62.275000000000006,0.0
-1.1249999999999982,-62.275000000000006,0.0
-1.0749999999999993,-62.275000000000006,0.0
-1.0249999999999986,-62.275000000000006,0.0
-0.9749999999999979,-62.275000000000006,0.0
-0.9249999999999989,-62.275000000000006,0.0
-0.8749999999999982,-62.275000000000006,0.0
-0.8249999999999993,-62.275000000000006,0.0
-0.7749999999999986,-62.275000000000006,0.0
-0.7249999999999979,-62.275000000000006,0.0
-0.6749999999999972,-62.275000000000006,0.0
-0.625,-62.275000000000006,0.0
-0.5749999999999993,-62.275000000000006,0.0
-0.5249999999999986,-62.275000000000006,0.0
-0.42499999999999716,-62.275000000000006,0.0
-0.3249999999999993,-62.275000000000006,0.0
-0.125,-62.275000000000006,0.0
-0.07499999999999929,-62.275000000000006,0.0
0.02500000000000213,-62.275000000000006,0.0
0.07500000000000284,-62.275000000000006,0.0
0.125,-62.275000000000006,0.0
0.1750000000000007,-62.275000000000006,0.0
0.22500000000000142,-62.275000000000006,0.0
0.27500000000000213,-62.275000000000006,0.0
0.32500000000000284,-62.275000000000006,0.0
0.9750000000000014,-62.275000000000006,0.0
1.0250000000000021,-62.275000000000006,0.0
2.525000000000002,-62.275000000000006,0.0
2.9750000000000014,-62.275000000000006,0.0
3.025000000000002,-62.275000000000006,0.0
-16.625,-62.325,0.0
-16.575,-62.325,0.0
-16.224999999999998,-62.325,0.0
-16.175,-62.325,0.0
-16.125,-62.325,0.0
-16.075,-62.325,0.0
-16.025,-62.325,0.0
-15.975,-62.325,0.0
-15.674999999999999,-62.325,0.0
-15.625,-62.325,0.0
-15.575,-62.325,0.0
-13.274999999999999,-62.325,0.0
-13.225,-62.325,0.0
-13.174999999999999,-62.325,0.0
-13.125,-62.325,0.0
-13.075,-62.325,0.0
-13.024999999999999,-62.325,0.0
-12.924999999999999,-62.325,0.0
-1.8749999999999982,-62.325,0.0
-1.8249999999999993,-62.325,0.0
-1.7749999999999986,-62.325,0.0
-1.7249999999999979,-62.325,0.0
-1.5249999999999986,-62.325,0.0
-1.4749999999999979,-62.325,0.0
-1.424999999999999,-62.325,0.0
-1.3749999999999982,-62.325,0.0
-1.3249999999999993,-62.325,0.0
-1.2749999999999986,-62.325,0.0
-1.2249999999999979,-62.325,0.0
-1.1249999999999982,-62.325,0.0
-1.0749999999999993,-62.325,0.0
-1.0249999999999986,-62.325,0.0
-0.9249999999999989,-62.325,0.0
0.22500000000000142,-62.325,0.0
0.27500000000000213,-62.325,0.0
0.9750000000000014,-62.325,0.0
1.0250000000000021,-62.325,0.0
2.575000000000003,-62.325,0.0
2.9750000000000014,-62.325,0.0
3.025000000000002,-62.325,0.0
-16.625,-62.375,0.0
-16.575,-62.375,0.0
-16.025,-62.375,0.0
-15.975,-62.375,0.0
-15.924999999999999,-62.375,0.0
-15.875,-62.375,0.0
-15.825,-62.375,0.0
-15.674999999999999,-62.375,0.0
-15.625,-62.375,0.0
-15.575,-62.375,0.0
-13.325,-62.375,0.0
-13.274999999999999,-62.375,0.0
-13.075,-62.375,0.0
-13.024999999999999,-62.375,0.0
-12.924999999999999,-62.375,0.0
-10.375,-62.375,0.0
-10.325,-62.375,0.0
-2.1249999999999982,-62.375,0.0
-2.0749999999999993,-62.375,0.0
-1.9749999999999979,-62.375,0.0
-1.924999999999999,-62.375,0.0
-1.8249999999999993,-62.375,0.0
-1.7749999999999986,-62.375,0.0
-1.7249999999999979,-62.375,0.0
-0.02499999999999858,-62.375,0.0
0.125,-62.375,0.0
0.1750000000000007,-62.375,0.0
0.27500000000000213,-62.375,0.0
0.32500000000000284,-62.375,0.0
0.375,-62.375,0.0
0.4250000000000007,-62.375,0.0
0.4750000000000014,-62.375,0.0
0.5750000000000028,-62.375,0.0
0.625,-62.375,0.0
0.9750000000000014,-62.375,0.0
1.0250000000000021,-62.375,0.0
2.9750000000000014,-62.375,0.0
3.025000000000002,-62.375,0.0
-16.675,-62.425000000000004,0.0
-16.625,-62.425000000000004,0.0
-16.575,-62.425000000000004,0.0
-15.825,-62.425000000000004,0.0
-15.774999999999999,-62.425000000000004,0.0
-15.725,-62.425000000000004,0.0
-15.674999999999999,-62.425000000000004,0.0
-15.625,-62.425000000000004,0.0
-13.325,-62.425000000000004,0.0
-13.274999999999999,-62.425000000000004,0.0
-13.024999999999999,-62.425000000000004,0.0
-12.924999999999999,-62.425000000000004,0.0
-10.325,-62.425000000000004,0.0
-0.17499999999999716,-62.425000000000004,0.0
0.02500000000000213,-62.425000000000004,0.0
0.07500000000000284,-62.425000000000004,0.0
0.125,-62.425000000000004,0.0
0.1750000000000007,-62.425000000000004,0.0
0.22500000000000142,-62.425000000000004,0.0
0.27500000000000213,-62.425000000000004,0.0
0.32500000000000284,-62.425000000000004,0.0
0.375,-62.425000000000004,0.0
0.4250000000000007,-62.425000000000004,0.0
0.4750000000000014,-62.425000000000004,0.0
0.5250000000000021,-62.425000000000004,0.0
0.5750000000000028,-62.425000000000004,0.0
0.6750000000000007,-62.425000000000004,0.0
0.8250000000000028,-62.425000000000004,0.0
0.875,-62.425000000000004,0.0
0.9250000000000007,-62.425000000000004,0.0
0.9750000000000014,-62.425000000000004,0.0
1.0250000000000021,-62.425000000000004,0.0
1.0750000000000028,-62.425000000000004,0.0
2.9750000000000014,-62.425000000000004,0.0
3.025000000000002,-62.425000000000004,0.0
-16.675,-62.475,0.0
-16.625,-62.475,0.0
-16.575,-62.475,0.0
-15.674999999999999,-62.475,0.0
-15.625,-62.475,0.0
-13.274999999999999,-62.475,0.0
-13.225,-62.475,0.0
-13.075,-62.475,0.0
-13.024999999999999,-62.475,0.0
-12.924999999999999,-62.475,0.0
-0.8249999999999993,-62.475,0.0
-0.625,-62.475,0.0
-0.5749999999999993,-62.475,0.0
-0.2749999999999986,-62.475,0.0
-0.22499999999999787,-62.475,0.0
-0.17499999999999716,-62.475,0.0
-0.125,-62.475,0.0
-0.07499999999999929,-62.475,0.0
-0.02499999999999858,-62.475,0.0
0.02500000000000213,-62.475,0.0
0.07500000000000284,-62.475,0.0
0.125,-62.475,0.0
0.1750000000000007,-62.475,0.0
0.22500000000000142,-62.475,0.0
0.27500000000000213,-62.475,0.0
0.32500000000000284,-62.475,0.0
0.375,-62.475,0.0
0.4250000000000007,-62.475,0.0
0.4750000000000014,-62.475,0.0
0.5250000000000021,-62.475,0.0
0.5750000000000028,-62.475,0.0
0.625,-62.475,0.0
0.6750000000000007,-62.475,0.0
0.7250000000000014,-62.475,0.0
0.7750000000000021,-62.475,0.0
0.8250000000000028,-62.475,0.0
0.875,-62.475,0.0
0.9250000000000007,-62.475,0.0
0.9750000000000014,-62.475,0.0
1.0250000000000021,-62.475,0.0
1.0750000000000028,-62.475,0.0
2.9750000000000014,-62.475,0.0
3.025000000000002,-62.475,0.0
-16.675,-62.525000000000006,0.0
-16.625,-62.525000000000006,0.0
-16.575,-62.525000000000006,0.0
-13.274999999999999,-62.525000000000006,0.0
-13.225,-62.525000000000006,0.0
-13.174999999999999,-62.525000000000006,0.0
-13.024999999999999,-62.525000000000006,0.0
-12.924999999999999,-62.525000000000006,0.0
-10.325,-62.525000000000006,0.0
-1.5749999999999993,-62.525000000000006,0.0
-1.5249999999999986,-62.525000000000006,0.0
-1.4749999999999979,-62.525000000000006,0.0
-1.424999999999999,-62.525000000000006,0.0
-1.3749999999999982,-62.525000000000006,0.0
-1.3249999999999993,-62.525000000000006,0.0
-1.174999999999999,-62.525000000000006,0.0
-1.1249999999999982,-62.525000000000006,0.0
-1.0749999999999993,-62.525000000000006,0.0
-1.0249999999999986,-62.525000000000006,0.0
-0.9749999999999979,-62.525000000000006,0.0
-0.9249999999999989,-62.525000000000006,0.0
-0.8749999999999982,-62.525000000000006,0.0
-0.8249999999999993,-62.525000000000006,0.0
-0.7749999999999986,-62.525000000000006,0.0
-0.7249999999999979,-62.525000000000006,0.0
-0.6749999999999972,-62.525000000000006,0.0
-0.625,-62.525000000000006,0.0
-0.5749999999999993,-62.525000000000006,0.0
-0.5249999999999986,-62.525000000000006,0.0
-0.47499999999999787,-62.525000000000006,0.0
-0.42499999999999716,-62.525000000000006,0.0
-0.375,-62.525000000000006,0.0
-0.3249999999999993,-62.525000000000006,0.0
-0.2749999999999986,-62.525000000000006,0.0
-0.22499999999999787,-62.525000000000006,0.0
-0.17499999999999716,-62.525000000000006,0.0
-0.125,-62.525000000000006,0.0
-0.07499999999999929,-62.525000000000006,0.0
-0.02499999999999858,-62.525000000000006,0.0
0.02500000000000213,-62.525000000000006,0.0
0.07500000000000284,-62.525000000000006,0.0
0.125,-62.525000000000006,0.0
0.1750000000000007,-62.525000000000006,0.0
0.22500000000000142,-62.525000000000006,0.0
0.27500000000000213,-62.525000000000006,0.0
0.32500000000000284,-62.525000000000006,0.0
0.375,-62.525000000000006,0.0
0.4250000000000007,-62.525000000000006,0.0
0.4750000000000014,-62.525000000000006,0.0
0.5250000000000021,-62.525000000000006,0.0
0.5750000000000028,-62.525000000000006,0.0
0.625,-62.525000000000006,0.0
0.6750000000000007,-62.525000000000006,0.0
0.7250000000000014,-62.525000000000006,0.0
0.7750000000000021,-62.525000000000006,0.0
0.8250000000000028,-62.525000000000006,0.0
0.875,-62.525000000000006,0.0
0.9250000000000007,-62.525000000000006,0.0
0.9750000000000014,-62.525000000000006,0.0
1.0250000000000021,-62.525000000000006,0.0
1.0750000000000028,-62.525000000000006,0.0
2.9750000000000014,-62.525000000000006,0.0
3.025000000000002,-62.525000000000006,0.0
-16.675,-62.575,0.0
-16.625,-62.575,0.0
-16.575,-62.575,0.0
-13.024999999999999,-62.575,0.0
-12.924999999999999,-62.575,0.0
-2.3249999999999993,-62.575,0.0
-2.2749999999999986,-62.575,0.0
-2.174999999999999,-62.575,0.0
-2.1249999999999982,-62.575,0.0
-2.0249999999999986,-62.575,0.0
-1.9749999999999979,-62.575,0.0
-1.8749999999999982,-62.575,0.0
-1.8249999999999993,-62.575,0.0
-1.7749999999999986,-62.575,0.0
-1.7249999999999979,-62.575,0.0
-1.5749999999999993,-62.575,0.0
-1.5249999999999986,-62.575,0.0
-1.4749999999999979,-62.575,0.0
-1.424999999999999,-62.575,0.0
-1.3749999999999982,-62.575,0.0
-1.3249999999999993,-62.575,0.0
-1.2749999999999986,-62.575,0.0
-1.2249999999999979,-62.575,0.0
-1.174999999999999,-62.575,0.0
-1.1249999999999982,-62.575,0.0
-1.0749999999999993,-62.575,0.0
-1.0249999999999986,-62.575,0.0
-0.9749999999999979,-62.575,0.0
-0.9249999999999989,-62.575,0.0
-0.8749999999999982,-62.575,0.0
-0.8249999999999993,-62.575,0.0
-0.7749999999999986,-62.575,0.0
-0.7249999999999979,-62.575,0.0
-0.6749999999999972,-62.575,0.0
-0.625,-62.575,0.0
-0.5749999999999993,-62.575,0.0
-0.5249999999999986,-62.575,0.0
-0.47499999999999787,-62.575,0.0
-0.42499999999999716,-62.575,0.0
-0.375,-62.575,0.0
-0.3249999999999993,-62.575,0.0
-0.2749999999999986,-62.575,0.0
-0.22499999999999787,-62.575,0.0
-0.17499999999999716,-62.575,0.0
-0.125,-62.575,0.0
0.02500000000000213,-62.575,0.0
0.07500000000000284,-62.575,0.0
0.1750000000000007,-62.575,0.0
0.22500000000000142,-62.575,0.0
0.27500000000000213,-62.575,0.0
0.32500000000000284,-62.575,0.0
0.375,-62.575,0.0
0.5250000000000021,-62.575,0.0
0.7250000000000014,-62.575,0.0
0.7750000000000021,-62.575,0.0
0.8250000000000028,-62.575,0.0
0.875,-62.575,0.0
0.9250000000000007,-62.575,0.0
0.9750000000000014,-62.575,0.0
1.0250000000000021,-62.575,0.0
1.0750000000000028,-62.575,0.0
2.9750000000000014,-62.575,0.0
3.025000000000002,-62.575,0.0
-16.675,-62.625,0.0
-16.625,-62.625,0.0
-16.575,-62.625,0.0
-13.024999999999999,-62.625,0.0
-12.924999999999999,-62.625,0.0
-10.325,-62.625,0.0
-2.8249999999999993,-62.625,0.0
-2.724999999999998,-62.625,0.0
-2.6249999999999982,-62.625,0.0
-2.5249999999999986,-62.625,0.0
-2.474999999999998,-62.625,0.0
-2.3749999999999982,-62.625,0.0
-2.3249999999999993,-62.625,0.0
-2.2749999999999986,-62.625,0.0
-2.224999999999998,-62.625,0.0
-2.174999999999999,-62.625,0.0
-2.1249999999999982,-62.625,0.0
-2.0749999999999993,-62.625,0.0
-1.9749999999999979,-62.625,0.0
-1.924999999999999,-62.625,0.0
-1.8749999999999982,-62.625,0.0
-1.8249999999999993,-62.625,0.0
-1.7749999999999986,-62.625,0.0
-1.7249999999999979,-62.625,0.0
-1.674999999999999,-62.625,0.0
-1.6249999999999982,-62.625,0.0
-1.5749999999999993,-62.625,0.0
-1.5249999999999986,-62.625,0.0
-1.4749999999999979,-62.625,0.0
-1.424999999999999,-62.625,0.0
-1.3749999999999982,-62.625,0.0
-1.3249999999999993,-62.625,0.0
-1.2749999999999986,-62.625,0.0
-1.2249999999999979,-62.625,0.0
-1.174999999999999,-62.625,0.0
-1.1249999999999982,-62.625,0.0
-1.0749999999999993,-62.625,0.0
-1.0249999999999986,-62.625,0.0
-0.9749999999999979,-62.625,0.0
-0.9249999999999989,-62.625,0.0
-0.8749999999999982,-62.625,0.0
-0.8249999999999993,-62.625,0.0
-0.7749999999999986,-62.625,0.0
-0.7249999999999979,-62.625,0.0
-0.6749999999999972,-62.625,0.0
-0.625,-62.625,0.0
-0.5749999999999993,-62.625,0.0
0.5250000000000021,-62.625,0.0
0.5750000000000028,-62.625,0.0
0.625,-62.625,0.0
0.6750000000000007,-62.625,0.0
0.7250000000000014,-62.625,0.0
0.7750000000000021,-62.625,0.0
0.8250000000000028,-62.625,0.0
0.875,-62.625,0.0
0.9250000000000007,-62.625,0.0
0.9750000000000014,-62.625,0.0
2.9750000000000014,-62.625,0.0
3.025000000000002,-62.625,0.0
-16.625,-62.675000000000004,0.0
-16.575,-62.675000000000004,0.0
-13.024999999999999,-62.675000000000004,0.0
-12.924999999999999,-62.675000000000004,0.0
-3.224999999999998,-62.675000000000004,0.0
-3.0749999999999993,-62.675000000000004,0.0
-3.0249999999999986,-62.675000000000004,0.0
-2.974999999999998,-62.675000000000004,0.0
-2.924999999999999,-62.675000000000004,0.0
-2.8749999999999982,-62.675000000000004,0.0
-2.8249999999999993,-62.675000000000004,0.0
-2.7749999999999986,-62.675000000000004,0.0
-2.724999999999998,-62.675000000000004,0.0
-2.674999999999999,-62.675000000000004,0.0
-2.6249999999999982,-62.675000000000004,0.0
-2.5749999999999993,-62.675000000000004,0.0
-2.5249999999999986,-62.675000000000004,0.0
-2.474999999999998,-62.675000000000004,0.0
-2.424999999999999,-62.675000000000004,0.0
-2.3749999999999982,-62.675000000000004,0.0
-2.3249999999999993,-62.675000000000004,0.0
-2.2749999999999986,-62.675000000000004,0.0
-2.224999999999998,-62.675000000000004,0.0
-2.174999999999999,-62.675000000000004,0.0
-2.1249999999999982,-62.675000000000004,0.0
-2.0749999999999993,-62.675000000000004,0.0
-2.0249999999999986,-62.675000000000004,0.0
-1.9749999999999979,-62.675000000000004,0.0
-1.924999999999999,-62.675000000000004,0.0
-1.8749999999999982,-62.675000000000004,0.0
-1.8249999999999993,-62.675000000000004,0.0
-1.7749999999999986,-62.675000000000004,0.0
-1.7249999999999979,-62.675000000000004,0.0
-1.674999999999999,-62.675000000000004,0.0
-1.6249999999999982,-62.675000000000004,0.0
-1.5749999999999993,-62.675000000000004,0.0
-1.5249999999999986,-62.675000000000004,0.0
-1.4749999999999979,-62.675000000000004,0.0
-1.424999999999999,-62.675000000000004,0.0
-1.3749999999999982,-62.675000000000004,0.0
-1.3249999999999993,-62.675000000000004,0.0
-1.2749999999999986,-62.675000000000004,0.0
-1.2249999999999979,-62.675000000000004,0.0
-1.174999999999999,-62.675000000000004,0.0
-1.1249999999999982,-62.675000000000004,0.0
-1.0749999999999993,-62.675000000000004,0.0
-1.0249999999999986,-62.675000000000004,0.0
-0.9749999999999979,-62.675000000000004,0.0
0.375,-62.675000000000004,0.0
0.4250000000000007,-62.675000000000004,0.0
0.4750000000000014,-62.675000000000004,0.0
0.5250000000000021,-62.675000000000004,0.0
0.5750000000000028,-62.675000000000004,0.0
0.625,-62.675000000000004,0.0
0.6750000000000007,-62.675000000000004,0.0
0.7250000000000014,-62.675000000000004,0.0
0.7750000000000021,-62.675000000000004,0.0
0.8250000000000028,-62.675000000000004,0.0
2.9750000000000014,-62.675000000000004,0.0
3.025000000000002,-62.675000000000004,0.0
-16.625,-62.725,0.0
-16.575,-62.725,0.0
-13.774999999999999,-62.725,0.0
-13.725,-62.725,0.0
-13.024999999999999,-62.725,0.0
-12.924999999999999,-62.725,0.0
-10.325,-62.725,0.0
-3.224999999999998,-62.725,0.0
-3.1249999999999982,-62.725,0.0
-3.0249999999999986,-62.725,0.0
-2.974999999999998,-62.725,0.0
-2.924999999999999,-62.725,0.0
-2.8749999999999982,-62.725,0.0
-2.8249999999999993,-62.725,0.0
-2.7749999999999986,-62.725,0.0
-2.724999999999998,-62.725,0.0
-2.674999999999999,-62.725,0.0
-2.6249999999999982,-62.725,0.0
-2.5749999999999993,-62.725,0.0
-2.5249999999999986,-62.725,0.0
-2.474999999999998,-62.725,0.0
-2.424999999999999,-62.725,0.0
-2.3749999999999982,-62.725,0.0
-2.3249999999999993,-62.725,0.0
-2.2749999999999986,-62.725,0.0
-2.224999999999998,-62.725,0.0
-2.174999999999999,-62.725,0.0
-2.1249999999999982,-62.725,0.0
-2.0749999999999993,-62.725,0.0
-2.0249999999999986,-62.725,0.0
-1.9749999999999979,-62.725,0.0
-1.924999999999999,-62.725,0.0
-1.8749999999999982,-62.725,0.0
-1.8249999999999993,-62.725,0.0
-1.7749999999999986,-62.725,0.0
-1.7249999999999979,-62.725,0.0
-1.674999999999999,-62.725,0.0
-1.6249999999999982,-62.725,0.0
-1.5749999999999993,-62.725,0.0
0.1750000000000007,-62.725,0.0
0.22500000000000142,-62.725,0.0
0.27500000000000213,-62.725,0.0
0.32500000000000284,-62.725,0.0
0.375,-62.725,0.0
0.4250000000000007,-62.725,0.0
0.4750000000000014,-62.725,0.0
0.5250000000000021,-62.725,0.0
0.5750000000000028,-62.725,0.0
2.9750000000000014,-62.725,0.0
3.025000000000002,-62.725,0.0
-16.625,-62.775000000000006,0.0
-16.575,-62.775000000000006,0.0
-13.725,-62.775000000000006,0.0
-13.674999999999999,-62.775000000000006,0.0
-13.625,-62.775000000000006,0.0
-13.575,-62.775000000000006,0.0
-13.024999999999999,-62.775000000000006,0.0
-12.924999999999999,-62.775000000000006,0.0
-12.875,-62.775000000000006,0.0
-3.3249999999999993,-62.775000000000006,0.0
-3.2749999999999986,-62.775000000000006,0.0
-3.224999999999998,-62.775000000000006,0.0
-3.174999999999999,-62.775000000000006,0.0
-3.1249999999999982,-62.775000000000006,0.0
-3.0749999999999993,-62.775000000000006,0.0
-3.0249999999999986,-62.775000000000006,0.0
-2.974999999999998,-62.775000000000006,0.0
-2.924999999999999,-62.775000000000006,0.0
-2.8749999999999982,-62.775000000000006,0.0
-2.8249999999999993,-62.775000000000006,0.0
-2.7749999999999986,-62.775000000000006,0.0
-2.724999999999998,-62.775000000000006,0.0
-2.674999999999999,-62.775000000000006,0.0
-2.6249999999999982,-62.775000000000006,0.0
-2.5749999999999993,-62.775000000000006,0.0
-2.5249999999999986,-62.775000000000006,0.0
-2.474999999999998,-62.775000000000006,0.0
-2.424999999999999,-62.775000000000006,0.0
-2.3749999999999982,-62.775000000000006,0.0
-2.3249999999999993,-62.775000000000006,0.0
0.125,-62.775000000000006,0.0
0.1750000000000007,-62.775000000000006,0.0
0.22500000000000142,-62.775000000000006,0.0
0.27500000000000213,-62.775000000000006,0.0
0.32500000000000284,-62.775000000000006,0.0
0.375,-62.775000000000006,0.0
3.025000000000002,-62.775000000000006,0.0
-16.625,-62.825,0.0
-16.575,-62.825,0.0
-13.774999999999999,-62.825,0.0
-13.725,-62.825,0.0
-13.674999999999999,-62.825,0.0
-13.625,-62.825,0.0
-13.024999999999999,-62.825,0.0
-12.924999999999999,-62.825,0.0
-12.875,-62.825,0.0
-10.325,-62.825,0.0
-10.274999999999999,-62.825,0.0
-3.424999999999999,-62.825,0.0
-3.3749999999999982,-62.825,0.0
-3.3249999999999993,-62.825,0.0
-3.2749999999999986,-62.825,0.0
-3.224999999999998,-62.825,0.0
-3.174999999999999,-62.825,0.0
-3.1249999999999982,-62.825,0.0
-3.0249999999999986,-62.825,0.0
-2.924999999999999,-62.825,0.0
-2.8749999999999982,-62.825,0.0
-2.8249999999999993,-62.825,0.0
-2.7749999999999986,-62.825,0.0
0.125,-62.825,0.0
3.025000000000002,-62.825,0.0
-16.625,-62.875,0.0
-16.575,-62.875,0.0
-13.825,-62.875,0.0
-13.774999999999999,-62.875,0.0
-13.725,-62.875,0.0
-13.674999999999999,-62.875,0.0
-13.625,-62.875,0.0
-13.024999999999999,-62.875,0.0
-12.975,-62.875,0.0
-12.924999999999999,-62.875,0.0
-12.875,-62.875,0.0
-3.3249999999999993,-62.875,0.0
-3.2749999999999986,-62.875,0.0
-3.224999999999998,-62.875,0.0
3.025000000000002,-62.875,0.0
-16.625,-62.925000000000004,0.0
-16.575,-62.925000000000004,0.0
-13.725,-62.925000000000004,0.0
-13.674999999999999,-62.925000000000004,0.0
-13.625,-62.925000000000004,0.0
-13.575,-62.925000000000004,0.0
-13.024999999999999,-62.925000000000004,0.0
-12.924999999999999,-62.925000000000004,0.0
-12.875,-62.925000000000004,0.0
-3.3249999999999993,-62.925000000000004,0.0
-3.2749999999999986,-62.925000000000004,0.0
-3.224999999999998,-62.925000000000004,0.0
3.025000000000002,-62.925000000000004,0.0
-16.625,-62.975,0.0
-16.575,-62.975,0.0
-13.725,-62.975,0.0
-13.024999999999999,-62.975,0.0
-12.975,-62.975,0.0
-12.924999999999999,-62.975,0.0
-12.875,-62.975,0.0
-3.3249999999999993,-62.975,0.0
-3.2749999999999986,-62.975,0.0
-3.224999999999998,-62.975,0.0
3.025000000000002,-62.975,0.0
3.075000000000003,-62.975,0.0
-16.625,-63.025000000000006,0.0
-16.575,-63.025000000000006,0.0
-13.024999999999999,-63.025000000000006,0.0
-12.975,-63.025000000000006,0.0
-12.924999999999999,-63.025000000000006,0.0
-12.875,-63.025000000000006,0.0
-10.325,-63.025000000000006,0.0
-10.274999999999999,-63.025000000000006,0.0
-3.3249999999999993,-63.025000000000006,0.0
-3.2749999999999986,-63.025000000000006,0.0
-3.224999999999998,-63.025000000000006,0.0
3.025000000000002,-63.025000000000006,0.0
3.075000000000003,-63.025000000000006,0.0
-16.625,-63.075,0.0
-16.575,-63.075,0.0
-13.774999999999999,-63.075,0.0
-13.024999999999999,-63.075,0.0
-12.975,-63.075,0.0
-12.924999999999999,-63.075,0.0
-12.875,-63.075,0.0
-10.325,-63.075,0.0
-10.274999999999999,-63.075,0.0
-3.3249999999999993,-63.075,0.0
-3.2749999999999986,-63.075,0.0
-3.224999999999998,-63.075,0.0
3.025000000000002,-63.075,0.0
3.075000000000003,-63.075,0.0
-16.625,-63.125,0.0
-16.575,-63.125,0.0
-13.774999999999999,-63.125,0.0
-13.024999999999999,-63.125,0.0
-12.975,-63.125,0.0
-12.924999999999999,-63.125,0.0
-12.875,-63.125,0.0
-10.274999999999999,-63.125,0.0
-3.3249999999999993,-63.125,0.0
-3.2749999999999986,-63.125,0.0
-3.224999999999998,-63.125,0.0
3.025000000000002,-63.125,0.0
3.075000000000003,-63.125,0.0
3.1250000000000036,-63.125,0.0
-16.625,-63.175000000000004,0.0
-16.575,-63.175000000000004,0.0
-15.625,-63.175000000000004,0.0
-15.575,-63.175000000000004,0.0
-13.024999999999999,-63.175000000000004,0.0
-12.975,-63.175000000000004,0.0
-12.924999999999999,-63.175000000000004,0.0
-12.875,-63.175000000000004,0.0
-3.3749999999999982,-63.175000000000004,0.0
-3.3249999999999993,-63.175000000000004,0.0
-3.2749999999999986,-63.175000000000004,0.0
-3.224999999999998,-63.175000000000004,0.0
3.025000000000002,-63.175000000000004,0.0
3.075000000000003,-63.175000000000004,0.0
-16.625,-63.225,0.0
-16.575,-63.225,0.0
-15.825,-63.225,0.0
-15.774999999999999,-63.225,0.0
-15.625,-63.225,0.0
-15.575,-63.225,0.0
-13.024999999999999,-63.225,0.0
-12.975,-63.225,0.0
-12.924999999999999,-63.225,0.0
-12.875,-63.225,0.0
-3.2749999999999986,-63.225,0.0
-3.224999999999998,-63.225,0.0
3.025000000000002,-63.225,0.0
3.075000000000003,-63.225,0.0
3.1250000000000036,-63.225,0.0
-16.625,-63.275000000000006,0.0
-16.575,-63.275000000000006,0.0
-15.825,-63.275000000000006,0.0
-15.774999999999999,-63.275000000000006,0.0
-15.725,-63.275000000000006,0.0
-15.674999999999999,-63.275000000000006,0.0
-15.625,-63.275000000000006,0.0
-13.024999999999999,-63.275000000000006,0.0
-12.975,-63.275000000000006,0.0
-12.924999999999999,-63.275000000000006,0.0
-12.875,-63.275000000000006,0.0
-10.274999999999999,-63.275000000000006,0.0
-3.2749999999999986,-63.275000000000006,0.0
-3.224999999999998,-63.275000000000006,0.0
3.075000000000003,-63.275000000000006,0.0
-16.625,-63.325,0.0
-16.575,-63.325,0.0
-15.725,-63.325,0.0
-15.674999999999999,-63.325,0.0
-15.625,-63.325,0.0
-15.575,-63.325,0.0
-13.024999999999999,-63.325,0.0
-12.975,-63.325,0.0
-12.924999999999999,-63.325,0.0
-12.875,-63.325,0.0
-3.2749999999999986,-63.325,0.0
-3.224999999999998,-63.325,0.0
3.075000000000003,-63.325,0.0
3.1250000000000036,-63.325,0.0
-16.575,-63.375,0.0
-15.774999999999999,-63.375,0.0
-15.725,-63.375,0.0
-15.674999999999999,-63.375,0.0
-15.625,-63.375,0.0
-15.575,-63.375,0.0
-15.524999999999999,-63.375,0.0
-14.225,-63.375,0.0
-14.174999999999999,-63.375,0.0
-12.975,-63.375,0.0
-12.924999999999999,-63.375,0.0
-12.875,-63.375,0.0
-10.774999999999999,-63.375,0.0
-10.724999999999998,-63.375,0.0
-10.674999999999999,-63.375,0.0
-10.274999999999999,-63.375,0.0
-10.224999999999998,-63.375,0.0
-3.3249999999999993,-63.375,0.0
-3.2749999999999986,-63.375,0.0
-3.224999999999998,-63.375,0.0
3.075000000000003,-63.375,0.0
3.1250000000000036,-63.375,0.0
-16.575,-63.425000000000004,0.0
-15.875,-63.425000000000004,0.0
-15.825,-63.425000000000004,0.0
-15.774999999999999,-63.425000000000004,0.0
-15.674999999999999,-63.425000000000004,0.0
-15.625,-63.425000000000004,0.0
-15.575,-63.425000000000004,0.0
-15.524999999999999,-63.425000000000004,0.0
-14.225,-63.425000000000004,0.0
-14.174999999999999,-63.425000000000004,0.0
-13.024999999999999,-63.425000000000004,0.0
-12.975,-63.425000000000004,0.0
-12.924999999999999,-63.425000000000004,0.0
-12.875,-63.425000000000004,0.0
-10.825,-63.425000000000004,0.0
-10.774999999999999,-63.425000000000004,0.0
-10.724999999999998,-63.425000000000004,0.0
-10.674999999999999,-63.425000000000004,0.0
-10.625,-63.425000000000004,0.0
-10.575,-63.425000000000004,0.0
-10.274999999999999,-63.425000000000004,0.0
-10.224999999999998,-63.425000000000004,0.0
-3.3249999999999993,-63.425000000000004,0.0
-3.2749999999999986,-63.425000000000004,0.0
-3.224999999999998,-63.425000000000004,0.0
-3.174999999999999,-63.425000000000004,0.0
1.0750000000000028,-63.425000000000004,0.0
1.125,-63.425000000000004,0.0
3.075000000000003,-63.425000000000004,0.0
3.1250000000000036,-63.425000000000004,0.0
-16.575,-63.475,0.0
-15.674999999999999,-63.475,0.0
-15.625,-63.475,0.0
-15.575,-63.475,0.0
-15.524999999999999,-63.475,0.0
-14.225,-63.475,0.0
-13.375,-63.475,0.0
-13.325,-63.475,0.0
-12.975,-63.475,0.0
-12.924999999999999,-63.475,0.0
-12.875,-63.475,0.0
-10.875,-63.475,0.0
-10.825,-63.475,0.0
-10.774999999999999,-63.475,0.0
-10.724999999999998,-63.475,0.0
-10.674999999999999,-63.475,0.0
-10.625,-63.475,0.0
-10.575,-63.475,0.0
-10.524999999999999,-63.475,0.0
-10.274999999999999,-63.475,0.0
-10.224999999999998,-63.475,0.0
-3.2749999999999986,-63.475,0.0
-3.224999999999998,-63.475,0.0
-3.174999999999999,-63.475,0.0
1.0250000000000021,-63.475,0.0
1.0750000000000028,-63.475,0.0
1.125,-63.475,0.0
3.075000000000003,-63.475,0.0
3.1250000000000036,-63.475,0.0
-16.575,-63.525000000000006,0.0
-15.674999999999999,-63.525000000000006,0.0
-15.625,-63.525000000000006,0.0
-15.575,-63.525000000000006,0.0
-15.524999999999999,-63.525000000000006,0.0
-15.475,-63.525000000000006,0.0
-13.424999999999999,-63.525000000000006,0.0
-13.375,-63.525000000000006,0.0
-12.975,-63.525000000000006,0.0
-12.924999999999999,-63.525000000000006,0.0
-12.875,-63.525000000000006,0.0
-10.924999999999999,-63.525000000000006,0.0
-10.875,-63.525000000000006,0.0
-10.825,-63.525000000000006,0.0
-10.774999999999999,-63.525000000000006,0.0
-10.474999999999998,-63.525000000000006,0.0
-10.274999999999999,-63.525000000000006,0.0
-10.224999999999998,-63.525000000000006,0.0
-3.3249999999999993,-63.525000000000006,0.0
-3.2749999999999986,-63.525000000000006,0.0
-3.224999999999998,-63.525000000000006,0.0
-3.174999999999999,-63.525000000000006,0.0
1.0750000000000028,-63.525000000000006,0.0
3.075000000000003,-63.525000000000006,0.0
3.1250000000000036,-63.525000000000006,0.0
-16.575,-63.575,0.0
-15.625,-63.575,0.0
-15.575,-63.575,0.0
-15.524999999999999,-63.575,0.0
-15.475,-63.575,0.0
-14.875,-63.575,0.0
-14.825,-63.575,0.0
-14.774999999999999,-63.575,0.0
-14.725,-63.575,0.0
-13.424999999999999,-63.575,0.0
-12.975,-63.575,0.0
-12.924999999999999,-63.575,0.0
-12.875,-63.575,0.0
-10.974999999999998,-63.575,0.0
-10.924999999999999,-63.575,0.0
-10.875,-63.575,0.0
-10.825,-63.575,0.0
-10.774999999999999,-63.575,0.0
-10.474999999999998,-63.575,0.0
-10.424999999999999,-63.575,0.0
-10.224999999999998,-63.575,0.0
-10.174999999999999,-63.575,0.0
-3.3249999999999993,-63.575,0.0
-3.2749999999999986,-63.575,0.0
-3.224999999999998,-63.575,0.0
-3.174999999999999,-63.575,0.0
3.075000000000003,-63.575,0.0
3.1250000000000036,-63.575,0.0
-16.575,-63.625,0.0
-16.525,-63.625,0.0
-16.474999999999998,-63.625,0.0
-15.625,-63.625,0.0
-15.575,-63.625,0.0
-15.475,-63.625,0.0
-15.075,-63.625,0.0
-15.024999999999999,-63.625,0.0
-14.975,-63.625,0.0
-14.924999999999999,-63.625,0.0
-14.875,-63.625,0.0
-14.825,-63.625,0.0
-14.774999999999999,-63.625,0.0
-13.575,-63.625,0.0
-13.024999999999999,-63.625,0.0
-12.975,-63.625,0.0
-12.924999999999999,-63.625,0.0
-12.875,-63.625,0.0
-10.974999999999998,-63.625,0.0
-10.924999999999999,-63.625,0.0
-10.825,-63.625,0.0
-10.274999999999999,-63.625,0.0
-10.224999999999998,-63.625,0.0
-3.3249999999999993,-63.625,0.0
-3.2749999999999986,-63.625,0.0
-3.224999999999998,-63.625,0.0
-3.174999999999999,-63.625,0.0
3.075000000000003,-63.625,0.0
3.1250000000000036,-63.625,0.0
3.1750000000000007,-63.625,0.0
-16.575,-63.675000000000004,0.0
-16.525,-63.675000000000004,0.0
-16.474999999999998,-63.675000000000004,0.0
-15.174999999999999,-63.675000000000004,0.0
-15.125,-63.675000000000004,0.0
-15.075,-63.675000000000004,0.0
-15.024999999999999,-63.675000000000004,0.0
-14.975,-63.675000000000004,0.0
-14.924999999999999,-63.675000000000004,0.0
-14.875,-63.675000000000004,0.0
-14.825,-63.675000000000004,0.0
-14.774999999999999,-63.675000000000004,0.0
-13.024999999999999,-63.675000000000004,0.0
-12.975,-63.675000000000004,0.0
-12.924999999999999,-63.675000000000004,0.0
-12.875,-63.675000000000004,0.0
-10.974999999999998,-63.675000000000004,0.0
-10.924999999999999,-63.675000000000004,0.0
-10.875,-63.675000000000004,0.0
-10.825,-63.675000000000004,0.0
-10.224999999999998,-63.675000000000004,0.0
-10.174999999999999,-63.675000000000004,0.0
-10.125,-63.675000000000004,0.0
-8.624999999999998,-63.675000000000004,0.0
-8.575,-63.675000000000004,0.0
-3.2749999999999986,-63.675000000000004,0.0
-3.224999999999998,-63.675000000000004,0.0
-3.174999999999999,-63.675000000000004,0.0
3.075000000000003,-63.675000000000004,0.0
3.1250000000000036,-63.675000000000004,0.0
3.1750000000000007,-63.675000000000004,0.0
-16.575,-63.725,0.0
-16.525,-63.725,0.0
-15.674999999999999,-63.725,0.0
-15.174999999999999,-63.725,0.0
-15.125,-63.725,0.0
-15.075,-63.725,0.0
-15.024999999999999,-63.725,0.0
-14.975,-63.725,0.0
-14.924999999999999,-63.725,0.0
-14.875,-63.725,0.0
-14.825,-63.725,0.0
-14.774999999999999,-63.725,0.0
-12.975,-63.725,0.0
-12.924999999999999,-63.725,0.0
-12.875,-63.725,0.0
-10.974999999999998,-63.725,0.0
-10.924999999999999,-63.725,0.0
-10.224999999999998,-63.725,0.0
-10.174999999999999,-63.725,0.0
-8.624999999999998,-63.725,0.0
-8.575,-63.725,0.0
-3.2749999999999986,-63.725,0.0
-3.224999999999998,-63.725,0.0
-3.174999999999999,-63.725,0.0
-0.8249999999999993,-63.725,0.0
-0.7749999999999986,-63.725,0.0
3.075000000000003,-63.725,0.0
3.1250000000000036,-63.725,0.0
3.1750000000000007,-63.725,0.0
-16.575,-63.775000000000006,0.0
-16.525,-63.775000000000006,0.0
-15.725,-63.775000000000006,0.0
-15.674999999999999,-63.775000000000006,0.0
-15.174999999999999,-63.775000000000006,0.0
-15.125,-63.775000000000006,0.0
-15.075,-63.775000000000006,0.0
-14.975,-63.775000000000006,0.0
-14.825,-63.775000000000006,0.0
-14.774999999999999,-63.775000000000006,0.0
-12.975,-63.775000000000006,0.0
-12.924999999999999,-63.775000000000006,0.0
-12.875,-63.775000000000006,0.0
-10.974999999999998,-63.775000000000006,0.0
-10.924999999999999,-63.775000000000006,0.0
-10.424999999999999,-63.775000000000006,0.0
-10.224999999999998,-63.775000000000006,0.0
-10.174999999999999,-63.775000000000006,0.0
-10.125,-63.775000000000006,0.0
-3.3249999999999993,-63.775000000000006,0.0
-3.224999999999998,-63.775000000000006,0.0
-3.174999999999999,-63.775000000000006,0.0
-0.7749999999999986,-63.775000000000006,0.0
3.1250000000000036,-63.775000000000006,0.0
3.1750000000000007,-63.775000000000006,0.0
-16.575,-63.825,0.0
-16.525,-63.825,0.0
-15.725,-63.825,0.0
-15.674999999999999,-63.825,0.0
-15.174999999999999,-63.825,0.0
-14.774999999999999,-63.825,0.0
-14.725,-63.825,0.0
-12.975,-63.825,0.0
-12.924999999999999,-63.825,0.0
-12.875,-63.825,0.0
-10.974999999999998,-63.825,0.0
-10.924999999999999,-63.825,0.0
-10.724999999999998,-63.825,0.0
-10.524999999999999,-63.825,0.0
-10.424999999999999,-63.825,0.0
-10.375,-63.825,0.0
-10.224999999999998,-63.825,0.0
-10.174999999999999,-63.825,0.0
-3.3249999999999993,-63.825,0.0
-3.224999999999998,-63.825,0.0
-3.174999999999999,-63.825,0.0
-0.7749999999999986,-63.825,0.0
-0.625,-63.825,0.0
-0.5749999999999993,-63.825,0.0
3.1250000000000036,-63.825,0.0
3.1750000000000007,-63.825,0.0
-16.575,-63.875,0.0
-16.525,-63.875,0.0
-15.174999999999999,-63.875,0.0
-14.774999999999999,-63.875,0.0
-14.725,-63.875,0.0
-13.475,-63.875,0.0
-12.975,-63.875,0.0
-12.924999999999999,-63.875,0.0
-12.875,-63.875,0.0
-10.974999999999998,-63.875,0.0
-10.924999999999999,-63.875,0.0
-10.875,-63.875,0.0
-10.825,-63.875,0.0
-10.724999999999998,-63.875,0.0
-10.674999999999999,-63.875,0.0
-10.625,-63.875,0.0
-10.575,-63.875,0.0
-10.524999999999999,-63.875,0.0
-10.474999999999998,-63.875,0.0
-10.424999999999999,-63.875,0.0
-10.174999999999999,-63.875,0.0
-3.2749999999999986,-63.875,0.0
-3.224999999999998,-63.875,0.0
-3.174999999999999,-63.875,0.0
-0.7749999999999986,-63.875,0.0
-0.7249999999999979,-63.875,0.0
-0.6749999999999972,-63.875,0.0
-0.625,-63.875,0.0
3.1250000000000036,-63.875,0.0
3.1750000000000007,-63.875,0.0
-16.625,-63.925000000000004,0.0
-16.575,-63.925000000000004,0.0
-16.525,-63.925000000000004,0.0
-15.174999999999999,-63.925000000000004,0.0
-15.125,-63.925000000000004,0.0
-14.774999999999999,-63.925000000000004,0.0
-14.725,-63.925000000000004,0.0
-14.625,-63.925000000000004,0.0
-14.575,-63.925000000000004,0.0
-14.524999999999999,-63.925000000000004,0.0
-14.475,-63.925000000000004,0.0
-14.424999999999999,-63.925000000000004,0.0
-14.375,-63.925000000000004,0.0
-14.325,-63.925000000000004,0.0
-14.274999999999999,-63.925000000000004,0.0
-14.225,-63.925000000000004,0.0
-14.174999999999999,-63.925000000000004,0.0
-14.125,-63.925000000000004,0.0
-14.075,-63.925000000000004,0.0
-14.024999999999999,-63.925000000000004,0.0
-13.975,-63.925000000000004,0.0
-13.924999999999999,-63.925000000000004,0.0
-13.875,-63.925000000000004,0.0
-13.825,-63.925000000000004,0.0
-13.774999999999999,-63.925000000000004,0.0
-13.725,-63.925000000000004,0.0
-13.674999999999999,-63.925000000000004,0.0
-13.625,-63.925000000000004,0.0
-13.575,-63.925000000000004,0.0
-13.524999999999999,-63.925000000000004,0.0
-13.475,-63.925000000000004,0.0
-13.424999999999999,-63.925000000000004,0.0
-12.975,-63.925000000000004,0.0
-12.924999999999999,-63.925000000000004,0.0
-12.875,-63.925000000000004,0.0
-10.924999999999999,-63.925000000000004,0.0
-10.875,-63.925000000000004,0.0
-10.825,-63.925000000000004,0.0
-10.774999999999999,-63.925000000000004,0.0
-10.724999999999998,-63.925000000000004,0.0
-10.674999999999999,-63.925000000000004,0.0
-10.625,-63.925000000000004,0.0
-10.575,-63.925000000000004,0.0
-10.524999999999999,-63.925000000000004,0.0
-10.474999999999998,-63.925000000000004,0.0
-10.424999999999999,-63.925000000000004,0.0
-10.174999999999999,-63.925000000000004,0.0
-3.2749999999999986,-63.925000000000004,0.0
-3.224999999999998,-63.925000000000004,0.0
-3.174999999999999,-63.925000000000004,0.0
-0.8749999999999982,-63.925000000000004,0.0
-0.8249999999999993,-63.925000000000004,0.0
-0.7749999999999986,-63.925000000000004,0.0
-0.7249999999999979,-63.925000000000004,0.0
-0.6749999999999972,-63.925000000000004,0.0
3.1250000000000036,-63.925000000000004,0.0
3.1750000000000007,-63.925000000000004,0.0
-16.575,-63.975,0.0
-16.525,-63.975,0.0
-16.425,-63.975,0.0
-15.125,-63.975,0.0
-14.725,-63.975,0.0
-14.625,-63.975,0.0
-14.575,-63.975,0.0
-14.524999999999999,-63.975,0.0
-14.475,-63.975,0.0
-14.424999999999999,-63.975,0.0
-14.375,-63.975,0.0
-14.325,-63.975,0.0
-14.274999999999999,-63.975,0.0
-14.225,-63.975,0.0
-14.174999999999999,-63.975,0.0
-14.125,-63.975,0.0
-14.075,-63.975,0.0
-14.024999999999999,-63.975,0.0
-13.975,-63.975,0.0
-13.924999999999999,-63.975,0.0
-13.875,-63.975,0.0
-13.825,-63.975,0.0
-13.774999999999999,-63.975,0.0
-13.725,-63.975,0.0
-13.674999999999999,-63.975,0.0
-13.625,-63.975,0.0
-13.575,-63.975,0.0
-13.524999999999999,-63.975,0.0
-12.975,-63.975,0.0
-12.924999999999999,-63.975,0.0
-12.875,-63.975,0.0
-10.875,-63.975,0.0
-10.825,-63.975,0.0
-10.774999999999999,-63.975,0.0
-10.724999999999998,-63.975,0.0
-10.674999999999999,-63.975,0.0
-10.625,-63.975,0.0
-10.575,-63.975,0.0
-10.524999999999999,-63.975,0.0
-10.474999999999998,-63.975,0.0
-10.174999999999999,-63.975,0.0
-3.2749999999999986,-63.975,0.0
-3.224999999999998,-63.975,0.0
-3.174999999999999,-63.975,0.0
-1.5249999999999986,-63.975,0.0
-0.8249999999999993,-63.975,0.0
-0.7749999999999986,-63.975,0.0
-0.7249999999999979,-63.975,0.0
-0.6749999999999972,-63.975,0.0
3.1250000000000036,-63.975,0.0
3.1750000000000007,-63.975,0.0
-16.575,-64.025,0.0
-16.525,-64.025,0.0
-15.125,-64.025,0.0
-14.625,-64.025,0.0
-12.975,-64.025,0.0
-12.924999999999999,-64.025,0.0
-12.875,-64.025,0.0
-10.724999999999998,-64.025,0.0
-10.674999999999999,-64.025,0.0
-10.174999999999999,-64.025,0.0
-3.2749999999999986,-64.025,0.0
-3.224999999999998,-64.025,0.0
-3.174999999999999,-64.025,0.0
-1.7749999999999986,-64.025,0.0
-1.5749999999999993,-64.025,0.0
-1.5249999999999986,-64.025,0.0
-0.8249999999999993,-64.025,0.0
-0.7749999999999986,-64.025,0.0
-0.625,-64.025,0.0
3.1250000000000036,-64.025,0.0
3.1750000000000007,-64.025,0.0
-16.575,-64.075,0.0
-16.525,-64.075,0.0
-12.975,-64.075,0.0
-12.924999999999999,-64.075,0.0
-12.875,-64.075,0.0
-10.174999999999999,-64.075,0.0
-3.2749999999999986,-64.075,0.0
-3.224999999999998,-64.075,0.0
-3.174999999999999,-64.075,0.0
-1.7249999999999979,-64.075,0.0
-1.674999999999999,-64.075,0.0
-1.6249999999999982,-64.075,0.0
-1.5749999999999993,-64.075,0.0
-0.8249999999999993,-64.075,0.0
3.1250000000000036,-64.075,0.0
3.1750000000000007,-64.075,0.0
-16.575,-64.125,0.0
-16.525,-64.125,0.0
-12.975,-64.125,0.0
-12.924999999999999,-64.125,0.0
-12.875,-64.125,0.0
-10.125,-64.125,0.0
-3.2749999999999986,-64.125,0.0
-3.224999999999998,-64.125,0.0
-3.174999999999999,-64.125,0.0
-1.7249999999999979,-64.125,0.0
-1.674999999999999,-64.125,0.0
-1.6249999999999982,-64.125,0.0
-1.5749999999999993,-64.125,0.0
-0.8749999999999982,-64.125,0.0
-0.8249999999999993,-64.125,0.0
3.1250000000000036,-64.125,0.0
3.1750000000000007,-64.125,0.0
-16.575,-64.17500000000001,0.0
-16.525,-64.17500000000001,0.0
-13.375,-64.17500000000001,0.0
-13.274999999999999,-64.17500000000001,0.0
-13.225,-64.17500000000001,0.0
-12.975,-64.17500000000001,0.0
-12.924999999999999,-64.17500000000001,0.0
-12.875,-64.17500000000001,0.0
-10.224999999999998,-64.17500000000001,0.0
-10.174999999999999,-64.17500000000001,0.0
-10.125,-64.17500000000001,0.0
-3.224999999999998,-64.17500000000001,0.0
-3.174999999999999,-64.17500000000001,0.0
-1.7249999999999979,-64.17500000000001,0.0
-1.674999999999999,-64.17500000000001,0.0
-1.6249999999999982,-64.17500000000001,0.0
-1.5749999999999993,-64.17500000000001,0.0
-1.5249999999999986,-64.17500000000001,0.0
-1.4749999999999979,-64.17500000000001,0.0
-0.8749999999999982,-64.17500000000001,0.0
3.1250000000000036,-64.17500000000001,0.0
3.1750000000000007,-64.17500000000001,0.0
-16.575,-64.22500000000001,0.0
-16.525,-64.22500000000001,0.0
-13.225,-64.22500000000001,0.0
-12.975,-64.22500000000001,0.0
-12.924999999999999,-64.22500000000001,0.0
-12.875,-64.22500000000001,0.0
-10.174999999999999,-64.22500000000001,0.0
-10.125,-64.22500000000001,0.0
-10.075,-64.22500000000001,0.0
-3.224999999999998,-64.22500000000001,0.0
-3.174999999999999,-64.22500000000001,0.0
-3.1249999999999982,-64.22500000000001,0.0
-1.8249999999999993,-64.22500000000001,0.0
-1.7749999999999986,-64.22500000000001,0.0
-1.7249999999999979,-64.22500000000001,0.0
-1.674999999999999,-64.22500000000001,0.0
-1.6249999999999982,-64.22500000000001,0.0
3.1250000000000036,-64.22500000000001,0.0
3.1750000000000007,-64.22500000000001,0.0
3.2250000000000014,-64.22500000000001,0.0
-16.575,-64.275,0.0
-16.525,-64.275,0.0
-14.774999999999999,-64.275,0.0
-14.725,-64.275,0.0
-14.674999999999999,-64.275,0.0
-13.075,-64.275,0.0
-13.024999999999999,-64.275,0.0
-12.975,-64.275,0.0
-12.924999999999999,-64.275,0.0
-12.875,-64.275,0.0
-3.224999999999998,-64.275,0.0
-3.174999999999999,-64.275,0.0
-3.1249999999999982,-64.275,0.0
-1.6249999999999982,-64.275,0.0
1.1750000000000007,-64.275,0.0
3.1250000000000036,-64.275,0.0
3.1750000000000007,-64.275,0.0
3.2250000000000014,-64.275,0.0
-16.575,-64.325,0.0
-16.525,-64.325,0.0
-16.075,-64.325,0.0
-14.924999999999999,-64.325,0.0
-14.875,-64.325,0.0
-14.774999999999999,-64.325,0.0
-14.725,-64.325,0.0
-14.674999999999999,-64.325,0.0
-14.625,-64.325,0.0
-13.174999999999999,-64.325,0.0
-13.125,-64.325,0.0
-13.075,-64.325,0.0
-13.024999999999999,-64.325,0.0
-12.975,-64.325,0.0
-12.924999999999999,-64.325,0.0
-12.875,-64.325,0.0
-10.125,-64.325,0.0
-3.224999999999998,-64.325,0.0
-3.174999999999999,-64.325,0.0
-3.1249999999999982,-64.325,0.0
-1.6249999999999982,-64.325,0.0
1.0750000000000028,-64.325,0.0
1.125,-64.325,0.0
1.1750000000000007,-64.325,0.0
1.2250000000000014,-64.325,0.0
3.1250000000000036,-64.325,0.0
3.1750000000000007,-64.325,0.0
3.2250000000000014,-64.325,0.0
-16.575,-64.375,0.0
-16.525,-64.375,0.0
-16.474999999999998,-64.375,0.0
-16.425,-64.375,0.0
-16.175,-64.375,0.0
-16.125,-64.375,0.0
-16.075,-64.375,0.0
-16.025,-64.375,0.0
-15.924999999999999,-64.375,0.0
-15.875,-64.375,0.0
-15.825,-64.375,0.0
-15.774999999999999,-64.375,0.0
-15.625,-64.375,0.0
-15.524999999999999,-64.375,0.0
-15.475,-64.375,0.0
-15.424999999999999,-64.375,0.0
-15.375,-64.375,0.0
-15.325,-64.375,0.0
-15.274999999999999,-64.375,0.0
-15.225,-64.375,0.0
-15.174999999999999,-64.375,0.0
-15.125,-64.375,0.0
-15.075,-64.375,0.0
-15.024999999999999,-64.375,0.0
-14.975,-64.375,0.0
-14.924999999999999,-64.375,0.0
-14.875,-64.375,0.0
-14.825,-64.375,0.0
-14.774999999999999,-64.375,0.0
-14.725,-64.375,0.0
-14.674999999999999,-64.375,0.0
-14.625,-64.375,0.0
-12.924999999999999,-64.375,0.0
-12.875,-64.375,0.0
-10.125,-64.375,0.0
-3.224999999999998,-64.375,0.0
-3.174999999999999,-64.375,0.0
-3.1249999999999982,-64.375,0.0
-1.6249999999999982,-64.375,0.0
-0.22499999999999787,-64.375,0.0
1.0750000000000028,-64.375,0.0
1.125,-64.375,0.0
1.1750000000000007,-64.375,0.0
1.2250000000000014,-64.375,0.0
3.1750000000000007,-64.375,0.0
3.2250000000000014,-64.375,0.0
-16.575,-64.42500000000001,0.0
-16.525,-64.42500000000001,0.0
-16.474999999999998,-64.42500000000001,0.0
-16.425,-64.42500000000001,0.0
-16.375,-64.42500000000001,0.0
-16.325,-64.42500000000001,0.0
-16.275,-64.42500000000001,0.0
-16.224999999999998,-64.42500000000001,0.0
-16.175,-64.42500000000001,0.0
-16.125,-64.42500000000001,0.0
-16.075,-64.42500000000001,0.0
-16.025,-64.42500000000001,0.0
-15.975,-64.42500000000001,0.0
-15.924999999999999,-64.42500000000001,0.0
-15.875,-64.42500000000001,0.0
-15.825,-64.42500000000001,0.0
-15.774999999999999,-64.42500000000001,0.0
-15.725,-64.42500000000001,0.0
-15.674999999999999,-64.42500000000001,0.0
-15.625,-64.42500000000001,0.0
-15.575,-64.42500000000001,0.0
-15.524999999999999,-64.42500000000001,0.0
-15.475,-64.42500000000001,0.0
-15.424999999999999,-64.42500000000001,0.0
-15.375,-64.42500000000001,0.0
-15.325,-64.42500000000001,0.0
-15.274999999999999,-64.42500000000001,0.0
-15.225,-64.42500000000001,0.0
-15.174999999999999,-64.42500000000001,0.0
-14.825,-64.42500000000001,0.0
-14.774999999999999,-64.42500000000001,0.0
-14.725,-64.42500000000001,0.0
-12.924999999999999,-64.42500000000001,0.0
-12.875,-64.42500000000001,0.0
-10.125,-64.42500000000001,0.0
-10.075,-64.42500000000001,0.0
-3.224999999999998,-64.42500000000001,0.0
-3.174999999999999,-64.42500000000001,0.0
-3.1249999999999982,-64.42500000000001,0.0
-1.6249999999999982,-64.42500000000001,0.0
-0.22499999999999787,-64.42500000000001,0.0
-0.17499999999999716,-64.42500000000001,0.0
1.0750000000000028,-64.42500000000001,0.0
1.125,-64.42500000000001,0.0
1.1750000000000007,-64.42500000000001,0.0
1.2250000000000014,-64.42500000000001,0.0
3.1750000000000007,-64.42500000000001,0.0
3.2250000000000014,-64.42500000000001,0.0
-16.425,-64.47500000000001,0.0
-16.375,-64.47500000000001,0.0
-16.325,-64.47500000000001,0.0
-16.275,-64.47500000000001,0.0
-16.224999999999998,-64.47500000000001,0.0
-16.175,-64.47500000000001,0.0
-16.125,-64.47500000000001,0.0
-16.075,-64.47500000000001,0.0
-16.025,-64.47500000000001,0.0
-15.975,-64.47500000000001,0.0
-15.774999999999999,-64.47500000000001,0.0
-12.924999999999999,-64.47500000000001,0.0
-12.875,-64.47500000000001,0.0
-10.125,-64.47500000000001,0.0
-3.224999999999998,-64.47500000000001,0.0
-3.174999999999999,-64.47500000000001,0.0
-3.1249999999999982,-64.47500000000001,0.0
-0.17499999999999716,-64.47500000000001,0.0
1.0750000000000028,-64.47500000000001,0.0
1.1750000000000007,-64.47500000000001,0.0
1.2250000000000014,-64.47500000000001,0.0
3.1750000000000007,-64.47500000000001,0.0
3.2250000000000014,-64.47500000000001,0.0
-16.425,-64.525,0.0
-16.325,-64.525,0.0
-16.125,-64.525,0.0
-16.025,-64.525,0.0
-15.975,-64.525,0.0
-15.924999999999999,-64.525,0.0
-15.875,-64.525,0.0
-15.825,-64.525,0.0
-12.924999999999999,-64.525,0.0
-12.875,-64.525,0.0
-10.125,-64.525,0.0
-10.075,-64.525,0.0
-3.224999999999998,-64.525,0.0
-3.174999999999999,-64.525,0.0
-3.1249999999999982,-64.525,0.0
-0.8249999999999993,-64.525,0.0
-0.7749999999999986,-64.525,0.0
-0.17499999999999716,-64.525,0.0
-0.02499999999999858,-64.525,0.0
0.02500000000000213,-64.525,0.0
1.0750000000000028,-64.525,0.0
1.125,-64.525,0.0
1.1750000000000007,-64.525,0.0
1.2250000000000014,-64.525,0.0
3.1750000000000007,-64.525,0.0
3.2250000000000014,-64.525,0.0
-12.924999999999999,-64.575,0.0
-12.875,-64.575,0.0
-3.174999999999999,-64.575,0.0
-3.1249999999999982,-64.575,0.0
-0.8249999999999993,-64.575,0.0
-0.7749999999999986,-64.575,0.0
-0.17499999999999716,-64.575,0.0
-0.125,-64.575,0.0
-0.07499999999999929,-64.575,0.0
-0.02499999999999858,-64.575,0.0
1.0750000000000028,-64.575,0.0
1.125,-64.575,0.0
1.1750000000000007,-64.575,0.0
1.2250000000000014,-64.575,0.0
3.1750000000000007,-64.575,0.0
3.2250000000000014,-64.575,0.0
-12.924999999999999,-64.625,0.0
-12.875,-64.625,0.0
-10.125,-64.625,0.0
-10.075,-64.625,0.0
-3.174999999999999,-64.625,0.0
-3.1249999999999982,-64.625,0.0
-1.8249999999999993,-64.625,0.0
-1.7749999999999986,-64.625,0.0
-1.7249999999999979,-64.625,0.0
-0.8249999999999993,-64.625,0.0
-0.375,-64.625,0.0
-0.3249999999999993,-64.625,0.0
-0.2749999999999986,-64.625,0.0
-0.22499999999999787,-64.625,0.0
-0.17499999999999716,-64.625,0.0
-0.125,-64.625,0.0
-0.07499999999999929,-64.625,0.0
1.0750000000000028,-64.625,0.0
1.125,-64.625,0.0
1.1750000000000007,-64.625,0.0
1.2250000000000014,-64.625,0.0
3.1750000000000007,-64.625,0.0
3.2250000000000014,-64.625,0.0
-12.924999999999999,-64.67500000000001,0.0
-12.875,-64.67500000000001,0.0
-10.075,-64.67500000000001,0.0
-3.174999999999999,-64.67500000000001,0.0
-3.1249999999999982,-64.67500000000001,0.0
-1.8249999999999993,-64.67500000000001,0.0
-1.7749999999999986,-64.67500000000001,0.0
-0.17499999999999716,-64.67500000000001,0.0
-0.125,-64.67500000000001,0.0
-0.07499999999999929,-64.67500000000001,0.0
-0.02499999999999858,-64.67500000000001,0.0
1.0750000000000028,-64.67500000000001,0.0
1.125,-64.67500000000001,0.0
1.1750000000000007,-64.67500000000001,0.0
1.2250000000000014,-64.67500000000001,0.0
3.1750000000000007,-64.67500000000001,0.0
3.2250000000000014,-64.67500000000001,0.0
-12.924999999999999,-64.72500000000001,0.0
-12.875,-64.72500000000001,0.0
-10.075,-64.72500000000001,0.0
-3.174999999999999,-64.72500000000001,0.0
-3.1249999999999982,-64.72500000000001,0.0
-0.17499999999999716,-64.72500000000001,0.0
-0.125,-64.72500000000001,0.0
-0.02499999999999858,-64.72500000000001,0.0
0.02500000000000213,-64.72500000000001,0.0
1.0750000000000028,-64.72500000000001,0.0
1.125,-64.72500000000001,0.0
1.1750000000000007,-64.72500000000001,0.0
1.2250000000000014,-64.72500000000001,0.0
3.1750000000000007,-64.72500000000001,0.0
3.2250000000000014,-64.72500000000001,0.0
3.275000000000002,-64.72500000000001,0.0
-12.924999999999999,-64.775,0.0
-12.875,-64.775,0.0
-10.075,-64.775,0.0
-3.174999999999999,-64.775,0.0
-3.1249999999999982,-64.775,0.0
-0.17499999999999716,-64.775,0.0
1.0750000000000028,-64.775,0.0
1.125,-64.775,0.0
1.2250000000000014,-64.775,0.0
1.2750000000000021,-64.775,0.0
3.1750000000000007,-64.775,0.0
3.2250000000000014,-64.775,0.0
3.275000000000002,-64.775,0.0
-12.924999999999999,-64.825,0.0
-12.875,-64.825,0.0
-10.075,-64.825,0.0
-3.174999999999999,-64.825,0.0
-3.1249999999999982,-64.825,0.0
-3.0749999999999993,-64.825,0.0
-0.17499999999999716,-64.825,0.0
1.0750000000000028,-64.825,0.0
1.125,-64.825,0.0
1.1750000000000007,-64.825,0.0
1.2250000000000014,-64.825,0.0
1.2750000000000021,-64.825,0.0
3.1750000000000007,-64.825,0.0
3.2250000000000014,-64.825,0.0
3.275000000000002,-64.825,0.0
-12.924999999999999,-64.875,0.0
-12.875,-64.875,0.0
-10.075,-64.875,0.0
-3.174999999999999,-64.875,0.0
-3.1249999999999982,-64.875,0.0
-3.0749999999999993,-64.875,0.0
1.0750000000000028,-64.875,0.0
1.125,-64.875,0.0
1.1750000000000007,-64.875,0.0
1.2250000000000014,-64.875,0.0
1.2750000000000021,-64.875,0.0
3.1750000000000007,-64.875,0.0
3.2250000000000014,-64.875,0.0
3.275000000000002,-64.875,0.0
-12.924999999999999,-64.92500000000001,0.0
-12.875,-64.92500000000001,0.0
-10.075,-64.92500000000001,0.0
-3.1249999999999982,-64.92500000000001,0.0
-3.0749999999999993,-64.92500000000001,0.0
1.125,-64.92500000000001,0.0
1.1750000000000007,-64.92500000000001,0.0
1.2250000000000014,-64.92500000000001,0.0
1.2750000000000021,-64.92500000000001,0.0
3.2250000000000014,-64.92500000000001,0.0
3.275000000000002,-64.92500000000001,0.0
-12.924999999999999,-64.97500000000001,0.0
-12.875,-64.97500000000001,0.0
-10.075,-64.97500000000001,0.0
-10.024999999999999,-64.97500000000001,0.0
-3.1249999999999982,-64.97500000000001,0.0
-3.0749999999999993,-64.97500000000001,0.0
1.125,-64.97500000000001,0.0
1.1750000000000007,-64.97500000000001,0.0
1.2250000000000014,-64.97500000000001,0.0
1.2750000000000021,-64.97500000000001,0.0
3.2250000000000014,-64.97500000000001,0.0
3.275000000000002,-64.97500000000001,0.0
3.325000000000003,-64.97500000000001,0.0
3.3750000000000036,-64.97500000000001,0.0
3.4250000000000007,-64.97500000000001,0.0
-12.924999999999999,-65.025,0.0
-12.875,-65.025,0.0
-10.075,-65.025,0.0
-10.024999999999999,-65.025,0.0
-3.1249999999999982,-65.025,0.0
-3.0749999999999993,-65.025,0.0
1.125,-65.025,0.0
1.1750000000000007,-65.025,0.0
1.2250000000000014,-65.025,0.0
1.2750000000000021,-65.025,0.0
3.2250000000000014,-65.025,0.0
3.275000000000002,-65.025,0.0
3.325000000000003,-65.025,0.0
3.3750000000000036,-65.025,0.0
-12.924999999999999,-65.075,0.0
-12.875,-65.075,0.0
-10.075,-65.075,0.0
-10.024999999999999,-65.075,0.0
-3.1249999999999982,-65.075,0.0
-3.0749999999999993,-65.075,0.0
1.125,-65.075,0.0
1.1750000000000007,-65.075,0.0
1.2250000000000014,-65.075,0.0
1.2750000000000021,-65.075,0.0
3.2250000000000014,-65.075,0.0
3.275000000000002,-65.075,0.0
3.325000000000003,-65.075,0.0
3.3750000000000036,-65.075,0.0
3.4250000000000007,-65.075,0.0
-12.924999999999999,-65.125,0.0
-12.875,-65.125,0.0
-10.075,-65.125,0.0
-10.024999999999999,-65.125,0.0
-3.1249999999999982,-65.125,0.0
-3.0749999999999993,-65.125,0.0
-1.924999999999999,-65.125,0.0
1.125,-65.125,0.0
1.1750000000000007,-65.125,0.0
1.2250000000000014,-65.125,0.0
1.2750000000000021,-65.125,0.0
3.2250000000000014,-65.125,0.0
3.275000000000002,-65.125,0.0
3.325000000000003,-65.125,0.0
3.3750000000000036,-65.125,0.0
3.4250000000000007,-65.125,0.0
3.4750000000000014,-65.125,0.0
-12.875,-65.17500000000001,0.0
-10.075,-65.17500000000001,0.0
-10.024999999999999,-65.17500000000001,0.0
-3.1249999999999982,-65.17500000000001,0.0
-3.0749999999999993,-65.17500000000001,0.0
-1.8749999999999982,-65.17500000000001,0.0
-1.7749999999999986,-65.17500000000001,0.0
-1.7249999999999979,-65.17500000000001,0.0
1.125,-65.17500000000001,0.0
1.1750000000000007,-65.17500000000001,0.0
1.2250000000000014,-65.17500000000001,0.0
1.2750000000000021,-65.17500000000001,0.0
3.2250000000000014,-65.17500000000001,0.0
3.325000000000003,-65.17500000000001,0.0
3.3750000000000036,-65.17500000000001,0.0
3.4250000000000007,-65.17500000000001,0.0
3.4750000000000014,-65.17500000000001,0.0
-12.875,-65.22500000000001,0.0
-10.024999999999999,-65.22500000000001,0.0
-3.1249999999999982,-65.22500000000001,0.0
-3.0749999999999993,-65.22500000000001,0.0
-1.924999999999999,-65.22500000000001,0.0
-1.8749999999999982,-65.22500000000001,0.0
-1.8249999999999993,-65.22500000000001,0.0
-1.7749999999999986,-65.22500000000001,0.0
0.32500000000000284,-65.22500000000001,0.0
1.125,-65.22500000000001,0.0
1.1750000000000007,-65.22500000000001,0.0
1.2250000000000014,-65.22500000000001,0.0
1.2750000000000021,-65.22500000000001,0.0
1.3250000000000028,-65.22500000000001,0.0
3.325000000000003,-65.22500000000001,0.0
3.3750000000000036,-65.22500000000001,0.0
-12.875,-65.275,0.0
-10.024999999999999,-65.275,0.0
-3.0749999999999993,-65.275,0.0
-2.0249999999999986,-65.275,0.0
-1.9749999999999979,-65.275,0.0
-1.924999999999999,-65.275,0.0
-1.8749999999999982,-65.275,0.0
-1.8249999999999993,-65.275,0.0
-1.7749999999999986,-65.275,0.0
0.32500000000000284,-65.275,0.0
1.125,-65.275,0.0
1.1750000000000007,-65.275,0.0
1.2250000000000014,-65.275,0.0
1.2750000000000021,-65.275,0.0
1.3250000000000028,-65.275,0.0
3.3750000000000036,-65.275,0.0
-12.875,-65.325,0.0
-10.024999999999999,-65.325,0.0
-3.0749999999999993,-65.325,0.0
-1.9749999999999979,-65.325,0.0
-1.924999999999999,-65.325,0.0
-1.8749999999999982,-65.325,0.0
-1.8249999999999993,-65.325,0.0
-1.7749999999999986,-65.325,0.0
-1.7249999999999979,-65.325,0.0
0.32500000000000284,-65.325,0.0
1.125,-65.325,0.0
1.1750000000000007,-65.325,0.0
1.2250000000000014,-65.325,0.0
1.2750000000000021,-65.325,0.0
1.3250000000000028,-65.325,0.0
3.325000000000003,-65.325,0.0
3.3750000000000036,-65.325,0.0
-12.875,-65.375,0.0
-12.825,-65.375,0.0
-10.075,-65.375,0.0
-10.024999999999999,-65.375,0.0
-9.974999999999998,-65.375,0.0
-3.0749999999999993,-65.375,0.0
-3.0249999999999986,-65.375,0.0
-1.8749999999999982,-65.375,0.0
-1.7249999999999979,-65.375,0.0
-1.674999999999999,-65.375,0.0
0.125,-65.375,0.0
0.1750000000000007,-65.375,0.0
0.22500000000000142,-65.375,0.0
0.27500000000000213,-65.375,0.0
0.32500000000000284,-65.375,0.0
0.375,-65.375,0.0
0.4250000000000007,-65.375,0.0
1.125,-65.375,0.0
1.1750000000000007,-65.375,0.0
1.2250000000000014,-65.375,0.0
1.2750000000000021,-65.375,0.0
1.3250000000000028,-65.375,0.0
3.3750000000000036,-65.375,0.0
3.4250000000000007,-65.375,0.0
-12.875,-65.42500000000001,0.0
-12.825,-65.42500000000001,0.0
-10.024999999999999,-65.42500000000001,0.0
-9.974999999999998,-65.42500000000001,0.0
-3.0749999999999993,-65.42500000000001,0.0
-3.0249999999999986,-65.42500000000001,0.0
-2.7749999999999986,-65.42500000000001,0.0
-2.724999999999998,-65.42500000000001,0.0
-1.924999999999999,-65.42500000000001,0.0
-1.8749999999999982,-65.42500000000001,0.0
-1.674999999999999,-65.42500000000001,0.0
-1.6249999999999982,-65.42500000000001,0.0
0.22500000000000142,-65.42500000000001,0.0
0.27500000000000213,-65.42500000000001,0.0
0.32500000000000284,-65.42500000000001,0.0
0.375,-65.42500000000001,0.0
0.4250000000000007,-65.42500000000001,0.0
1.125,-65.42500000000001,0.0
1.1750000000000007,-65.42500000000001,0.0
1.2250000000000014,-65.42500000000001,0.0
1.2750000000000021,-65.42500000000001,0.0
1.3250000000000028,-65.42500000000001,0.0
3.3750000000000036,-65.42500000000001,0.0
3.4250000000000007,-65.42500000000001,0.0
-12.875,-65.47500000000001,0.0
-12.825,-65.47500000000001,0.0
-10.024999999999999,-65.47500000000001,0.0
-9.974999999999998,-65.47500000000001,0.0
-3.0749999999999993,-65.47500000000001,0.0
-3.0249999999999986,-65.47500000000001,0.0
-2.724999999999998,-65.47500000000001,0.0
-1.924999999999999,-65.47500000000001,0.0
0.32500000000000284,-65.47500000000001,0.0
0.375,-65.47500000000001,0.0
0.4250000000000007,-65.47500000000001,0.0
1.125,-65.47500000000001,0.0
1.1750000000000007,-65.47500000000001,0.0
1.2250000000000014,-65.47500000000001,0.0
1.2750000000000021,-65.47500000000001,0.0
1.3250000000000028,-65.47500000000001,0.0
3.3750000000000036,-65.47500000000001,0.0
3.4250000000000007,-65.47500000000001,0.0
-12.875,-65.525,0.0
-12.825,-65.525,0.0
-10.024999999999999,-65.525,0.0
-9.974999999999998,-65.525,0.0
-3.1249999999999982,-65.525,0.0
-3.0749999999999993,-65.525,0.0
-3.0249999999999986,-65.525,0.0
-1.424999999999999,-65.525,0.0
-1.3749999999999982,-65.525,0.0
0.27500000000000213,-65.525,0.0
0.32500000000000284,-65.525,0.0
0.4250000000000007,-65.525,0.0
0.4750000000000014,-65.525,0.0
1.125,-65.525,0.0
1.1750000000000007,-65.525,0.0
1.2250000000000014,-65.525,0.0
1.2750000000000021,-65.525,0.0
1.3250000000000028,-65.525,0.0
3.3750000000000036,-65.525,0.0
3.4250000000000007,-65.525,0.0
-12.875,-65.575,0.0
-12.825,-65.575,0.0
-10.024999999999999,-65.575,0.0
-9.974999999999998,-65.575,0.0
-3.0749999999999993,-65.575,0.0
-3.0249999999999986,-65.575,0.0
-1.424999999999999,-65.575,0.0
-1.3749999999999982,-65.575,0.0
0.27500000000000213,-65.575,0.0
1.125,-65.575,0.0
1.1750000000000007,-65.575,0.0
1.2250000000000014,-65.575,0.0
1.2750000000000021,-65.575,0.0
1.3250000000000028,-65.575,0.0
3.3750000000000036,-65.575,0.0
3.4250000000000007,-65.575,0.0
-12.875,-65.625,0.0
-12.825,-65.625,0.0
-9.974999999999998,-65.625,0.0
-3.0749999999999993,-65.625,0.0
-3.0249999999999986,-65.625,0.0
-1.424999999999999,-65.625,0.0
-1.3749999999999982,-65.625,0.0
1.1750000000000007,-65.625,0.0
1.2250000000000014,-65.625,0.0
1.2750000000000021,-65.625,0.0
1.3250000000000028,-65.625,0.0
3.3750000000000036,-65.625,0.0
3.4250000000000007,-65.625,0.0
-12.875,-65.67500000000001,0.0
-12.825,-65.67500000000001,0.0
-10.024999999999999,-65.67500000000001,0.0
-9.974999999999998,-65.67500000000001,0.0
-3.0749999999999993,-65.67500000000001,0.0
-3.0249999999999986,-65.67500000000001,0.0
1.1750000000000007,-65.67500000000001,0.0
1.2250000000000014,-65.67500000000001,0.0
1.2750000000000021,-65.67500000000001,0.0
1.3250000000000028,-65.67500000000001,0.0
3.3750000000000036,-65.67500000000001,0.0
3.4250000000000007,-65.67500000000001,0.0
-12.875,-65.72500000000001,0.0
-12.825,-65.72500000000001,0.0
-9.974999999999998,-65.72500000000001,0.0
-3.0749999999999993,-65.72500000000001,0.0
-3.0249999999999986,-65.72500000000001,0.0
1.1750000000000007,-65.72500000000001,0.0
1.2250000000000014,-65.72500000000001,0.0
1.3250000000000028,-65.72500000000001,0.0
1.375,-65.72500000000001,0.0
3.3750000000000036,-65.72500000000001,0.0
3.4250000000000007,-65.72500000000001,0.0
-12.875,-65.775,0.0
-12.825,-65.775,0.0
-9.974999999999998,-65.775,0.0
-3.0749999999999993,-65.775,0.0
-3.0249999999999986,-65.775,0.0
-0.6749999999999972,-65.775,0.0
1.1750000000000007,-65.775,0.0
1.2250000000000014,-65.775,0.0
1.2750000000000021,-65.775,0.0
1.3250000000000028,-65.775,0.0
1.375,-65.775,0.0
3.3750000000000036,-65.775,0.0
3.4250000000000007,-65.775,0.0
-12.875,-65.825,0.0
-12.825,-65.825,0.0
-9.974999999999998,-65.825,0.0
-3.0749999999999993,-65.825,0.0
-3.0249999999999986,-65.825,0.0
-0.9749999999999979,-65.825,0.0
-0.7249999999999979,-65.825,0.0
-0.6749999999999972,-65.825,0.0
-0.625,-65.825,0.0
1.1750000000000007,-65.825,0.0
1.2250000000000014,-65.825,0.0
1.2750000000000021,-65.825,0.0
1.3250000000000028,-65.825,0.0
1.375,-65.825,0.0
3.3750000000000036,-65.825,0.0
3.4250000000000007,-65.825,0.0
3.4750000000000014,-65.825,0.0
-12.875,-65.875,0.0
-12.825,-65.875,0.0
-9.974999999999998,-65.875,0.0
-3.0749999999999993,-65.875,0.0
-3.0249999999999986,-65.875,0.0
-1.674999999999999,-65.875,0.0
-1.2749999999999986,-65.875,0.0
-1.2249999999999979,-65.875,0.0
-1.174999999999999,-65.875,0.0
-1.1249999999999982,-65.875,0.0
-1.0749999999999993,-65.875,0.0
-1.0249999999999986,-65.875,0.0
-0.9749999999999979,-65.875,0.0
-0.9249999999999989,-65.875,0.0
-0.7249999999999979,-65.875,0.0
-0.6749999999999972,-65.875,0.0
1.1750000000000007,-65.875,0.0
1.2250000000000014,-65.875,0.0
1.2750000000000021,-65.875,0.0
1.3250000000000028,-65.875,0.0
1.375,-65.875,0.0
2.9250000000000007,-65.875,0.0
3.3750000000000036,-65.875,0.0
3.4250000000000007,-65.875,0.0
3.4750000000000014,-65.875,0.0
-12.875,-65.92500000000001,0.0
-12.825,-65.92500000000001,0.0
-9.974999999999998,-65.92500000000001,0.0
-3.0749999999999993,-65.92500000000001,0.0
-3.0249999999999986,-65.92500000000001,0.0
-2.974999999999998,-65.92500000000001,0.0
-1.674999999999999,-65.92500000000001,0.0
-1.6249999999999982,-65.92500000000001,0.0
-1.424999999999999,-65.92500000000001,0.0
-1.3749999999999982,-65.92500000000001,0.0
-1.3249999999999993,-65.92500000000001,0.0
-1.2749999999999986,-65.92500000000001,0.0
-1.2249999999999979,-65.92500000000001,0.0
-1.174999999999999,-65.92500000000001,0.0
-1.1249999999999982,-65.92500000000001,0.0
-1.0749999999999993,-65.92500000000001,0.0
-1.0249999999999986,-65.92500000000001,0.0
-0.9749999999999979,-65.92500000000001,0.0
-0.9249999999999989,-65.92500000000001,0.0
1.1750000000000007,-65.92500000000001,0.0
1.2250000000000014,-65.92500000000001,0.0
1.2750000000000021,-65.92500000000001,0.0
1.3250000000000028,-65.92500000000001,0.0
1.375,-65.92500000000001,0.0
2.9250000000000007,-65.92500000000001,0.0
3.3750000000000036,-65.92500000000001,0.0
3.4250000000000007,-65.92500000000001,0.0
3.4750000000000014,-65.92500000000001,0.0
-12.875,-65.97500000000001,0.0
-12.825,-65.97500000000001,0.0
-9.974999999999998,-65.97500000000001,0.0
-3.0749999999999993,-65.97500000000001,0.0
-3.0249999999999986,-65.97500000000001,0.0
-2.974999999999998,-65.97500000000001,0.0
-1.674999999999999,-65.97500000000001,0.0
-1.424999999999999,-65.97500000000001,0.0
-1.3749999999999982,-65.97500000000001,0.0
-1.3249999999999993,-65.97500000000001,0.0
-1.2749999999999986,-65.97500000000001,0.0
-1.2249999999999979,-65.97500000000001,0.0
-1.0249999999999986,-65.97500000000001,0.0
-0.9249999999999989,-65.97500000000001,0.0
1.1750000000000007,-65.97500000000001,0.0
1.2250000000000014,-65.97500000000001,0.0
1.2750000000000021,-65.97500000000001,0.0
1.3250000000000028,-65.97500000000001,0.0
1.375,-65.97500000000001,0.0
3.3750000000000036,-65.97500000000001,0.0
3.4250000000000007,-65.97500000000001,0.0
-12.875,-66.025,0.0
-12.825,-66.025,0.0
-9.974999999999998,-66.025,0.0
-9.924999999999999,-66.025,0.0
-3.0249999999999986,-66.025,0.0
-2.974999999999998,-66.025,0.0
-1.8749999999999982,-66.025,0.0
-1.424999999999999,-66.025,0.0
-1.3749999999999982,-66.025,0.0
-1.3249999999999993,-66.025,0.0
-0.9249999999999989,-66.025,0.0
1.1750000000000007,-66.025,0.0
1.2250000000000014,-66.025,0.0
1.2750000000000021,-66.025,0.0
1.3250000000000028,-66.025,0.0
1.375,-66.025,0.0
3.075000000000003,-66.025,0.0
3.325000000000003,-66.025,0.0
3.3750000000000036,-66.025,0.0
3.4250000000000007,-66.025,0.0
-12.875,-66.075,0.0
-12.825,-66.075,0.0
-9.974999999999998,-66.075,0.0
-9.924999999999999,-66.075,0.0
-3.0249999999999986,-66.075,0.0
-2.974999999999998,-66.075,0.0
-1.3749999999999982,-66.075,0.0
-1.3249999999999993,-66.075,0.0
-1.2749999999999986,-66.075,0.0
-0.9249999999999989,-66.075,0.0
1.1750000000000007,-66.075,0.0
1.2250000000000014,-66.075,0.0
1.2750000000000021,-66.075,0.0
1.3250000000000028,-66.075,0.0
1.375,-66.075,0.0
3.025000000000002,-66.075,0.0
3.325000000000003,-66.075,0.0
3.3750000000000036,-66.075,0.0
3.4250000000000007,-66.075,0.0
-12.875,-66.125,0.0
-12.825,-66.125,0.0
-9.974999999999998,-66.125,0.0
-9.924999999999999,-66.125,0.0
-3.0249999999999986,-66.125,0.0
-2.974999999999998,-66.125,0.0
-1.3749999999999982,-66.125,0.0
-1.3249999999999993,-66.125,0.0
-1.2749999999999986,-66.125,0.0
-0.9249999999999989,-66.125,0.0
1.1750000000000007,-66.125,0.0
1.2250000000000014,-66.125,0.0
1.3250000000000028,-66.125,0.0
1.375,-66.125,0.0
3.325000000000003,-66.125,0.0
3.3750000000000036,-66.125,0.0
3.4250000000000007,-66.125,0.0
-12.875,-66.17500000000001,0.0
-12.825,-66.17500000000001,0.0
-9.924999999999999,-66.17500000000001,0.0
-3.0249999999999986,-66.17500000000001,0.0
-2.974999999999998,-66.17500000000001,0.0
-2.0249999999999986,-66.17500000000001,0.0
-1.9749999999999979,-66.17500000000001,0.0
-1.924999999999999,-66.17500000000001,0.0
-1.8249999999999993,-66.17500000000001,0.0
-1.7749999999999986,-66.17500000000001,0.0
-1.7249999999999979,-66.17500000000001,0.0
-1.3749999999999982,-66.17500000000001,0.0
-1.3249999999999993,-66.17500000000001,0.0
-1.2749999999999986,-66.17500000000001,0.0
-0.9249999999999989,-66.17500000000001,0.0
1.1750000000000007,-66.17500000000001,0.0
1.2250000000000014,-66.17500000000001,0.0
1.2750000000000021,-66.17500000000001,0.0
1.3250000000000028,-66.17500000000001,0.0
1.375,-66.17500000000001,0.0
3.325000000000003,-66.17500000000001,0.0
3.3750000000000036,-66.17500000000001,0.0
3.4250000000000007,-66.17500000000001,0.0
-12.875,-66.22500000000001,0.0
-12.825,-66.22500000000001,0.0
-9.924999999999999,-66.22500000000001,0.0
-3.0249999999999986,-66.22500000000001,0.0
-2.974999999999998,-66.22500000000001,0.0
-1.8249999999999993,-66.22500000000001,0.0
-1.674999999999999,-66.22500000000001,0.0
-1.6249999999999982,-66.22500000000001,0.0
-1.3249999999999993,-66.22500000000001,0.0
-1.2749999999999986,-66.22500000000001,0.0
-0.9249999999999989,-66.22500000000001,0.0
1.1750000000000007,-66.22500000000001,0.0
1.2250000000000014,-66.22500000000001,0.0
1.3250000000000028,-66.22500000000001,0.0
1.375,-66.22500000000001,0.0
1.4250000000000007,-66.22500000000001,0.0
3.325000000000003,-66.22500000000001,0.0
3.3750000000000036,-66.22500000000001,0.0
-12.875,-66.275,0.0
-12.825,-66.275,0.0
-9.924999999999999,-66.275,0.0
-3.0249999999999986,-66.275,0.0
-2.974999999999998,-66.275,0.0
-1.8249999999999993,-66.275,0.0
-1.5749999999999993,-66.275,0.0
-1.3249999999999993,-66.275,0.0
-1.2749999999999986,-66.275,0.0
-0.9249999999999989,-66.275,0.0
-0.8749999999999982,-66.275,0.0
1.2250000000000014,-66.275,0.0
1.2750000000000021,-66.275,0.0
1.3250000000000028,-66.275,0.0
1.375,-66.275,0.0
1.4250000000000007,-66.275,0.0
3.325000000000003,-66.275,0.0
3.3750000000000036,-66.275,0.0
3.4250000000000007,-66.275,0.0
3.4750000000000014,-66.275,0.0
3.525000000000002,-66.275,0.0
-12.875,-66.325,0.0
-12.825,-66.325,0.0
-9.924999999999999,-66.325,0.0
-3.0249999999999986,-66.325,0.0
-2.974999999999998,-66.325,0.0
-1.8249999999999993,-66.325,0.0
-1.3249999999999993,-66.325,0.0
-1.2749999999999986,-66.325,0.0
-1.1249999999999982,-66.325,0.0
-0.9249999999999989,-66.325,0.0
-0.8749999999999982,-66.325,0.0
-0.17499999999999716,-66.325,0.0
1.2250000000000014,-66.325,0.0
1.2750000000000021,-66.325,0.0
1.3250000000000028,-66.325,0.0
1.375,-66.325,0.0
1.4250000000000007,-66.325,0.0
3.3750000000000036,-66.325,0.0
3.4250000000000007,-66.325,0.0
3.4750000000000014,-66.325,0.0
3.525000000000002,-66.325,0.0
-12.875,-66.375,0.0
-12.825,-66.375,0.0
-9.924999999999999,-66.375,0.0
-3.0249999999999986,-66.375,0.0
-2.974999999999998,-66.375,0.0
-1.3749999999999982,-66.375,0.0
-1.3249999999999993,-66.375,0.0
-1.2749999999999986,-66.375,0.0
-1.174999999999999,-66.375,0.0
-1.1249999999999982,-66.375,0.0
-1.0749999999999993,-66.375,0.0
-1.0249999999999986,-66.375,0.0
-0.9749999999999979,-66.375,0.0
-0.9249999999999989,-66.375,0.0
-0.8749999999999982,-66.375,0.0
-0.42499999999999716,-66.375,0.0
-0.17499999999999716,-66.375,0.0
1.2250000000000014,-66.375,0.0
1.2750000000000021,-66.375,0.0
1.3250000000000028,-66.375,0.0
1.375,-66.375,0.0
1.4250000000000007,-66.375,0.0
3.3750000000000036,-66.375,0.0
3.4250000000000007,-66.375,0.0
3.4750000000000014,-66.375,0.0
3.525000000000002,-66.375,0.0
3.575000000000003,-66.375,0.0
-12.975,-66.42500000000001,0.0
-12.924999999999999,-66.42500000000001,0.0
-12.875,-66.42500000000001,0.0
-12.825,-66.42500000000001,0.0
-9.924999999999999,-66.42500000000001,0.0
-3.0249999999999986,-66.42500000000001,0.0
-2.974999999999998,-66.42500000000001,0.0
-1.3749999999999982,-66.42500000000001,0.0
-1.3249999999999993,-66.42500000000001,0.0
-1.2749999999999986,-66.42500000000001,0.0
-1.2249999999999979,-66.42500000000001,0.0
-1.174999999999999,-66.42500000000001,0.0
-1.1249999999999982,-66.42500000000001,0.0
-1.0749999999999993,-66.42500000000001,0.0
-1.0249999999999986,-66.42500000000001,0.0
-0.42499999999999716,-66.42500000000001,0.0
-0.375,-66.42500000000001,0.0
-0.3249999999999993,-66.42500000000001,0.0
-0.17499999999999716,-66.42500000000001,0.0
1.2250000000000014,-66.42500000000001,0.0
1.2750000000000021,-66.42500000000001,0.0
1.3250000000000028,-66.42500000000001,0.0
1.375,-66.42500000000001,0.0
1.4250000000000007,-66.42500000000001,0.0
3.3750000000000036,-66.42500000000001,0.0
3.4250000000000007,-66.42500000000001,0.0
3.4750000000000014,-66.42500000000001,0.0
3.525000000000002,-66.42500000000001,0.0
3.575000000000003,-66.42500000000001,0.0
-12.875,-66.47500000000001,0.0
-12.825,-66.47500000000001,0.0
-9.924999999999999,-66.47500000000001,0.0
-9.875,-66.47500000000001,0.0
-3.0249999999999986,-66.47500000000001,0.0
-2.974999999999998,-66.47500000000001,0.0
-1.3749999999999982,-66.47500000000001,0.0
-0.3249999999999993,-66.47500000000001,0.0
-0.2749999999999986,-66.47500000000001,0.0
-0.22499999999999787,-66.47500000000001,0.0
-0.17499999999999716,-66.47500000000001,0.0
1.2250000000000014,-66.47500000000001,0.0
1.2750000000000021,-66.47500000000001,0.0
1.3250000000000028,-66.47500000000001,0.0
1.375,-66.47500000000001,0.0
1.4250000000000007,-66.47500000000001,0.0
2.775000000000002,-66.47500000000001,0.0
3.3750000000000036,-66.47500000000001,0.0
3.4750000000000014,-66.47500000000001,0.0
3.525000000000002,-66.47500000000001,0.0
-12.924999999999999,-66.525,0.0
-12.875,-66.525,0.0
-12.825,-66.525,0.0
-9.924999999999999,-66.525,0.0
-9.875,-66.525,0.0
-2.974999999999998,-66.525,0.0
-2.924999999999999,-66.525,0.0
-0.22499999999999787,-66.525,0.0
-0.17499999999999716,-66.525,0.0
-0.125,-66.525,0.0
-0.07499999999999929,-66.525,0.0
-0.02499999999999858,-66.525,0.0
1.2250000000000014,-66.525,0.0
1.2750000000000021,-66.525,0.0
1.3250000000000028,-66.525,0.0
1.375,-66.525,0.0
1.4250000000000007,-66.525,0.0
3.4750000000000014,-66.525,0.0
3.525000000000002,-66.525,0.0
-12.975,-66.575,0.0
-12.924999999999999,-66.575,0.0
-12.875,-66.575,0.0
-9.924999999999999,-66.575,0.0
-9.875,-66.575,0.0
-9.825,-66.575,0.0
-2.974999999999998,-66.575,0.0
-2.924999999999999,-66.575,0.0
-0.2749999999999986,-66.575,0.0
-0.22499999999999787,-66.575,0.0
-0.17499999999999716,-66.575,0.0
1.2250000000000014,-66.575,0.0
1.2750000000000021,-66.575,0.0
1.3250000000000028,-66.575,0.0
1.375,-66.575,0.0
1.4250000000000007,-66.575,0.0
3.4750000000000014,-66.575,0.0
3.525000000000002,-66.575,0.0
-12.975,-66.625,0.0
-12.924999999999999,-66.625,0.0
-9.924999999999999,-66.625,0.0
-9.875,-66.625,0.0
-3.1249999999999982,-66.625,0.0
-2.974999999999998,-66.625,0.0
-2.924999999999999,-66.625,0.0
-0.3249999999999993,-66.625,0.0
-0.2749999999999986,-66.625,0.0
-0.17499999999999716,-66.625,0.0
1.2250000000000014,-66.625,0.0
1.2750000000000021,-66.625,0.0
1.3250000000000028,-66.625,0.0
1.375,-66.625,0.0
1.4250000000000007,-66.625,0.0
3.4750000000000014,-66.625,0.0
3.525000000000002,-66.625,0.0
3.575000000000003,-66.625,0.0
-12.975,-66.67500000000001,0.0
-12.924999999999999,-66.67500000000001,0.0
-9.924999999999999,-66.67500000000001,0.0
-9.875,-66.67500000000001,0.0
-2.974999999999998,-66.67500000000001,0.0
-2.924999999999999,-66.67500000000001,0.0
-0.375,-66.67500000000001,0.0
-0.3249999999999993,-66.67500000000001,0.0
-0.125,-66.67500000000001,0.0
1.2250000000000014,-66.67500000000001,0.0
1.2750000000000021,-66.67500000000001,0.0
1.3250000000000028,-66.67500000000001,0.0
1.375,-66.67500000000001,0.0
1.4250000000000007,-66.67500000000001,0.0
1.4750000000000014,-66.67500000000001,0.0
3.4750000000000014,-66.67500000000001,0.0
3.525000000000002,-66.67500000000001,0.0
3.575000000000003,-66.67500000000001,0.0
-12.975,-66.72500000000001,0.0
-12.924999999999999,-66.72500000000001,0.0
-9.875,-66.72500000000001,0.0
-3.1249999999999982,-66.72500000000001,0.0
-3.0749999999999993,-66.72500000000001,0.0
-2.974999999999998,-66.72500000000001,0.0
-2.924999999999999,-66.72500000000001,0.0
-0.125,-66.72500000000001,0.0
1.2250000000000014,-66.72500000000001,0.0
1.2750000000000021,-66.72500000000001,0.0
1.3250000000000028,-66.72500000000001,0.0
1.375,-66.72500000000001,0.0
1.4250000000000007,-66.72500000000001,0.0
1.4750000000000014,-66.72500000000001,0.0
3.525000000000002,-66.72500000000001,0.0
3.575000000000003,-66.72500000000001,0.0
-12.975,-66.775,0.0
-12.924999999999999,-66.775,0.0
-9.875,-66.775,0.0
-2.974999999999998,-66.775,0.0
-2.924999999999999,-66.775,0.0
-2.224999999999998,-66.775,0.0
-2.174999999999999,-66.775,0.0
-2.1249999999999982,-66.775,0.0
1.2250000000000014,-66.775,0.0
1.2750000000000021,-66.775,0.0
1.3250000000000028,-66.775,0.0
1.375,-66.775,0.0
1.4250000000000007,-66.775,0.0
1.4750000000000014,-66.775,0.0
3.525000000000002,-66.775,0.0
3.575000000000003,-66.775,0.0
-12.975,-66.825,0.0
-12.924999999999999,-66.825,0.0
-9.875,-66.825,0.0
-3.0749999999999993,-66.825,0.0
-2.974999999999998,-66.825,0.0
-2.924999999999999,-66.825,0.0
-2.3249999999999993,-66.825,0.0
-2.2749999999999986,-66.825,0.0
-2.224999999999998,-66.825,0.0
-2.174999999999999,-66.825,0.0
1.2250000000000014,-66.825,0.0
1.2750000000000021,-66.825,0.0
1.375,-66.825,0.0
1.4250000000000007,-66.825,0.0
1.4750000000000014,-66.825,0.0
3.525000000000002,-66.825,0.0
3.575000000000003,-66.825,0.0
-12.975,-66.875,0.0
-12.924999999999999,-66.875,0.0
-9.875,-66.875,0.0
-3.0749999999999993,-66.875,0.0
-3.0249999999999986,-66.875,0.0
-2.974999999999998,-66.875,0.0
-2.924999999999999,-66.875,0.0
1.2250000000000014,-66.875,0.0
1.2750000000000021,-66.875,0.0
1.375,-66.875,0.0
1.4250000000000007,-66.875,0.0
1.4750000000000014,-66.875,0.0
3.525000000000002,-66.875,0.0
3.575000000000003,-66.875,0.0
-12.975,-66.92500000000001,0.0
-12.924999999999999,-66.92500000000001,0.0
-9.875,-66.92500000000001,0.0
-3.0249999999999986,-66.92500000000001,0.0
-2.974999999999998,-66.92500000000001,0.0
-2.924999999999999,-66.92500000000001,0.0
1.2750000000000021,-66.92500000000001,0.0
1.375,-66.92500000000001,0.0
1.4250000000000007,-66.92500000000001,0.0
1.4750000000000014,-66.92500000000001,0.0
2.9750000000000014,-66.92500000000001,0.0
3.525000000000002,-66.92500000000001,0.0
3.575000000000003,-66.92500000000001,0.0
3.6250000000000036,-66.92500000000001,0.0
-12.975,-66.97500000000001,0.0
-12.924999999999999,-66.97500000000001,0.0
-9.875,-66.97500000000001,0.0
-3.0749999999999993,-66.97500000000001,0.0
-3.0249999999999986,-66.97500000000001,0.0
-2.974999999999998,-66.97500000000001,0.0
-2.924999999999999,-66.97500000000001,0.0
1.2750000000000021,-66.97500000000001,0.0
1.375,-66.97500000000001,0.0
1.4250000000000007,-66.97500000000001,0.0
1.4750000000000014,-66.97500000000001,0.0
2.9750000000000014,-66.97500000000001,0.0
3.525000000000002,-66.97500000000001,0.0
3.575000000000003,-66.97500000000001,0.0
3.6250000000000036,-66.97500000000001,0.0
-12.975,-67.025,0.0
-12.924999999999999,-67.025,0.0
-9.875,-67.025,0.0
-9.825,-67.025,0.0
-2.974999999999998,-67.025,0.0
-2.924999999999999,-67.025,0.0
-1.3749999999999982,-67.025,0.0
1.2750000000000021,-67.025,0.0
1.3250000000000028,-67.025,0.0
1.375,-67.025,0.0
1.4250000000000007,-67.025,0.0
1.4750000000000014,-67.025,0.0
3.525000000000002,-67.025,0.0
3.575000000000003,-67.025,0.0
-12.975,-67.075,0.0
-12.924999999999999,-67.075,0.0
-9.875,-67.075,0.0
-9.825,-67.075,0.0
-3.0749999999999993,-67.075,0.0
-2.974999999999998,-67.075,0.0
-2.924999999999999,-67.075,0.0
-1.3749999999999982,-67.075,0.0
-1.3249999999999993,-67.075,0.0
-0.625,-67.075,0.0
-0.5749999999999993,-67.075,0.0
1.2750000000000021,-67.075,0.0
1.3250000000000028,-67.075,0.0
1.375,-67.075,0.0
1.4250000000000007,-67.075,0.0
1.4750000000000014,-67.075,0.0
3.525000000000002,-67.075,0.0
3.575000000000003,-67.075,0.0
3.6250000000000036,-67.075,0.0
-12.975,-67.125,0.0
-12.924999999999999,-67.125,0.0
-9.875,-67.125,0.0
-9.825,-67.125,0.0
-4.824999999999999,-67.125,0.0
-3.1249999999999982,-67.125,0.0
-3.0749999999999993,-67.125,0.0
-3.0249999999999986,-67.125,0.0
-2.974999999999998,-67.125,0.0
-2.924999999999999,-67.125,0.0
-1.3249999999999993,-67.125,0.0
-1.1249999999999982,-67.125,0.0
-1.0749999999999993,-67.125,0.0
-0.625,-67.125,0.0
-0.5749999999999993,-67.125,0.0
1.2750000000000021,-67.125,0.0
1.3250000000000028,-67.125,0.0
1.375,-67.125,0.0
1.4250000000000007,-67.125,0.0
1.4750000000000014,-67.125,0.0
3.525000000000002,-67.125,0.0
3.575000000000003,-67.125,0.0
-12.975,-67.17500000000001,0.0
-12.924999999999999,-67.17500000000001,0.0
-9.825,-67.17500000000001,0.0
-4.874999999999998,-67.17500000000001,0.0
-4.824999999999999,-67.17500000000001,0.0
-4.774999999999999,-67.17500000000001,0.0
-3.1249999999999982,-67.17500000000001,0.0
-3.0749999999999993,-67.17500000000001,0.0
-3.0249999999999986,-67.17500000000001,0.0
-2.974999999999998,-67.17500000000001,0.0
-2.924999999999999,-67.17500000000001,0.0
-1.5749999999999993,-67.17500000000001,0.0
-1.5249999999999986,-67.17500000000001,0.0
-1.3249999999999993,-67.17500000000001,0.0
-1.174999999999999,-67.17500000000001,0.0
-1.1249999999999982,-67.17500000000001,0.0
1.2750000000000021,-67.17500000000001,0.0
1.3250000000000028,-67.17500000000001,0.0
1.375,-67.17500000000001,0.0
1.4250000000000007,-67.17500000000001,0.0
1.4750000000000014,-67.17500000000001,0.0
1.5250000000000021,-67.17500000000001,0.0
3.525000000000002,-67.17500000000001,0.0
3.575000000000003,-67.17500000000001,0.0
-12.975,-67.22500000000001,0.0
-12.924999999999999,-67.22500000000001,0.0
-9.875,-67.22500000000001,0.0
-9.825,-67.22500000000001,0.0
-4.824999999999999,-67.22500000000001,0.0
-4.774999999999999,-67.22500000000001,0.0
-4.724999999999998,-67.22500000000001,0.0
-3.0749999999999993,-67.22500000000001,0.0
-3.0249999999999986,-67.22500000000001,0.0
-2.974999999999998,-67.22500000000001,0.0
-2.924999999999999,-67.22500000000001,0.0
-1.5749999999999993,-67.22500000000001,0.0
-1.4749999999999979,-67.22500000000001,0.0
-1.424999999999999,-67.22500000000001,0.0
-1.3749999999999982,-67.22500000000001,0.0
-1.3249999999999993,-67.22500000000001,0.0
-1.2749999999999986,-67.22500000000001,0.0
-1.2249999999999979,-67.22500000000001,0.0
1.2750000000000021,-67.22500000000001,0.0
1.3250000000000028,-67.22500000000001,0.0
1.4250000000000007,-67.22500000000001,0.0
1.4750000000000014,-67.22500000000001,0.0
1.5250000000000021,-67.22500000000001,0.0
3.525000000000002,-67.22500000000001,0.0
3.575000000000003,-67.22500000000001,0.0
-12.924999999999999,-67.275,0.0
-9.825,-67.275,0.0
-4.824999999999999,-67.275,0.0
-4.774999999999999,-67.275,0.0
-4.724999999999998,-67.275,0.0
-3.0249999999999986,-67.275,0.0
-2.974999999999998,-67.275,0.0
-2.924999999999999,-67.275,0.0
-2.8749999999999982,-67.275,0.0
-1.3749999999999982,-67.275,0.0
-1.3249999999999993,-67.275,0.0
-1.2749999999999986,-67.275,0.0
1.2750000000000021,-67.275,0.0
1.3250000000000028,-67.275,0.0
1.375,-67.275,0.0
1.4250000000000007,-67.275,0.0
1.4750000000000014,-67.275,0.0
1.5250000000000021,-67.275,0.0
3.4750000000000014,-67.275,0.0
3.525000000000002,-67.275,0.0
3.575000000000003,-67.275,0.0
-12.924999999999999,-67.325,0.0
-9.825,-67.325,0.0
-4.874999999999998,-67.325,0.0
-4.824999999999999,-67.325,0.0
-3.0249999999999986,-67.325,0.0
-2.974999999999998,-67.325,0.0
-2.924999999999999,-67.325,0.0
-2.8749999999999982,-67.325,0.0
-1.3749999999999982,-67.325,0.0
-1.3249999999999993,-67.325,0.0
-1.2749999999999986,-67.325,0.0
-1.2249999999999979,-67.325,0.0
1.2750000000000021,-67.325,0.0
1.3250000000000028,-67.325,0.0
1.4250000000000007,-67.325,0.0
1.4750000000000014,-67.325,0.0
1.5250000000000021,-67.325,0.0
3.4750000000000014,-67.325,0.0
3.525000000000002,-67.325,0.0
3.575000000000003,-67.325,0.0
-12.975,-67.375,0.0
-12.924999999999999,-67.375,0.0
-9.825,-67.375,0.0
-4.874999999999998,-67.375,0.0
-4.824999999999999,-67.375,0.0
-3.0249999999999986,-67.375,0.0
-2.974999999999998,-67.375,0.0
-2.924999999999999,-67.375,0.0
-2.8749999999999982,-67.375,0.0
-1.3749999999999982,-67.375,0.0
-1.174999999999999,-67.375,0.0
1.2750000000000021,-67.375,0.0
1.3250000000000028,-67.375,0.0
1.4250000000000007,-67.375,0.0
1.4750000000000014,-67.375,0.0
1.5250000000000021,-67.375,0.0
3.4750000000000014,-67.375,0.0
3.525000000000002,-67.375,0.0
3.575000000000003,-67.375,0.0
-13.024999999999999,-67.42500000000001,0.0
-12.975,-67.42500000000001,0.0
-12.924999999999999,-67.42500000000001,0.0
-9.825,-67.42500000000001,0.0
-9.774999999999999,-67.42500000000001,0.0
-3.0249999999999986,-67.42500000000001,0.0
-2.974999999999998,-67.42500000000001,0.0
-2.924999999999999,-67.42500000000001,0.0
-2.8749999999999982,-67.42500000000001,0.0
-1.3749999999999982,-67.42500000000001,0.0
1.2750000000000021,-67.42500000000001,0.0
1.3250000000000028,-67.42500000000001,0.0
1.4250000000000007,-67.42500000000001,0.0
1.4750000000000014,-67.42500000000001,0.0
1.5250000000000021,-67.42500000000001,0.0
3.4750000000000014,-67.42500000000001,0.0
3.525000000000002,-67.42500000000001,0.0
3.575000000000003,-67.42500000000001,0.0
-12.975,-67.47500000000001,0.0
-12.924999999999999,-67.47500000000001,0.0
-12.875,-67.47500000000001,0.0
-12.825,-67.47500000000001,0.0
-9.825,-67.47500000000001,0.0
-4.824999999999999,-67.47500000000001,0.0
-3.0249999999999986,-67.47500000000001,0.0
-2.974999999999998,-67.47500000000001,0.0
-2.924999999999999,-67.47500000000001,0.0
-2.8749999999999982,-67.47500000000001,0.0
1.2750000000000021,-67.47500000000001,0.0
1.3250000000000028,-67.47500000000001,0.0
1.4250000000000007,-67.47500000000001,0.0
1.4750000000000014,-67.47500000000001,0.0
1.5250000000000021,-67.47500000000001,0.0
3.4750000000000014,-67.47500000000001,0.0
3.525000000000002,-67.47500000000001,0.0
3.575000000000003,-67.47500000000001,0.0
-13.075,-67.525,0.0
-13.024999999999999,-67.525,0.0
-12.975,-67.525,0.0
-12.924999999999999,-67.525,0.0
-12.875,-67.525,0.0
-12.825,-67.525,0.0
-9.825,-67.525,0.0
-9.774999999999999,-67.525,0.0
-4.824999999999999,-67.525,0.0
-4.774999999999999,-67.525,0.0
-3.0249999999999986,-67.525,0.0
-2.974999999999998,-67.525,0.0
-2.924999999999999,-67.525,0.0
-2.8749999999999982,-67.525,0.0
1.2750000000000021,-67.525,0.0
1.3250000000000028,-67.525,0.0
1.4250000000000007,-67.525,0.0
1.4750000000000014,-67.525,0.0
1.5250000000000021,-67.525,0.0
3.525000000000002,-67.525,0.0
3.575000000000003,-67.525,0.0
-12.875,-67.575,0.0
-12.825,-67.575,0.0
-9.825,-67.575,0.0
-9.774999999999999,-67.575,0.0
-4.824999999999999,-67.575,0.0
-4.774999999999999,-67.575,0.0
-2.974999999999998,-67.575,0.0
-2.924999999999999,-67.575,0.0
-2.8749999999999982,-67.575,0.0
1.3250000000000028,-67.575,0.0
1.4250000000000007,-67.575,0.0
1.4750000000000014,-67.575,0.0
1.5250000000000021,-67.575,0.0
1.5750000000000028,-67.575,0.0
3.525000000000002,-67.575,0.0
3.575000000000003,-67.575,0.0
-12.875,-67.625,0.0
-12.825,-67.625,0.0
-9.774999999999999,-67.625,0.0
-4.824999999999999,-67.625,0.0
-2.974999999999998,-67.625,0.0
-2.924999999999999,-67.625,0.0
-2.8749999999999982,-67.625,0.0
1.3250000000000028,-67.625,0.0
1.4750000000000014,-67.625,0.0
1.5250000000000021,-67.625,0.0
1.5750000000000028,-67.625,0.0
3.525000000000002,-67.625,0.0
3.575000000000003,-67.625,0.0
-12.875,-67.67500000000001,0.0
-12.825,-67.67500000000001,0.0
-9.774999999999999,-67.67500000000001,0.0
-4.824999999999999,-67.67500000000001,0.0
-4.774999999999999,-67.67500000000001,0.0
-2.974999999999998,-67.67500000000001,0.0
-2.924999999999999,-67.67500000000001,0.0
-2.8749999999999982,-67.67500000000001,0.0
1.3250000000000028,-67.67500000000001,0.0
1.375,-67.67500000000001,0.0
1.4750000000000014,-67.67500000000001,0.0
1.5250000000000021,-67.67500000000001,0.0
1.5750000000000028,-67.67500000000001,0.0
3.525000000000002,-67.67500000000001,0.0
3.575000000000003,-67.67500000000001,0.0
-12.875,-67.72500000000001,0.0
-12.825,-67.72500000000001,0.0
-9.825,-67.72500000000001,0.0
-9.774999999999999,-67.72500000000001,0.0
-4.824999999999999,-67.72500000000001,0.0
-2.974999999999998,-67.72500000000001,0.0
-2.924999999999999,-67.72500000000001,0.0
-2.8749999999999982,-67.72500000000001,0.0
1.3250000000000028,-67.72500000000001,0.0
1.375,-67.72500000000001,0.0
1.4750000000000014,-67.72500000000001,0.0
1.5250000000000021,-67.72500000000001,0.0
1.5750000000000028,-67.72500000000001,0.0
3.525000000000002,-67.72500000000001,0.0
3.575000000000003,-67.72500000000001,0.0
-12.875,-67.775,0.0
-12.825,-67.775,0.0
-9.825,-67.775,0.0
-9.774999999999999,-67.775,0.0
-9.724999999999998,-67.775,0.0
-4.824999999999999,-67.775,0.0
-4.774999999999999,-67.775,0.0
-4.724999999999998,-67.775,0.0
-2.974999999999998,-67.775,0.0
-2.924999999999999,-67.775,0.0
-2.8749999999999982,-67.775,0.0
1.3250000000000028,-67.775,0.0
1.375,-67.775,0.0
1.4750000000000014,-67.775,0.0
1.5250000000000021,-67.775,0.0
1.5750000000000028,-67.775,0.0
3.525000000000002,-67.775,0.0
3.575000000000003,-67.775,0.0
-12.924999999999999,-67.825,0.0
-12.875,-67.825,0.0
-12.825,-67.825,0.0
-9.825,-67.825,0.0
-9.774999999999999,-67.825,0.0
-4.824999999999999,-67.825,0.0
-4.774999999999999,-67.825,0.0
-2.974999999999998,-67.825,0.0
-2.924999999999999,-67.825,0.0
-2.8749999999999982,-67.825,0.0
0.625,-67.825,0.0
1.3250000000000028,-67.825,0.0
1.375,-67.825,0.0
1.4750000000000014,-67.825,0.0
1.5250000000000021,-67.825,0.0
1.5750000000000028,-67.825,0.0
3.525000000000002,-67.825,0.0
3.575000000000003,-67.825,0.0
-12.924999999999999,-67.875,0.0
-12.875,-67.875,0.0
-9.774999999999999,-67.875,0.0
-4.824999999999999,-67.875,0.0
-4.774999999999999,-67.875,0.0
-2.974999999999998,-67.875,0.0
-2.924999999999999,-67.875,0.0
-2.8749999999999982,-67.875,0.0
-2.8249999999999993,-67.875,0.0
-2.724999999999998,-67.875,0.0
0.4750000000000014,-67.875,0.0
0.5250000000000021,-67.875,0.0
0.5750000000000028,-67.875,0.0
0.625,-67.875,0.0
1.3250000000000028,-67.875,0.0
1.375,-67.875,0.0
1.4750000000000014,-67.875,0.0
1.5250000000000021,-67.875,0.0
1.5750000000000028,-67.875,0.0
3.525000000000002,-67.875,0.0
3.575000000000003,-67.875,0.0
3.6250000000000036,-67.875,0.0
-12.975,-67.92500000000001,0.0
-12.924999999999999,-67.92500000000001,0.0
-9.774999999999999,-67.92500000000001,0.0
-9.724999999999998,-67.92500000000001,0.0
-4.824999999999999,-67.92500000000001,0.0
-4.774999999999999,-67.92500000000001,0.0
-4.724999999999998,-67.92500000000001,0.0
-2.974999999999998,-67.92500000000001,0.0
-2.924999999999999,-67.92500000000001,0.0
-2.8749999999999982,-67.92500000000001,0.0
-2.8249999999999993,-67.92500000000001,0.0
-2.724999999999998,-67.92500000000001,0.0
0.5750000000000028,-67.92500000000001,0.0
0.625,-67.92500000000001,0.0
0.6750000000000007,-67.92500000000001,0.0
0.7250000000000014,-67.92500000000001,0.0
0.7750000000000021,-67.92500000000001,0.0
1.3250000000000028,-67.92500000000001,0.0
1.375,-67.92500000000001,0.0
1.4750000000000014,-67.92500000000001,0.0
1.5250000000000021,-67.92500000000001,0.0
1.5750000000000028,-67.92500000000001,0.0
3.575000000000003,-67.92500000000001,0.0
3.6250000000000036,-67.92500000000001,0.0
-12.975,-67.97500000000001,0.0
-12.924999999999999,-67.97500000000001,0.0
-9.774999999999999,-67.97500000000001,0.0
-9.724999999999998,-67.97500000000001,0.0
-4.824999999999999,-67.97500000000001,0.0
-4.774999999999999,-67.97500000000001,0.0
-4.724999999999998,-67.97500000000001,0.0
-2.974999999999998,-67.97500000000001,0.0
-2.924999999999999,-67.97500000000001,0.0
-2.8749999999999982,-67.97500000000001,0.0
-2.8249999999999993,-67.97500000000001,0.0
-2.724999999999998,-67.97500000000001,0.0
0.5250000000000021,-67.97500000000001,0.0
0.5750000000000028,-67.97500000000001,0.0
1.3250000000000028,-67.97500000000001,0.0
1.375,-67.97500000000001,0.0
1.5250000000000021,-67.97500000000001,0.0
1.5750000000000028,-67.97500000000001,0.0
3.575000000000003,-67.97500000000001,0.0
3.6250000000000036,-67.97500000000001,0.0
-12.975,-68.025,0.0
-12.924999999999999,-68.025,0.0
-9.774999999999999,-68.025,0.0
-9.724999999999998,-68.025,0.0
-4.774999999999999,-68.025,0.0
-4.724999999999998,-68.025,0.0
-4.674999999999999,-68.025,0.0
-2.974999999999998,-68.025,0.0
-2.924999999999999,-68.025,0.0
-2.8749999999999982,-68.025,0.0
-2.8249999999999993,-68.025,0.0
-2.724999999999998,-68.025,0.0
1.3250000000000028,-68.025,0.0
1.375,-68.025,0.0
1.5250000000000021,-68.025,0.0
1.5750000000000028,-68.025,0.0
1.625,-68.025,0.0
3.575000000000003,-68.025,0.0
3.6250000000000036,-68.025,0.0
-12.975,-68.075,0.0
-12.924999999999999,-68.075,0.0
-9.774999999999999,-68.075,0.0
-9.724999999999998,-68.075,0.0
-4.824999999999999,-68.075,0.0
-4.774999999999999,-68.075,0.0
-2.924999999999999,-68.075,0.0
-2.8749999999999982,-68.075,0.0
-2.8249999999999993,-68.075,0.0
1.3250000000000028,-68.075,0.0
1.375,-68.075,0.0
1.5250000000000021,-68.075,0.0
1.5750000000000028,-68.075,0.0
1.625,-68.075,0.0
3.575000000000003,-68.075,0.0
3.6250000000000036,-68.075,0.0
-12.975,-68.125,0.0
-12.924999999999999,-68.125,0.0
-4.774999999999999,-68.125,0.0
-2.924999999999999,-68.125,0.0
-2.8749999999999982,-68.125,0.0
-2.8249999999999993,-68.125,0.0
-1.8249999999999993,-68.125,0.0
-1.7749999999999986,-68.125,0.0
-1.7249999999999979,-68.125,0.0
1.3250000000000028,-68.125,0.0
1.375,-68.125,0.0
1.5250000000000021,-68.125,0.0
1.5750000000000028,-68.125,0.0
1.625,-68.125,0.0
3.575000000000003,-68.125,0.0
3.6250000000000036,-68.125,0.0
-12.975,-68.17500000000001,0.0
-12.924999999999999,-68.17500000000001,0.0
-9.774999999999999,-68.17500000000001,0.0
-9.724999999999998,-68.17500000000001,0.0
-7.124999999999998,-68.17500000000001,0.0
-7.074999999999999,-68.17500000000001,0.0
-4.774999999999999,-68.17500000000001,0.0
-2.924999999999999,-68.17500000000001,0.0
-2.8749999999999982,-68.17500000000001,0.0
-2.8249999999999993,-68.17500000000001,0.0
-2.674999999999999,-68.17500000000001,0.0
-1.8249999999999993,-68.17500000000001,0.0
1.375,-68.17500000000001,0.0
1.5250000000000021,-68.17500000000001,0.0
1.5750000000000028,-68.17500000000001,0.0
1.625,-68.17500000000001,0.0
3.575000000000003,-68.17500000000001,0.0
3.6250000000000036,-68.17500000000001,0.0
3.6750000000000007,-68.17500000000001,0.0
-12.975,-68.22500000000001,0.0
-12.924999999999999,-68.22500000000001,0.0
-12.875,-68.22500000000001,0.0
-9.724999999999998,-68.22500000000001,0.0
-7.174999999999999,-68.22500000000001,0.0
-7.124999999999998,-68.22500000000001,0.0
-7.074999999999999,-68.22500000000001,0.0
-4.774999999999999,-68.22500000000001,0.0
-4.724999999999998,-68.22500000000001,0.0
-2.924999999999999,-68.22500000000001,0.0
-2.8749999999999982,-68.22500000000001,0.0
-2.8249999999999993,-68.22500000000001,0.0
-2.674999999999999,-68.22500000000001,0.0
1.375,-68.22500000000001,0.0
1.5250000000000021,-68.22500000000001,0.0
1.5750000000000028,-68.22500000000001,0.0
1.625,-68.22500000000001,0.0
3.575000000000003,-68.22500000000001,0.0
3.6250000000000036,-68.22500000000001,0.0
3.6750000000000007,-68.22500000000001,0.0
-12.975,-68.275,0.0
-12.924999999999999,-68.275,0.0
-12.875,-68.275,0.0
-9.724999999999998,-68.275,0.0
-4.774999999999999,-68.275,0.0
-4.724999999999998,-68.275,0.0
-2.924999999999999,-68.275,0.0
-2.8749999999999982,-68.275,0.0
-2.8249999999999993,-68.275,0.0
-2.674999999999999,-68.275,0.0
1.375,-68.275,0.0
1.5250000000000021,-68.275,0.0
1.5750000000000028,-68.275,0.0
1.625,-68.275,0.0
3.575000000000003,-68.275,0.0
3.6250000000000036,-68.275,0.0
3.6750000000000007,-68.275,0.0
-12.975,-68.325,0.0
-12.924999999999999,-68.325,0.0
-12.875,-68.325,0.0
-9.724999999999998,-68.325,0.0
-4.774999999999999,-68.325,0.0
-4.724999999999998,-68.325,0.0
-4.674999999999999,-68.325,0.0
-2.924999999999999,-68.325,0.0
-2.8749999999999982,-68.325,0.0
-2.8249999999999993,-68.325,0.0
-2.674999999999999,-68.325,0.0
1.375,-68.325,0.0
1.5250000000000021,-68.325,0.0
1.5750000000000028,-68.325,0.0
1.625,-68.325,0.0
3.575000000000003,-68.325,0.0
3.6250000000000036,-68.325,0.0
3.6750000000000007,-68.325,0.0
-12.975,-68.375,0.0
-12.924999999999999,-68.375,0.0
-12.875,-68.375,0.0
-9.724999999999998,-68.375,0.0
-9.674999999999999,-68.375,0.0
-4.724999999999998,-68.375,0.0
-2.924999999999999,-68.375,0.0
-2.8749999999999982,-68.375,0.0
-2.8249999999999993,-68.375,0.0
-2.674999999999999,-68.375,0.0
1.375,-68.375,0.0
1.5250000000000021,-68.375,0.0
1.5750000000000028,-68.375,0.0
1.625,-68.375,0.0
1.6750000000000007,-68.375,0.0
3.6250000000000036,-68.375,0.0
3.6750000000000007,-68.375,0.0
-12.975,-68.42500000000001,0.0
-12.924999999999999,-68.42500000000001,0.0
-12.875,-68.42500000000001,0.0
-10.524999999999999,-68.42500000000001,0.0
-9.724999999999998,-68.42500000000001,0.0
-4.724999999999998,-68.42500000000001,0.0
-4.674999999999999,-68.42500000000001,0.0
-2.924999999999999,-68.42500000000001,0.0
-2.8749999999999982,-68.42500000000001,0.0
-2.8249999999999993,-68.42500000000001,0.0
-2.674999999999999,-68.42500000000001,0.0
-0.22499999999999787,-68.42500000000001,0.0
-0.17499999999999716,-68.42500000000001,0.0
-0.125,-68.42500000000001,0.0
1.375,-68.42500000000001,0.0
1.4250000000000007,-68.42500000000001,0.0
1.5750000000000028,-68.42500000000001,0.0
1.625,-68.42500000000001,0.0
1.6750000000000007,-68.42500000000001,0.0
3.6250000000000036,-68.42500000000001,0.0
3.6750000000000007,-68.42500000000001,0.0
-12.975,-68.47500000000001,0.0
-12.924999999999999,-68.47500000000001,0.0
-12.875,-68.47500000000001,0.0
-9.724999999999998,-68.47500000000001,0.0
-4.724999999999998,-68.47500000000001,0.0
-4.674999999999999,-68.47500000000001,0.0
-2.924999999999999,-68.47500000000001,0.0
-2.8749999999999982,-68.47500000000001,0.0
-2.8249999999999993,-68.47500000000001,0.0
-2.674999999999999,-68.47500000000001,0.0
-2.3249999999999993,-68.47500000000001,0.0
-0.7749999999999986,-68.47500000000001,0.0
-0.17499999999999716,-68.47500000000001,0.0
-0.125,-68.47500000000001,0.0
-0.07499999999999929,-68.47500000000001,0.0
1.375,-68.47500000000001,0.0
1.4250000000000007,-68.47500000000001,0.0
1.5750000000000028,-68.47500000000001,0.0
1.625,-68.47500000000001,0.0
1.6750000000000007,-68.47500000000001,0.0
3.6250000000000036,-68.47500000000001,0.0
3.6750000000000007,-68.47500000000001,0.0
-12.924999999999999,-68.525,0.0
-12.875,-68.525,0.0
-9.724999999999998,-68.525,0.0
-9.674999999999999,-68.525,0.0
-4.724999999999998,-68.525,0.0
-4.674999999999999,-68.525,0.0
-2.8749999999999982,-68.525,0.0
-2.8249999999999993,-68.525,0.0
-2.674999999999999,-68.525,0.0
-2.6249999999999982,-68.525,0.0
-2.2749999999999986,-68.525,0.0
-1.0749999999999993,-68.525,0.0
-0.9749999999999979,-68.525,0.0
-0.02499999999999858,-68.525,0.0
1.375,-68.525,0.0
1.4250000000000007,-68.525,0.0
1.5750000000000028,-68.525,0.0
1.625,-68.525,0.0
1.6750000000000007,-68.525,0.0
3.6250000000000036,-68.525,0.0
3.6750000000000007,-68.525,0.0
-12.924999999999999,-68.575,0.0
-12.875,-68.575,0.0
-4.724999999999998,-68.575,0.0
-4.674999999999999,-68.575,0.0
-2.8749999999999982,-68.575,0.0
-2.8249999999999993,-68.575,0.0
-2.6249999999999982,-68.575,0.0
-2.2749999999999986,-68.575,0.0
-1.0249999999999986,-68.575,0.0
-0.9749999999999979,-68.575,0.0
-0.9249999999999989,-68.575,0.0
1.375,-68.575,0.0
1.4250000000000007,-68.575,0.0
1.5750000000000028,-68.575,0.0
1.625,-68.575,0.0
1.6750000000000007,-68.575,0.0
3.6250000000000036,-68.575,0.0
3.6750000000000007,-68.575,0.0
-12.924999999999999,-68.625,0.0
-12.875,-68.625,0.0
-9.724999999999998,-68.625,0.0
-9.674999999999999,-68.625,0.0
-4.724999999999998,-68.625,0.0
-4.674999999999999,-68.625,0.0
-2.8749999999999982,-68.625,0.0
-2.8249999999999993,-68.625,0.0
-2.6249999999999982,-68.625,0.0
-2.2749999999999986,-68.625,0.0
-1.0249999999999986,-68.625,0.0
1.375,-68.625,0.0
1.4250000000000007,-68.625,0.0
1.5750000000000028,-68.625,0.0
1.625,-68.625,0.0
1.6750000000000007,-68.625,0.0
3.6250000000000036,-68.625,0.0
3.6750000000000007,-68.625,0.0
3.7250000000000014,-68.625,0.0
-12.975,-68.67500000000001,0.0
-12.924999999999999,-68.67500000000001,0.0
-12.875,-68.67500000000001,0.0
-9.674999999999999,-68.67500000000001,0.0
-4.724999999999998,-68.67500000000001,0.0
-4.674999999999999,-68.67500000000001,0.0
-2.8749999999999982,-68.67500000000001,0.0
-2.8249999999999993,-68.67500000000001,0.0
-2.7749999999999986,-68.67500000000001,0.0
-2.6249999999999982,-68.67500000000001,0.0
1.375,-68.67500000000001,0.0
1.4250000000000007,-68.67500000000001,0.0
1.5750000000000028,-68.67500000000001,0.0
1.625,-68.67500000000001,0.0
1.6750000000000007,-68.67500000000001,0.0
3.6250000000000036,-68.67500000000001,0.0
3.6750000000000007,-68.67500000000001,0.0
3.7250000000000014,-68.67500000000001,0.0
-12.975,-68.72500000000001,0.0
-12.924999999999999,-68.72500000000001,0.0
-12.875,-68.72500000000001,0.0
-9.674999999999999,-68.72500000000001,0.0
-4.924999999999999,-68.72500000000001,0.0
-4.874999999999998,-68.72500000000001,0.0
-4.774999999999999,-68.72500000000001,0.0
-4.724999999999998,-68.72500000000001,0.0
-4.674999999999999,-68.72500000000001,0.0
-4.624999999999998,-68.72500000000001,0.0
-2.8749999999999982,-68.72500000000001,0.0
-2.8249999999999993,-68.72500000000001,0.0
-2.7749999999999986,-68.72500000000001,0.0
-2.6249999999999982,-68.72500000000001,0.0
1.375,-68.72500000000001,0.0
1.4250000000000007,-68.72500000000001,0.0
1.5750000000000028,-68.72500000000001,0.0
1.625,-68.72500000000001,0.0
1.6750000000000007,-68.72500000000001,0.0
3.6750000000000007,-68.72500000000001,0.0
3.7250000000000014,-68.72500000000001,0.0
-12.924999999999999,-68.775,0.0
-12.875,-68.775,0.0
-12.825,-68.775,0.0
-12.774999999999999,-68.775,0.0
-9.674999999999999,-68.775,0.0
-5.924999999999999,-68.775,0.0
-5.874999999999998,-68.775,0.0
-5.324999999999999,-68.775,0.0
-5.274999999999999,-68.775,0.0
-5.224999999999998,-68.775,0.0
-5.174999999999999,-68.775,0.0
-5.124999999999998,-68.775,0.0
-5.074999999999999,-68.775,0.0
-5.024999999999999,-68.775,0.0
-4.974999999999998,-68.775,0.0
-4.924999999999999,-68.775,0.0
-4.874999999999998,-68.775,0.0
-4.824999999999999,-68.775,0.0
-4.774999999999999,-68.775,0.0
-4.724999999999998,-68.775,0.0
-4.674999999999999,-68.775,0.0
-2.8749999999999982,-68.775,0.0
-2.8249999999999993,-68.775,0.0
-2.7749999999999986,-68.775,0.0
-2.6249999999999982,-68.775,0.0
1.375,-68.775,0.0
1.4250000000000007,-68.775,0.0
1.625,-68.775,0.0
1.6750000000000007,-68.775,0.0
3.6750000000000007,-68.775,0.0
3.7250000000000014,-68.775,0.0
-12.924999999999999,-68.825,0.0
-12.875,-68.825,0.0
-12.825,-68.825,0.0
-12.774999999999999,-68.825,0.0
-9.674999999999999,-68.825,0.0
-9.625,-68.825,0.0
-5.974999999999998,-68.825,0.0
-5.924999999999999,-68.825,0.0
-5.874999999999998,-68.825,0.0
-5.824999999999999,-68.825,0.0
-5.774999999999999,-68.825,0.0
-5.724999999999998,-68.825,0.0
-5.674999999999999,-68.825,0.0
-5.624999999999998,-68.825,0.0
-5.574999999999999,-68.825,0.0
-5.524999999999999,-68.825,0.0
-5.474999999999998,-68.825,0.0
-5.424999999999999,-68.825,0.0
-5.374999999999998,-68.825,0.0
-5.324999999999999,-68.825,0.0
-5.224999999999998,-68.825,0.0
-5.124999999999998,-68.825,0.0
-5.024999999999999,-68.825,0.0
-4.924999999999999,-68.825,0.0
-4.724999999999998,-68.825,0.0
-2.8749999999999982,-68.825,0.0
-2.8249999999999993,-68.825,0.0
-2.7749999999999986,-68.825,0.0
-2.6249999999999982,-68.825,0.0
-2.5749999999999993,-68.825,0.0
1.4250000000000007,-68.825,0.0
1.625,-68.825,0.0
1.6750000000000007,-68.825,0.0
1.7250000000000014,-68.825,0.0
3.6750000000000007,-68.825,0.0
3.7250000000000014,-68.825,0.0
-12.875,-68.875,0.0
-12.825,-68.875,0.0
-12.774999999999999,-68.875,0.0
-9.625,-68.875,0.0
-7.024999999999999,-68.875,0.0
-6.524999999999999,-68.875,0.0
-6.474999999999998,-68.875,0.0
-6.424999999999999,-68.875,0.0
-6.324999999999999,-68.875,0.0
-6.274999999999999,-68.875,0.0
-6.224999999999998,-68.875,0.0
-6.174999999999999,-68.875,0.0
-6.074999999999999,-68.875,0.0
-5.974999999999998,-68.875,0.0
-5.874999999999998,-68.875,0.0
-5.824999999999999,-68.875,0.0
-5.774999999999999,-68.875,0.0
-2.8749999999999982,-68.875,0.0
-2.8249999999999993,-68.875,0.0
-2.7749999999999986,-68.875,0.0
-2.6249999999999982,-68.875,0.0
-2.5749999999999993,-68.875,0.0
1.1750000000000007,-68.875,0.0
1.2250000000000014,-68.875,0.0
1.4250000000000007,-68.875,0.0
1.625,-68.875,0.0
1.6750000000000007,-68.875,0.0
1.7250000000000014,-68.875,0.0
3.6750000000000007,-68.875,0.0
3.7250000000000014,-68.875,0.0
-12.875,-68.92500000000001,0.0
-12.825,-68.92500000000001,0.0
-12.774999999999999,-68.92500000000001,0.0
-9.674999999999999,-68.92500000000001,0.0
-9.625,-68.92500000000001,0.0
-7.074999999999999,-68.92500000000001,0.0
-7.024999999999999,-68.92500000000001,0.0
-6.974999999999998,-68.92500000000001,0.0
-6.924999999999999,-68.92500000000001,0.0
-6.874999999999998,-68.92500000000001,0.0
-6.824999999999999,-68.92500000000001,0.0
-6.774999999999999,-68.92500000000001,0.0
-6.724999999999998,-68.92500000000001,0.0
-6.624999999999998,-68.92500000000001,0.0
-6.574999999999999,-68.92500000000001,0.0
-6.524999999999999,-68.92500000000001,0.0
-6.474999999999998,-68.92500000000001,0.0
-6.424999999999999,-68.92500000000001,0.0
-6.374999999999998,-68.92500000000001,0.0
-6.324999999999999,-68.92500000000001,0.0
-6.224999999999998,-68.92500000000001,0.0
-5.874999999999998,-68.92500000000001,0.0
-2.8749999999999982,-68.92500000000001,0.0
-2.8249999999999993,-68.92500000000001,0.0
-2.7749999999999986,-68.92500000000001,0.0
-2.5749999999999993,-68.92500000000001,0.0
1.1750000000000007,-68.92500000000001,0.0
1.4250000000000007,-68.92500000000001,0.0
1.625,-68.92500000000001,0.0
1.6750000000000007,-68.92500000000001,0.0
1.7250000000000014,-68.92500000000001,0.0
3.6750000000000007,-68.92500000000001,0.0
3.7250000000000014,-68.92500000000001,0.0
-12.875,-68.97500000000001,0.0
-12.825,-68.97500000000001,0.0
-12.774999999999999,-68.97500000000001,0.0
-9.674999999999999,-68.97500000000001,0.0
-9.625,-68.97500000000001,0.0
-7.624999999999998,-68.97500000000001,0.0
-7.574999999999999,-68.97500000000001,0.0
-7.524999999999999,-68.97500000000001,0.0
-7.475,-68.97500000000001,0.0
-7.424999999999999,-68.97500000000001,0.0
-7.374999999999998,-68.97500000000001,0.0
-7.324999999999999,-68.97500000000001,0.0
-7.274999999999999,-68.97500000000001,0.0
-7.225,-68.97500000000001,0.0
-7.174999999999999,-68.97500000000001,0.0
-7.074999999999999,-68.97500000000001,0.0
-7.024999999999999,-68.97500000000001,0.0
-6.974999999999998,-68.97500000000001,0.0
-6.924999999999999,-68.97500000000001,0.0
-6.874999999999998,-68.97500000000001,0.0
-6.824999999999999,-68.97500000000001,0.0
-2.8249999999999993,-68.97500000000001,0.0
-2.7749999999999986,-68.97500000000001,0.0
-2.5749999999999993,-68.97500000000001,0.0
0.625,-68.97500000000001,0.0
0.6750000000000007,-68.97500000000001,0.0
1.4250000000000007,-68.97500000000001,0.0
1.625,-68.97500000000001,0.0
1.6750000000000007,-68.97500000000001,0.0
1.7250000000000014,-68.97500000000001,0.0
3.6750000000000007,-68.97500000000001,0.0
3.7250000000000014,-68.97500000000001,0.0
3.775000000000002,-68.97500000000001,0.0
-12.825,-69.025,0.0
-12.774999999999999,-69.025,0.0
-10.125,-69.025,0.0
-10.075,-69.025,0.0
-9.674999999999999,-69.025,0.0
-9.625,-69.025,0.0
-8.225,-69.025,0.0
-8.174999999999999,-69.025,0.0
-8.124999999999998,-69.025,0.0
-8.075,-69.025,0.0
-8.024999999999999,-69.025,0.0
-7.975,-69.025,0.0
-7.924999999999999,-69.025,0.0
-7.874999999999998,-69.025,0.0
-7.824999999999999,-69.025,0.0
-7.774999999999999,-69.025,0.0
-7.725,-69.025,0.0
-7.674999999999999,-69.025,0.0
-7.624999999999998,-69.025,0.0
-7.574999999999999,-69.025,0.0
-7.524999999999999,-69.025,0.0
-7.475,-69.025,0.0
-7.374999999999998,-69.025,0.0
-7.274999999999999,-69.025,0.0
-7.174999999999999,-69.025,0.0
-7.074999999999999,-69.025,0.0
-2.8249999999999993,-69.025,0.0
-2.7749999999999986,-69.025,0.0
-2.5749999999999993,-69.025,0.0
0.625,-69.025,0.0
0.6750000000000007,-69.025,0.0
1.4250000000000007,-69.025,0.0
1.625,-69.025,0.0
1.6750000000000007,-69.025,0.0
1.7250000000000014,-69.025,0.0
3.6750000000000007,-69.025,0.0
3.7250000000000014,-69.025,0.0
3.775000000000002,-69.025,0.0
-12.825,-69.075,0.0
-12.774999999999999,-69.075,0.0
-10.224999999999998,-69.075,0.0
-10.174999999999999,-69.075,0.0
-10.125,-69.075,0.0
-10.075,-69.075,0.0
-10.024999999999999,-69.075,0.0
-9.974999999999998,-69.075,0.0
-9.524999999999999,-69.075,0.0
-8.724999999999998,-69.075,0.0
-8.674999999999999,-69.075,0.0
-8.624999999999998,-69.075,0.0
-8.575,-69.075,0.0
-8.524999999999999,-69.075,0.0
-8.475,-69.075,0.0
-8.424999999999999,-69.075,0.0
-8.374999999999998,-69.075,0.0
-8.325,-69.075,0.0
-8.274999999999999,-69.075,0.0
-8.225,-69.075,0.0
-8.174999999999999,-69.075,0.0
-8.124999999999998,-69.075,0.0
-8.075,-69.075,0.0
-8.024999999999999,-69.075,0.0
-7.975,-69.075,0.0
-7.924999999999999,-69.075,0.0
-7.824999999999999,-69.075,0.0
-2.8249999999999993,-69.075,0.0
-2.7749999999999986,-69.075,0.0
-2.5749999999999993,-69.075,0.0
-2.5249999999999986,-69.075,0.0
0.07500000000000284,-69.075,0.0
0.125,-69.075,0.0
0.9750000000000014,-69.075,0.0
1.4250000000000007,-69.075,0.0
1.625,-69.075,0.0
1.6750000000000007,-69.075,0.0
1.7250000000000014,-69.075,0.0
3.6750000000000007,-69.075,0.0
3.7250000000000014,-69.075,0.0
3.775000000000002,-69.075,0.0
-12.875,-69.125,0.0
-12.825,-69.125,0.0
-12.774999999999999,-69.125,0.0
-10.325,-69.125,0.0
-10.274999999999999,-69.125,0.0
-10.224999999999998,-69.125,0.0
-10.174999999999999,-69.125,0.0
-10.125,-69.125,0.0
-10.075,-69.125,0.0
-10.024999999999999,-69.125,0.0
-9.974999999999998,-69.125,0.0
-9.924999999999999,-69.125,0.0
-9.625,-69.125,0.0
-9.424999999999999,-69.125,0.0
-9.375,-69.125,0.0
-9.224999999999998,-69.125,0.0
-9.174999999999999,-69.125,0.0
-9.125,-69.125,0.0
-9.075,-69.125,0.0
-8.974999999999998,-69.125,0.0
-8.924999999999999,-69.125,0.0
-8.875,-69.125,0.0
-8.825,-69.125,0.0
-8.774999999999999,-69.125,0.0
-8.724999999999998,-69.125,0.0
-8.674999999999999,-69.125,0.0
-8.624999999999998,-69.125,0.0
-8.575,-69.125,0.0
-8.524999999999999,-69.125,0.0
-8.475,-69.125,0.0
-8.374999999999998,-69.125,0.0
-8.274999999999999,-69.125,0.0
-8.225,-69.125,0.0
-8.174999999999999,-69.125,0.0
-2.8249999999999993,-69.125,0.0
-2.7749999999999986,-69.125,0.0
-2.5749999999999993,-69.125,0.0
-2.5249999999999986,-69.125,0.0
-0.47499999999999787,-69.125,0.0
1.4250000000000007,-69.125,0.0
1.6750000000000007,-69.125,0.0
1.7250000000000014,-69.125,0.0
3.6750000000000007,-69.125,0.0
3.7250000000000014,-69.125,0.0
3.775000000000002,-69.125,0.0
3.825000000000003,-69.125,0.0
3.8750000000000036,-69.125,0.0
-12.875,-69.17500000000001,0.0
-12.825,-69.17500000000001,0.0
-12.774999999999999,-69.17500000000001,0.0
-10.325,-69.17500000000001,0.0
-10.274999999999999,-69.17500000000001,0.0
-10.224999999999998,-69.17500000000001,0.0
-9.924999999999999,-69.17500000000001,0.0
-9.625,-69.17500000000001,0.0
-9.575,-69.17500000000001,0.0
-9.524999999999999,-69.17500000000001,0.0
-9.474999999999998,-69.17500000000001,0.0
-9.424999999999999,-69.17500000000001,0.0
-9.375,-69.17500000000001,0.0
-9.325,-69.17500000000001,0.0
-9.274999999999999,-69.17500000000001,0.0
-9.224999999999998,-69.17500000000001,0.0
-9.174999999999999,-69.17500000000001,0.0
-9.125,-69.17500000000001,0.0
-9.075,-69.17500000000001,0.0
-9.024999999999999,-69.17500000000001,0.0
-8.974999999999998,-69.17500000000001,0.0
-8.924999999999999,-69.17500000000001,0.0
-2.8249999999999993,-69.17500000000001,0.0
-2.7749999999999986,-69.17500000000001,0.0
-2.724999999999998,-69.17500000000001,0.0
-2.5749999999999993,-69.17500000000001,0.0
-2.5249999999999986,-69.17500000000001,0.0
0.375,-69.17500000000001,0.0
1.625,-69.17500000000001,0.0
1.6750000000000007,-69.17500000000001,0.0
1.7250000000000014,-69.17500000000001,0.0
1.7750000000000021,-69.17500000000001,0.0
3.6750000000000007,-69.17500000000001,0.0
3.7250000000000014,-69.17500000000001,0.0
3.775000000000002,-69.17500000000001,0.0
3.825000000000003,-69.17500000000001,0.0
3.8750000000000036,-69.17500000000001,0.0
-12.875,-69.22500000000001,0.0
-12.825,-69.22500000000001,0.0
-12.774999999999999,-69.22500000000001,0.0
-10.375,-69.22500000000001,0.0
-10.325,-69.22500000000001,0.0
-10.274999999999999,-69.22500000000001,0.0
-9.825,-69.22500000000001,0.0
-9.625,-69.22500000000001,0.0
-9.575,-69.22500000000001,0.0
-9.524999999999999,-69.22500000000001,0.0
-9.474999999999998,-69.22500000000001,0.0
-9.424999999999999,-69.22500000000001,0.0
-9.375,-69.22500000000001,0.0
-9.325,-69.22500000000001,0.0
-9.274999999999999,-69.22500000000001,0.0
-2.8249999999999993,-69.22500000000001,0.0
-2.7749999999999986,-69.22500000000001,0.0
-2.724999999999998,-69.22500000000001,0.0
-2.5749999999999993,-69.22500000000001,0.0
-2.5249999999999986,-69.22500000000001,0.0
-1.0749999999999993,-69.22500000000001,0.0
-1.0249999999999986,-69.22500000000001,0.0
-0.7249999999999979,-69.22500000000001,0.0
1.625,-69.22500000000001,0.0
1.6750000000000007,-69.22500000000001,0.0
1.7250000000000014,-69.22500000000001,0.0
1.7750000000000021,-69.22500000000001,0.0
3.825000000000003,-69.22500000000001,0.0
3.8750000000000036,-69.22500000000001,0.0
-12.875,-69.275,0.0
-12.825,-69.275,0.0
-12.774999999999999,-69.275,0.0
-10.375,-69.275,0.0
-10.325,-69.275,0.0
-9.825,-69.275,0.0
-9.575,-69.275,0.0
-9.375,-69.275,0.0
-2.8249999999999993,-69.275,0.0
-2.7749999999999986,-69.275,0.0
-2.5749999999999993,-69.275,0.0
-2.5249999999999986,-69.275,0.0
-2.474999999999998,-69.275,0.0
-1.6249999999999982,-69.275,0.0
-1.5749999999999993,-69.275,0.0
-1.3249999999999993,-69.275,0.0
1.6750000000000007,-69.275,0.0
1.7250000000000014,-69.275,0.0
3.825000000000003,-69.275,0.0
3.8750000000000036,-69.275,0.0
-12.875,-69.325,0.0
-12.825,-69.325,0.0
-12.774999999999999,-69.325,0.0
-10.424999999999999,-69.325,0.0
-10.375,-69.325,0.0
-10.325,-69.325,0.0
-9.825,-69.325,0.0
-2.8249999999999993,-69.325,0.0
-2.7749999999999986,-69.325,0.0
-2.724999999999998,-69.325,0.0
-2.5749999999999993,-69.325,0.0
-2.5249999999999986,-69.325,0.0
-2.474999999999998,-69.325,0.0
-2.174999999999999,-69.325,0.0
-1.8749999999999982,-69.325,0.0
-1.5249999999999986,-69.325,0.0
3.825000000000003,-69.325,0.0
3.8750000000000036,-69.325,0.0
-12.825,-69.375,0.0
-12.774999999999999,-69.375,0.0
-10.424999999999999,-69.375,0.0
-10.375,-69.375,0.0
-10.325,-69.375,0.0
-9.825,-69.375,0.0
-9.325,-69.375,0.0
-9.274999999999999,-69.375,0.0
-2.8249999999999993,-69.375,0.0
-2.7749999999999986,-69.375,0.0
-2.724999999999998,-69.375,0.0
-2.5749999999999993,-69.375,0.0
-2.5249999999999986,-69.375,0.0
-2.474999999999998,-69.375,0.0
-2.424999999999999,-69.375,0.0
-2.174999999999999,-69.375,0.0
-2.1249999999999982,-69.375,0.0
3.825000000000003,-69.375,0.0
3.8750000000000036,-69.375,0.0
-12.825,-69.42500000000001,0.0
-12.774999999999999,-69.42500000000001,0.0
-10.375,-69.42500000000001,0.0
-10.325,-69.42500000000001,0.0
-9.875,-69.42500000000001,0.0
-9.825,-69.42500000000001,0.0
-9.474999999999998,-69.42500000000001,0.0
-9.424999999999999,-69.42500000000001,0.0
-9.375,-69.42500000000001,0.0
-9.325,-69.42500000000001,0.0
-9.274999999999999,-69.42500000000001,0.0
-9.224999999999998,-69.42500000000001,0.0
-2.7749999999999986,-69.42500000000001,0.0
-2.724999999999998,-69.42500000000001,0.0
-2.5749999999999993,-69.42500000000001,0.0
-2.5249999999999986,-69.42500000000001,0.0
-0.42499999999999716,-69.42500000000001,0.0
-0.375,-69.42500000000001,0.0
3.825000000000003,-69.42500000000001,0.0
3.8750000000000036,-69.42500000000001,0.0
-12.825,-69.47500000000001,0.0
-12.774999999999999,-69.47500000000001,0.0
-10.375,-69.47500000000001,0.0
-10.325,-69.47500000000001,0.0
-10.274999999999999,-69.47500000000001,0.0
-9.924999999999999,-69.47500000000001,0.0
-9.875,-69.47500000000001,0.0
-9.825,-69.47500000000001,0.0
-9.474999999999998,-69.47500000000001,0.0
-9.424999999999999,-69.47500000000001,0.0
-9.375,-69.47500000000001,0.0
-9.274999999999999,-69.47500000000001,0.0
-9.224999999999998,-69.47500000000001,0.0
-2.7749999999999986,-69.47500000000001,0.0
-2.724999999999998,-69.47500000000001,0.0
-2.5749999999999993,-69.47500000000001,0.0
-2.5249999999999986,-69.47500000000001,0.0
-2.474999999999998,-69.47500000000001,0.0
3.825000000000003,-69.47500000000001,0.0
3.8750000000000036,-69.47500000000001,0.0
3.9250000000000007,-69.47500000000001,0.0
-12.825,-69.525,0.0
-12.774999999999999,-69.525,0.0
-10.375,-69.525,0.0
-10.325,-69.525,0.0
-10.274999999999999,-69.525,0.0
-10.224999999999998,-69.525,0.0
-10.024999999999999,-69.525,0.0
-9.974999999999998,-69.525,0.0
-9.924999999999999,-69.525,0.0
-9.875,-69.525,0.0
-9.825,-69.525,0.0
-9.474999999999998,-69.525,0.0
-9.424999999999999,-69.525,0.0
-9.375,-69.525,0.0
-9.274999999999999,-69.525,0.0
-9.224999999999998,-69.525,0.0
-2.7749999999999986,-69.525,0.0
-2.5749999999999993,-69.525,0.0
-2.5249999999999986,-69.525,0.0
-2.474999999999998,-69.525,0.0
3.825000000000003,-69.525,0.0
3.8750000000000036,-69.525,0.0
-12.825,-69.575,0.0
-12.774999999999999,-69.575,0.0
-10.325,-69.575,0.0
-10.274999999999999,-69.575,0.0
-10.224999999999998,-69.575,0.0
-10.174999999999999,-69.575,0.0
-10.125,-69.575,0.0
-10.075,-69.575,0.0
-10.024999999999999,-69.575,0.0
-9.974999999999998,-69.575,0.0
-9.924999999999999,-69.575,0.0
-9.875,-69.575,0.0
-9.474999999999998,-69.575,0.0
-9.424999999999999,-69.575,0.0
-9.375,-69.575,0.0
-9.325,-69.575,0.0
-9.274999999999999,-69.575,0.0
-9.224999999999998,-69.575,0.0
-7.074999999999999,-69.575,0.0
-2.7749999999999986,-69.575,0.0
-2.724999999999998,-69.575,0.0
-2.5249999999999986,-69.575,0.0
-2.474999999999998,-69.575,0.0
3.825000000000003,-69.575,0.0
3.8750000000000036,-69.575,0.0
3.9250000000000007,-69.575,0.0
-12.825,-69.625,0.0
-12.774999999999999,-69.625,0.0
-10.274999999999999,-69.625,0.0
-10.224999999999998,-69.625,0.0
-10.174999999999999,-69.625,0.0
-10.125,-69.625,0.0
-10.075,-69.625,0.0
-10.024999999999999,-69.625,0.0
-9.974999999999998,-69.625,0.0
-9.924999999999999,-69.625,0.0
-9.474999999999998,-69.625,0.0
-9.424999999999999,-69.625,0.0
-9.375,-69.625,0.0
-9.325,-69.625,0.0
-9.274999999999999,-69.625,0.0
-9.224999999999998,-69.625,0.0
-9.174999999999999,-69.625,0.0
-2.7749999999999986,-69.625,0.0
-2.724999999999998,-69.625,0.0
-2.5249999999999986,-69.625,0.0
-2.474999999999998,-69.625,0.0
3.3750000000000036,-69.625,0.0
3.825000000000003,-69.625,0.0
3.8750000000000036,-69.625,0.0
3.9250000000000007,-69.625,0.0
-12.825,-69.67500000000001,0.0
-12.774999999999999,-69.67500000000001,0.0
-10.125,-69.67500000000001,0.0
-10.075,-69.67500000000001,0.0
-9.424999999999999,-69.67500000000001,0.0
-9.375,-69.67500000000001,0.0
-9.325,-69.67500000000001,0.0
-9.274999999999999,-69.67500000000001,0.0
-9.224999999999998,-69.67500000000001,0.0
-9.174999999999999,-69.67500000000001,0.0
-7.624999999999998,-69.67500000000001,0.0
-7.024999999999999,-69.67500000000001,0.0
-6.974999999999998,-69.67500000000001,0.0
-2.7749999999999986,-69.67500000000001,0.0
-2.724999999999998,-69.67500000000001,0.0
-2.5249999999999986,-69.67500000000001,0.0
-2.474999999999998,-69.67500000000001,0.0
-2.424999999999999,-69.67500000000001,0.0
-2.3749999999999982,-69.67500000000001,0.0
3.3750000000000036,-69.67500000000001,0.0
3.4250000000000007,-69.67500000000001,0.0
3.8750000000000036,-69.67500000000001,0.0
3.9250000000000007,-69.67500000000001,0.0
-12.825,-69.72500000000001,0.0
-12.774999999999999,-69.72500000000001,0.0
-6.824999999999999,-69.72500000000001,0.0
-2.7749999999999986,-69.72500000000001,0.0
-2.724999999999998,-69.72500000000001,0.0
-2.674999999999999,-69.72500000000001,0.0
-2.6249999999999982,-69.72500000000001,0.0
-2.5749999999999993,-69.72500000000001,0.0
-2.5249999999999986,-69.72500000000001,0.0
-2.474999999999998,-69.72500000000001,0.0
-2.424999999999999,-69.72500000000001,0.0
-2.3749999999999982,-69.72500000000001,0.0
3.8750000000000036,-69.72500000000001,0.0
3.9250000000000007,-69.72500000000001,0.0
-12.825,-69.775,0.0
-12.774999999999999,-69.775,0.0
-6.874999999999998,-69.775,0.0
-2.7749999999999986,-69.775,0.0
-2.724999999999998,-69.775,0.0
-2.674999999999999,-69.775,0.0
-2.6249999999999982,-69.775,0.0
-2.5749999999999993,-69.775,0.0
3.325000000000003,-69.775,0.0
3.8750000000000036,-69.775,0.0
3.9250000000000007,-69.775,0.0
-12.825,-69.825,0.0
-12.774999999999999,-69.825,0.0
3.275000000000002,-69.825,0.0
3.325000000000003,-69.825,0.0
3.8750000000000036,-69.825,0.0
3.9250000000000007,-69.825,0.0
-12.825,-69.875,0.0
-12.774999999999999,-69.875,0.0
-8.825,-69.875,0.0
3.8750000000000036,-69.875,0.0
3.9250000000000007,-69.875,0.0
-12.825,-69.92500000000001,0.0
-12.774999999999999,-69.92500000000001,0.0
3.8750000000000036,-69.92500000000001,0.0
3.9250000000000007,-69.92500000000001,0.0
-12.825,-69.97500000000001,0.0
-12.774999999999999,-69.97500000000001,0.0
3.8750000000000036,-69.97500000000001,0.0
3.9250000000000007,-69.97500000000001,0.0
-12.825,-70.025,0.0
-12.774999999999999,-70.025,0.0
3.825000000000003,-70.025,0.0
3.8750000000000036,-70.025,0.0
3.9250000000000007,-70.025,0.0
3.9750000000000014,-70.025,0.0
-12.825,-70.075,0.0
-12.774999999999999,-70.075,0.0
3.825000000000003,-70.075,0.0
3.8750000000000036,-70.075,0.0
3.9250000000000007,-70.075,0.0
3.9750000000000014,-70.075,0.0
-12.825,-70.125,0.0
-12.774999999999999,-70.125,0.0
3.825000000000003,-70.125,0.0
3.8750000000000036,-70.125,0.0
-12.825,-70.17500000000001,0.0
-12.774999999999999,-70.17500000000001,0.0
3.825000000000003,-70.17500000000001,0.0
3.8750000000000036,-70.17500000000001,0.0
-12.825,-70.22500000000001,0.0
-12.774999999999999,-70.22500000000001,0.0
3.825000000000003,-70.22500000000001,0.0
3.8750000000000036,-70.22500000000001,0.0
-12.825,-70.275,0.0
-12.774999999999999,-70.275,0.0
3.825000000000003,-70.275,0.0
3.8750000000000036,-70.275,0.0
-12.825,-70.325,0.0
-12.774999999999999,-70.325,0.0
3.825000000000003,-70.325,0.0
3.8750000000000036,-70.325,0.0
3.9250000000000007,-70.325,0.0
-12.825,-70.375,0.0
-12.774999999999999,-70.375,0.0
-10.125,-70.375,0.0
-10.075,-70.375,0.0
-10.024999999999999,-70.375,0.0
-9.974999999999998,-70.375,0.0
-9.924999999999999,-70.375,0.0
3.825000000000003,-70.375,0.0
3.8750000000000036,-70.375,0.0
3.9250000000000007,-70.375,0.0
-12.825,-70.42500000000001,0.0
-12.774999999999999,-70.42500000000001,0.0
-10.174999999999999,-70.42500000000001,0.0
-10.125,-70.42500000000001,0.0
-10.075,-70.42500000000001,0.0
-10.024999999999999,-70.42500000000001,0.0
-9.974999999999998,-70.42500000000001,0.0
-9.924999999999999,-70.42500000000001,0.0
3.825000000000003,-70.42500000000001,0.0
3.8750000000000036,-70.42500000000001,0.0
3.9250000000000007,-70.42500000000001,0.0
-12.825,-70.47500000000001,0.0
-12.774999999999999,-70.47500000000001,0.0
3.8750000000000036,-70.47500000000001,0.0
3.9250000000000007,-70.47500000000001,0.0
-12.825,-70.525,0.0
-12.774999999999999,-70.525,0.0
-11.524999999999999,-70.525,0.0
-11.474999999999998,-70.525,0.0
-11.424999999999999,-70.525,0.0
-11.224999999999998,-70.525,0.0
-11.174999999999999,-70.525,0.0
3.8750000000000036,-70.525,0.0
3.9250000000000007,-70.525,0.0
-12.825,-70.575,0.0
-12.774999999999999,-70.575,0.0
-11.575,-70.575,0.0
-11.524999999999999,-70.575,0.0
-11.474999999999998,-70.575,0.0
-11.424999999999999,-70.575,0.0
-11.375,-70.575,0.0
-11.325,-70.575,0.0
-11.274999999999999,-70.575,0.0
3.8750000000000036,-70.575,0.0
3.9250000000000007,-70.575,0.0
-12.875,-70.625,0.0
-12.825,-70.625,0.0
-12.774999999999999,-70.625,0.0
-11.524999999999999,-70.625,0.0
-11.474999999999998,-70.625,0.0
3.8750000000000036,-70.625,0.0
3.9250000000000007,-70.625,0.0
-12.825,-70.67500000000001,0.0
-12.774999999999999,-70.67500000000001,0.0
-12.725,-70.67500000000001,0.0
3.8750000000000036,-70.67500000000001,0.0
3.9250000000000007,-70.67500000000001,0.0
-12.825,-70.72500000000001,0.0
-12.774999999999999,-70.72500000000001,0.0
-12.725,-70.72500000000001,0.0
3.8750000000000036,-70.72500000000001,0.0
3.9250000000000007,-70.72500000000001,0.0
-12.825,-70.775,0.0
-12.774999999999999,-70.775,0.0
-12.725,-70.775,0.0
-12.674999999999999,-70.775,0.0
3.8750000000000036,-70.775,0.0
3.9250000000000007,-70.775,0.0
3.9750000000000014,-70.775,0.0
-12.825,-70.825,0.0
-12.774999999999999,-70.825,0.0
-12.725,-70.825,0.0
-12.674999999999999,-70.825,0.0
3.8750000000000036,-70.825,0.0
3.9250000000000007,-70.825,0.0
3.9750000000000014,-70.825,0.0
-12.825,-70.875,0.0
-12.774999999999999,-70.875,0.0
3.9250000000000007,-70.875,0.0
3.9750000000000014,-70.875,0.0
-12.825,-70.92500000000001,0.0
-12.774999999999999,-70.92500000000001,0.0
3.9250000000000007,-70.92500000000001,0.0
3.9750000000000014,-70.92500000000001,0.0
-12.825,-70.97500000000001,0.0
-12.774999999999999,-70.97500000000001,0.0
3.9250000000000007,-70.97500000000001,0.0
3.9750000000000014,-70.97500000000001,0.0
-12.825,-71.025,0.0
-12.774999999999999,-71.025,0.0
3.9250000000000007,-71.025,0.0
3.9750000000000014,-71.025,0.0
-12.825,-71.075,0.0
-12.774999999999999,-71.075,0.0
-12.725,-71.075,0.0
3.9250000000000007,-71.075,0.0
3.9750000000000014,-71.075,0.0
-12.825,-71.125,0.0
-12.774999999999999,-71.125,0.0
-12.725,-71.125,0.0
3.9250000000000007,-71.125,0.0
3.9750000000000014,-71.125,0.0
-12.825,-71.17500000000001,0.0
-12.774999999999999,-71.17500000000001,0.0
-12.725,-71.17500000000001,0.0
3.9250000000000007,-71.17500000000001,0.0
3.9750000000000014,-71.17500000000001,0.0
4.025000000000002,-71.17500000000001,0.0
-12.825,-71.22500000000001,0.0
-12.774999999999999,-71.22500000000001,0.0
-12.725,-71.22500000000001,0.0
3.9250000000000007,-71.22500000000001,0.0
3.9750000000000014,-71.22500000000001,0.0
4.025000000000002,-71.22500000000001,0.0
-12.875,-71.275,0.0
-12.825,-71.275,0.0
-12.774999999999999,-71.275,0.0
-12.725,-71.275,0.0
3.9250000000000007,-71.275,0.0
3.9750000000000014,-71.275,0.0
4.025000000000002,-71.275,0.0
-12.924999999999999,-71.325,0.0
-12.875,-71.325,0.0
-12.825,-71.325,0.0
-12.774999999999999,-71.325,0.0
-12.725,-71.325,0.0
3.9750000000000014,-71.325,0.0
4.025000000000002,-71.325,0.0
-12.825,-71.375,0.0
-12.774999999999999,-71.375,0.0
-12.725,-71.375,0.0
3.9750000000000014,-71.375,0.0
4.025000000000002,-71.375,0.0
-12.825,-71.42500000000001,0.0
-12.774999999999999,-71.42500000000001,0.0
-12.725,-71.42500000000001,0.0
1.7750000000000021,-71.42500000000001,0.0
1.8250000000000028,-71.42500000000001,0.0
1.875,-71.42500000000001,0.0
1.9250000000000007,-71.42500000000001,0.0
1.9750000000000014,-71.42500000000001,0.0
2.025000000000002,-71.42500000000001,0.0
3.9750000000000014,-71.42500000000001,0.0
4.025000000000002,-71.42500000000001,0.0
-12.825,-71.47500000000001,0.0
-12.774999999999999,-71.47500000000001,0.0
-12.725,-71.47500000000001,0.0
-12.674999999999999,-71.47500000000001,0.0
1.3250000000000028,-71.47500000000001,0.0
1.375,-71.47500000000001,0.0
1.4250000000000007,-71.47500000000001,0.0
1.4750000000000014,-71.47500000000001,0.0
1.5250000000000021,-71.47500000000001,0.0
1.5750000000000028,-71.47500000000001,0.0
1.625,-71.47500000000001,0.0
1.6750000000000007,-71.47500000000001,0.0
1.7250000000000014,-71.47500000000001,0.0
1.7750000000000021,-71.47500000000001,0.0
1.8250000000000028,-71.47500000000001,0.0
1.875,-71.47500000000001,0.0
1.9250000000000007,-71.47500000000001,0.0
1.9750000000000014,-71.47500000000001,0.0
2.025000000000002,-71.47500000000001,0.0
3.9750000000000014,-71.47500000000001,0.0
4.025000000000002,-71.47500000000001,0.0
-12.774999999999999,-71.525,0.0
-12.725,-71.525,0.0
-12.674999999999999,-71.525,0.0
0.9250000000000007,-71.525,0.0
0.9750000000000014,-71.525,0.0
1.0250000000000021,-71.525,0.0
1.0750000000000028,-71.525,0.0
1.125,-71.525,0.0
1.1750000000000007,-71.525,0.0
1.2250000000000014,-71.525,0.0
1.2750000000000021,-71.525,0.0
1.3250000000000028,-71.525,0.0
1.375,-71.525,0.0
1.4250000000000007,-71.525,0.0
1.4750000000000014,-71.525,0.0
1.5250000000000021,-71.525,0.0
1.5750000000000028,-71.525,0.0
1.625,-71.525,0.0
1.6750000000000007,-71.525,0.0
1.7250000000000014,-71.525,0.0
1.7750000000000021,-71.525,0.0
1.8250000000000028,-71.525,0.0
1.875,-71.525,0.0
1.9250000000000007,-71.525,0.0
1.9750000000000014,-71.525,0.0
2.025000000000002,-71.525,0.0
3.9750000000000014,-71.525,0.0
4.025000000000002,-71.525,0.0
-12.774999999999999,-71.575,0.0
-12.725,-71.575,0.0
-12.674999999999999,-71.575,0.0
0.5250000000000021,-71.575,0.0
0.5750000000000028,-71.575,0.0
0.625,-71.575,0.0
0.6750000000000007,-71.575,0.0
0.7250000000000014,-71.575,0.0
0.7750000000000021,-71.575,0.0
0.8250000000000028,-71.575,0.0
0.875,-71.575,0.0
0.9250000000000007,-71.575,0.0
0.9750000000000014,-71.575,0.0
1.0250000000000021,-71.575,0.0
1.0750000000000028,-71.575,0.0
1.125,-71.575,0.0
1.1750000000000007,-71.575,0.0
1.2250000000000014,-71.575,0.0
1.2750000000000021,-71.575,0.0
1.3250000000000028,-71.575,0.0
1.375,-71.575,0.0
1.4250000000000007,-71.575,0.0
1.4750000000000014,-71.575,0.0
1.9750000000000014,-71.575,0.0
2.025000000000002,-71.575,0.0
3.9750000000000014,-71.575,0.0
4.025000000000002,-71.575,0.0
-12.774999999999999,-71.625,0.0
-12.725,-71.625,0.0
-12.674999999999999,-71.625,0.0
0.125,-71.625,0.0
0.1750000000000007,-71.625,0.0
0.22500000000000142,-71.625,0.0
0.27500000000000213,-71.625,0.0
0.32500000000000284,-71.625,0.0
0.375,-71.625,0.0
0.4250000000000007,-71.625,0.0
0.4750000000000014,-71.625,0.0
0.5250000000000021,-71.625,0.0
0.5750000000000028,-71.625,0.0
0.625,-71.625,0.0
0.6750000000000007,-71.625,0.0
0.7250000000000014,-71.625,0.0
0.7750000000000021,-71.625,0.0
0.8250000000000028,-71.625,0.0
0.875,-71.625,0.0
2.025000000000002,-71.625,0.0
3.9750000000000014,-71.625,0.0
4.025000000000002,-71.625,0.0
-12.725,-71.67500000000001,0.0
-12.674999999999999,-71.67500000000001,0.0
-0.2749999999999986,-71.67500000000001,0.0
-0.22499999999999787,-71.67500000000001,0.0
-0.17499999999999716,-71.67500000000001,0.0
-0.125,-71.67500000000001,0.0
-0.07499999999999929,-71.67500000000001,0.0
-0.02499999999999858,-71.67500000000001,0.0
0.02500000000000213,-71.67500000000001,0.0
0.07500000000000284,-71.67500000000001,0.0
0.125,-71.67500000000001,0.0
0.1750000000000007,-71.67500000000001,0.0
0.22500000000000142,-71.67500000000001,0.0
0.27500000000000213,-71.67500000000001,0.0
0.32500000000000284,-71.67500000000001,0.0
0.375,-71.67500000000001,0.0
0.4250000000000007,-71.67500000000001,0.0
0.4750000000000014,-71.67500000000001,0.0
0.5750000000000028,-71.67500000000001,0.0
0.625,-71.67500000000001,0.0
2.025000000000002,-71.67500000000001,0.0
3.7250000000000014,-71.67500000000001,0.0
3.9750000000000014,-71.67500000000001,0.0
4.025000000000002,-71.67500000000001,0.0
-12.725,-71.72500000000001,0.0
-12.674999999999999,-71.72500000000001,0.0
-0.6749999999999972,-71.72500000000001,0.0
-0.625,-71.72500000000001,0.0
-0.5749999999999993,-71.72500000000001,0.0
-0.5249999999999986,-71.72500000000001,0.0
-0.47499999999999787,-71.72500000000001,0.0
-0.42499999999999716,-71.72500000000001,0.0
-0.375,-71.72500000000001,0.0
-0.3249999999999993,-71.72500000000001,0.0
-0.2749999999999986,-71.72500000000001,0.0
-0.22499999999999787,-71.72500000000001,0.0
-0.17499999999999716,-71.72500000000001,0.0
-0.125,-71.72500000000001,0.0
-0.07499999999999929,-71.72500000000001,0.0
0.02500000000000213,-71.72500000000001,0.0
0.07500000000000284,-71.72500000000001,0.0
2.025000000000002,-71.72500000000001,0.0
3.775000000000002,-71.72500000000001,0.0
3.9750000000000014,-71.72500000000001,0.0
4.025000000000002,-71.72500000000001,0.0
4.075000000000003,-71.72500000000001,0.0
-12.725,-71.775,0.0
-12.674999999999999,-71.775,0.0
-1.0749999999999993,-71.775,0.0
-1.0249999999999986,-71.775,0.0
-0.9749999999999979,-71.775,0.0
-0.9249999999999989,-71.775,0.0
-0.8749999999999982,-71.775,0.0
-0.8249999999999993,-71.775,0.0
-0.7749999999999986,-71.775,0.0
-0.7249999999999979,-71.775,0.0
-0.6749999999999972,-71.775,0.0
-0.625,-71.775,0.0
-0.5749999999999993,-71.775,0.0
-0.5249999999999986,-71.775,0.0
-0.47499999999999787,-71.775,0.0
-0.3249999999999993,-71.775,0.0
-0.22499999999999787,-71.775,0.0
-0.17499999999999716,-71.775,0.0
-0.125,-71.775,0.0
-0.07499999999999929,-71.775,0.0
-0.02499999999999858,-71.775,0.0
0.02500000000000213,-71.775,0.0
0.07500000000000284,-71.775,0.0
0.125,-71.775,0.0
0.1750000000000007,-71.775,0.0
0.22500000000000142,-71.775,0.0
2.025000000000002,-71.775,0.0
3.9750000000000014,-71.775,0.0
4.025000000000002,-71.775,0.0
4.075000000000003,-71.775,0.0
-12.725,-71.825,0.0
-12.674999999999999,-71.825,0.0
-4.074999999999999,-71.825,0.0
-4.024999999999999,-71.825,0.0
-3.974999999999998,-71.825,0.0
-3.924999999999999,-71.825,0.0
-3.8749999999999982,-71.825,0.0
-3.8249999999999993,-71.825,0.0
-1.5249999999999986,-71.825,0.0
-1.4749999999999979,-71.825,0.0
-1.424999999999999,-71.825,0.0
-1.3749999999999982,-71.825,0.0
-1.3249999999999993,-71.825,0.0
-1.2749999999999986,-71.825,0.0
-1.2249999999999979,-71.825,0.0
-1.174999999999999,-71.825,0.0
-1.1249999999999982,-71.825,0.0
-1.0749999999999993,-71.825,0.0
-1.0249999999999986,-71.825,0.0
-0.9749999999999979,-71.825,0.0
-0.9249999999999989,-71.825,0.0
-0.8749999999999982,-71.825,0.0
-0.8249999999999993,-71.825,0.0
-0.7749999999999986,-71.825,0.0
-0.7249999999999979,-71.825,0.0
-0.6749999999999972,-71.825,0.0
-0.625,-71.825,0.0
-0.5749999999999993,-71.825,0.0
-0.5249999999999986,-71.825,0.0
-0.47499999999999787,-71.825,0.0
-0.42499999999999716,-71.825,0.0
-0.3249999999999993,-71.825,0.0
-0.2749999999999986,-71.825,0.0
-0.22499999999999787,-71.825,0.0
-0.17499999999999716,-71.825,0.0
-0.125,-71.825,0.0
2.025000000000002,-71.825,0.0
2.075000000000003,-71.825,0.0
3.6750000000000007,-71.825,0.0
4.025000000000002,-71.825,0.0
-12.725,-71.875,0.0
-12.674999999999999,-71.875,0.0
-12.625,-71.875,0.0
-12.575,-71.875,0.0
-12.524999999999999,-71.875,0.0
-4.074999999999999,-71.875,0.0
-3.8749999999999982,-71.875,0.0
-3.8249999999999993,-71.875,0.0
-3.7749999999999986,-71.875,0.0
-1.5249999999999986,-71.875,0.0
-1.4749999999999979,-71.875,0.0
-1.424999999999999,-71.875,0.0
-1.3749999999999982,-71.875,0.0
-1.3249999999999993,-71.875,0.0
-1.2749999999999986,-71.875,0.0
-1.2249999999999979,-71.875,0.0
-1.174999999999999,-71.875,0.0
-1.1249999999999982,-71.875,0.0
-1.0749999999999993,-71.875,0.0
-1.0249999999999986,-71.875,0.0
-0.9749999999999979,-71.875,0.0
-0.9249999999999989,-71.875,0.0
-0.8749999999999982,-71.875,0.0
-0.8249999999999993,-71.875,0.0
2.025000000000002,-71.875,0.0
2.075000000000003,-71.875,0.0
3.7250000000000014,-71.875,0.0
4.025000000000002,-71.875,0.0
4.075000000000003,-71.875,0.0
-12.774999999999999,-71.92500000000001,0.0
-12.725,-71.92500000000001,0.0
-12.674999999999999,-71.92500000000001,0.0
-12.625,-71.92500000000001,0.0
-12.575,-71.92500000000001,0.0
-12.524999999999999,-71.92500000000001,0.0
-4.124999999999998,-71.92500000000001,0.0
-4.074999999999999,-71.92500000000001,0.0
-3.8749999999999982,-71.92500000000001,0.0
-3.8249999999999993,-71.92500000000001,0.0
-3.7749999999999986,-71.92500000000001,0.0
-2.5249999999999986,-71.92500000000001,0.0
-1.5249999999999986,-71.92500000000001,0.0
-1.4749999999999979,-71.92500000000001,0.0
-1.424999999999999,-71.92500000000001,0.0
-1.3749999999999982,-71.92500000000001,0.0
2.075000000000003,-71.92500000000001,0.0
4.025000000000002,-71.92500000000001,0.0
4.075000000000003,-71.92500000000001,0.0
-12.725,-71.97500000000001,0.0
-12.674999999999999,-71.97500000000001,0.0
-12.625,-71.97500000000001,0.0
-4.124999999999998,-71.97500000000001,0.0
-4.074999999999999,-71.97500000000001,0.0
-3.8249999999999993,-71.97500000000001,0.0
-3.7749999999999986,-71.97500000000001,0.0
-2.924999999999999,-71.97500000000001,0.0
-2.8749999999999982,-71.97500000000001,0.0
-2.8249999999999993,-71.97500000000001,0.0
-2.7749999999999986,-71.97500000000001,0.0
-2.724999999999998,-71.97500000000001,0.0
-2.674999999999999,-71.97500000000001,0.0
-2.6249999999999982,-71.97500000000001,0.0
-2.5749999999999993,-71.97500000000001,0.0
-2.5249999999999986,-71.97500000000001,0.0
-2.474999999999998,-71.97500000000001,0.0
-1.5249999999999986,-71.97500000000001,0.0
-1.4749999999999979,-71.97500000000001,0.0
2.075000000000003,-71.97500000000001,0.0
4.025000000000002,-71.97500000000001,0.0
4.075000000000003,-71.97500000000001,0.0
-12.674999999999999,-72.025,0.0
-12.625,-72.025,0.0
-4.074999999999999,-72.025,0.0
-4.024999999999999,-72.025,0.0
-3.8249999999999993,-72.025,0.0
-3.7749999999999986,-72.025,0.0
-3.3749999999999982,-72.025,0.0
-3.3249999999999993,-72.025,0.0
-3.2749999999999986,-72.025,0.0
-3.224999999999998,-72.025,0.0
-3.174999999999999,-72.025,0.0
-3.1249999999999982,-72.025,0.0
-3.0749999999999993,-72.025,0.0
-3.0249999999999986,-72.025,0.0
-2.974999999999998,-72.025,0.0
-2.924999999999999,-72.025,0.0
-2.8749999999999982,-72.025,0.0
-2.8249999999999993,-72.025,0.0
-2.7749999999999986,-72.025,0.0
-2.724999999999998,-72.025,0.0
-2.674999999999999,-72.025,0.0
-2.6249999999999982,-72.025,0.0
-2.5749999999999993,-72.025,0.0
-2.5249999999999986,-72.025,0.0
-2.474999999999998,-72.025,0.0
-1.5249999999999986,-72.025,0.0
-1.4749999999999979,-72.025,0.0
2.075000000000003,-72.025,0.0
4.025000000000002,-72.025,0.0
4.075000000000003,-72.025,0.0
-12.674999999999999,-72.075,0.0
-12.625,-72.075,0.0
-4.024999999999999,-72.075,0.0
-3.974999999999998,-72.075,0.0
-3.8749999999999982,-72.075,0.0
-3.8249999999999993,-72.075,0.0
-3.7749999999999986,-72.075,0.0
-3.724999999999998,-72.075,0.0
-3.674999999999999,-72.075,0.0
-3.6249999999999982,-72.075,0.0
-3.5749999999999993,-72.075,0.0
-3.5249999999999986,-72.075,0.0
-3.474999999999998,-72.075,0.0
-3.424999999999999,-72.075,0.0
-3.3749999999999982,-72.075,0.0
-3.3249999999999993,-72.075,0.0
-3.2749999999999986,-72.075,0.0
-3.224999999999998,-72.075,0.0
-3.174999999999999,-72.075,0.0
-3.1249999999999982,-72.075,0.0
-3.0749999999999993,-72.075,0.0
-3.0249999999999986,-72.075,0.0
-2.974999999999998,-72.075,0.0
-2.924999999999999,-72.075,0.0
-2.8749999999999982,-72.075,0.0
-2.5749999999999993,-72.075,0.0
-2.5249999999999986,-72.075,0.0
-2.474999999999998,-72.075,0.0
-1.5749999999999993,-72.075,0.0
-1.5249999999999986,-72.075,0.0
-1.4749999999999979,-72.075,0.0
2.075000000000003,-72.075,0.0
4.025000000000002,-72.075,0.0
4.075000000000003,-72.075,0.0
-12.674999999999999,-72.125,0.0
-12.625,-72.125,0.0
-4.424999999999999,-72.125,0.0
-4.374999999999998,-72.125,0.0
-4.324999999999999,-72.125,0.0
-4.274999999999999,-72.125,0.0
-4.224999999999998,-72.125,0.0
-4.174999999999999,-72.125,0.0
-4.124999999999998,-72.125,0.0
-4.074999999999999,-72.125,0.0
-4.024999999999999,-72.125,0.0
-3.974999999999998,-72.125,0.0
-3.8749999999999982,-72.125,0.0
-3.8249999999999993,-72.125,0.0
-3.7749999999999986,-72.125,0.0
-3.724999999999998,-72.125,0.0
-3.674999999999999,-72.125,0.0
-3.6249999999999982,-72.125,0.0
-3.5749999999999993,-72.125,0.0
-3.5249999999999986,-72.125,0.0
-3.474999999999998,-72.125,0.0
-3.424999999999999,-72.125,0.0
-3.3749999999999982,-72.125,0.0
-3.3249999999999993,-72.125,0.0
-3.2749999999999986,-72.125,0.0
-2.5249999999999986,-72.125,0.0
-2.474999999999998,-72.125,0.0
-1.7749999999999986,-72.125,0.0
-1.7249999999999979,-72.125,0.0
-1.674999999999999,-72.125,0.0
-1.6249999999999982,-72.125,0.0
-1.5749999999999993,-72.125,0.0
-1.5249999999999986,-72.125,0.0
-1.4749999999999979,-72.125,0.0
2.075000000000003,-72.125,0.0
2.125,-72.125,0.0
4.025000000000002,-72.125,0.0
4.075000000000003,-72.125,0.0
-12.674999999999999,-72.17500000000001,0.0
-12.625,-72.17500000000001,0.0
-4.924999999999999,-72.17500000000001,0.0
-4.874999999999998,-72.17500000000001,0.0
-4.824999999999999,-72.17500000000001,0.0
-4.774999999999999,-72.17500000000001,0.0
-4.724999999999998,-72.17500000000001,0.0
-4.674999999999999,-72.17500000000001,0.0
-4.624999999999998,-72.17500000000001,0.0
-4.574999999999999,-72.17500000000001,0.0
-4.524999999999999,-72.17500000000001,0.0
-4.474999999999998,-72.17500000000001,0.0
-4.424999999999999,-72.17500000000001,0.0
-4.374999999999998,-72.17500000000001,0.0
-4.324999999999999,-72.17500000000001,0.0
-4.274999999999999,-72.17500000000001,0.0
-4.224999999999998,-72.17500000000001,0.0
-4.174999999999999,-72.17500000000001,0.0
-4.124999999999998,-72.17500000000001,0.0
-4.074999999999999,-72.17500000000001,0.0
-4.024999999999999,-72.17500000000001,0.0
-3.8749999999999982,-72.17500000000001,0.0
-3.8249999999999993,-72.17500000000001,0.0
-3.7749999999999986,-72.17500000000001,0.0
-3.724999999999998,-72.17500000000001,0.0
-3.674999999999999,-72.17500000000001,0.0
-3.6249999999999982,-72.17500000000001,0.0
-2.5749999999999993,-72.17500000000001,0.0
-2.5249999999999986,-72.17500000000001,0.0
-2.474999999999998,-72.17500000000001,0.0
-2.2749999999999986,-72.17500000000001,0.0
-2.224999999999998,-72.17500000000001,0.0
-2.174999999999999,-72.17500000000001,0.0
-2.1249999999999982,-72.17500000000001,0.0
-2.0749999999999993,-72.17500000000001,0.0
-2.0249999999999986,-72.17500000000001,0.0
-1.9749999999999979,-72.17500000000001,0.0
-1.924999999999999,-72.17500000000001,0.0
-1.8749999999999982,-72.17500000000001,0.0
-1.8249999999999993,-72.17500000000001,0.0
-1.7749999999999986,-72.17500000000001,0.0
-1.7249999999999979,-72.17500000000001,0.0
-1.674999999999999,-72.17500000000001,0.0
-1.6249999999999982,-72.17500000000001,0.0
-1.5749999999999993,-72.17500000000001,0.0
-1.5249999999999986,-72.17500000000001,0.0
2.075000000000003,-72.17500000000001,0.0
2.125,-72.17500000000001,0.0
4.025000000000002,-72.17500000000001,0.0
-12.674999999999999,-72.22500000000001,0.0
-12.625,-72.22500000000001,0.0
-4.924999999999999,-72.22500000000001,0.0
-4.874999999999998,-72.22500000000001,0.0
-4.824999999999999,-72.22500000000001,0.0
-4.774999999999999,-72.22500000000001,0.0
-4.724999999999998,-72.22500000000001,0.0
-4.674999999999999,-72.22500000000001,0.0
-4.624999999999998,-72.22500000000001,0.0
-4.574999999999999,-72.22500000000001,0.0
-4.524999999999999,-72.22500000000001,0.0
-4.474999999999998,-72.22500000000001,0.0
-4.424999999999999,-72.22500000000001,0.0
-2.5249999999999986,-72.22500000000001,0.0
-2.474999999999998,-72.22500000000001,0.0
-2.424999999999999,-72.22500000000001,0.0
-2.3749999999999982,-72.22500000000001,0.0
-2.3249999999999993,-72.22500000000001,0.0
-2.2749999999999986,-72.22500000000001,0.0
-2.224999999999998,-72.22500000000001,0.0
-2.174999999999999,-72.22500000000001,0.0
-2.1249999999999982,-72.22500000000001,0.0
-2.0749999999999993,-72.22500000000001,0.0
-2.0249999999999986,-72.22500000000001,0.0
-1.9749999999999979,-72.22500000000001,0.0
-1.674999999999999,-72.22500000000001,0.0
2.075000000000003,-72.22500000000001,0.0
2.125,-72.22500000000001,0.0
3.9750000000000014,-72.22500000000001,0.0
4.025000000000002,-72.22500000000001,0.0
-12.674999999999999,-72.275,0.0
-12.625,-72.275,0.0
-6.224999999999998,-72.275,0.0
-6.174999999999999,-72.275,0.0
-6.124999999999998,-72.275,0.0
-4.924999999999999,-72.275,0.0
-4.874999999999998,-72.275,0.0
-4.824999999999999,-72.275,0.0
-4.774999999999999,-72.275,0.0
-4.724999999999998,-72.275,0.0
-4.674999999999999,-72.275,0.0
-2.474999999999998,-72.275,0.0
-2.424999999999999,-72.275,0.0
-2.3749999999999982,-72.275,0.0
-2.3249999999999993,-72.275,0.0
2.125,-72.275,0.0
3.9750000000000014,-72.275,0.0
4.025000000000002,-72.275,0.0
-12.674999999999999,-72.325,0.0
-12.625,-72.325,0.0
-12.575,-72.325,0.0
-6.724999999999998,-72.325,0.0
-6.674999999999999,-72.325,0.0
-6.624999999999998,-72.325,0.0
-6.574999999999999,-72.325,0.0
-6.524999999999999,-72.325,0.0
-6.474999999999998,-72.325,0.0
-6.424999999999999,-72.325,0.0
-6.374999999999998,-72.325,0.0
-6.324999999999999,-72.325,0.0
-6.274999999999999,-72.325,0.0
-6.224999999999998,-72.325,0.0
-6.174999999999999,-72.325,0.0
-6.124999999999998,-72.325,0.0
-6.074999999999999,-72.325,0.0
-4.924999999999999,-72.325,0.0
-4.874999999999998,-72.325,0.0
2.125,-72.325,0.0
3.9750000000000014,-72.325,0.0
4.025000000000002,-72.325,0.0
-12.674999999999999,-72.375,0.0
-12.625,-72.375,0.0
-12.575,-72.375,0.0
-7.225,-72.375,0.0
-7.174999999999999,-72.375,0.0
-7.124999999999998,-72.375,0.0
-7.074999999999999,-72.375,0.0
-7.024999999999999,-72.375,0.0
-6.974999999999998,-72.375,0.0
-6.924999999999999,-72.375,0.0
-6.874999999999998,-72.375,0.0
-6.824999999999999,-72.375,0.0
-6.774999999999999,-72.375,0.0
-6.724999999999998,-72.375,0.0
-6.674999999999999,-72.375,0.0
-6.624999999999998,-72.375,0.0
-6.574999999999999,-72.375,0.0
-6.524999999999999,-72.375,0.0
-6.474999999999998,-72.375,0.0
-6.424999999999999,-72.375,0.0
-6.374999999999998,-72.375,0.0
-6.324999999999999,-72.375,0.0
-6.274999999999999,-72.375,0.0
-6.224999999999998,-72.375,0.0
-6.174999999999999,-72.375,0.0
-6.124999999999998,-72.375,0.0
-6.074999999999999,-72.375,0.0
2.125,-72.375,0.0
3.9750000000000014,-72.375,0.0
4.025000000000002,-72.375,0.0
-12.674999999999999,-72.42500000000001,0.0
-12.625,-72.42500000000001,0.0
-12.575,-72.42500000000001,0.0
-7.725,-72.42500000000001,0.0
-7.674999999999999,-72.42500000000001,0.0
-7.624999999999998,-72.42500000000001,0.0
-7.574999999999999,-72.42500000000001,0.0
-7.524999999999999,-72.42500000000001,0.0
-7.475,-72.42500000000001,0.0
-7.424999999999999,-72.42500000000001,0.0
-7.374999999999998,-72.42500000000001,0.0
-7.324999999999999,-72.42500000000001,0.0
-7.274999999999999,-72.42500000000001,0.0
-7.225,-72.42500000000001,0.0
-7.174999999999999,-72.42500000000001,0.0
-7.124999999999998,-72.42500000000001,0.0
-7.074999999999999,-72.42500000000001,0.0
-7.024999999999999,-72.42500000000001,0.0
-6.974999999999998,-72.42500000000001,0.0
-6.924999999999999,-72.42500000000001,0.0
-6.874999999999998,-72.42500000000001,0.0
-6.824999999999999,-72.42500000000001,0.0
-6.774999999999999,-72.42500000000001,0.0
-6.724999999999998,-72.42500000000001,0.0
-6.674999999999999,-72.42500000000001,0.0
-6.624999999999998,-72.42500000000001,0.0
-6.574999999999999,-72.42500000000001,0.0
-6.524999999999999,-72.42500000000001,0.0
-6.474999999999998,-72.42500000000001,0.0
-6.424999999999999,-72.42500000000001,0.0
-6.374999999999998,-72.42500000000001,0.0
-6.324999999999999,-72.42500000000001,0.0
-6.274999999999999,-72.42500000000001,0.0
-6.224999999999998,-72.42500000000001,0.0
-6.174999999999999,-72.42500000000001,0.0
-6.124999999999998,-72.42500000000001,0.0
-6.074999999999999,-72.42500000000001,0.0
-6.024999999999999,-72.42500000000001,0.0
2.125,-72.42500000000001,0.0
3.9750000000000014,-72.42500000000001,0.0
4.025000000000002,-72.42500000000001,0.0
-12.625,-72.47500000000001,0.0
-12.575,-72.47500000000001,0.0
-8.374999999999998,-72.47500000000001,0.0
-8.325,-72.47500000000001,0.0
-8.274999999999999,-72.47500000000001,0.0
-8.225,-72.47500000000001,0.0
-8.174999999999999,-72.47500000000001,0.0
-8.124999999999998,-72.47500000000001,0.0
-8.075,-72.47500000000001,0.0
-8.024999999999999,-72.47500000000001,0.0
-7.975,-72.47500000000001,0.0
-7.924999999999999,-72.47500000000001,0.0
-7.874999999999998,-72.47500000000001,0.0
-7.824999999999999,-72.47500000000001,0.0
-7.774999999999999,-72.47500000000001,0.0
-7.725,-72.47500000000001,0.0
-7.674999999999999,-72.47500000000001,0.0
-7.624999999999998,-72.47500000000001,0.0
-7.574999999999999,-72.47500000000001,0.0
-7.524999999999999,-72.47500000000001,0.0
-7.475,-72.47500000000001,0.0
-7.424999999999999,-72.47500000000001,0.0
-7.374999999999998,-72.47500000000001,0.0
-7.324999999999999,-72.47500000000001,0.0
-7.274999999999999,-72.47500000000001,0.0
-7.225,-72.47500000000001,0.0
-7.174999999999999,-72.47500000000001,0.0
-7.124999999999998,-72.47500000000001,0.0
-7.074999999999999,-72.47500000000001,0.0
-7.024999999999999,-72.47500000000001,0.0
-6.974999999999998,-72.47500000000001,0.0
-6.924999999999999,-72.47500000000001,0.0
-6.874999999999998,-72.47500000000001,0.0
-6.824999999999999,-72.47500000000001,0.0
-6.774999999999999,-72.47500000000001,0.0
-6.074999999999999,-72.47500000000001,0.0
-6.024999999999999,-72.47500000000001,0.0
2.125,-72.47500000000001,0.0
3.9750000000000014,-72.47500000000001,0.0
-12.625,-72.525,0.0
-12.575,-72.525,0.0
-8.875,-72.525,0.0
-8.825,-72.525,0.0
-8.774999999999999,-72.525,0.0
-8.724999999999998,-72.525,0.0
-8.674999999999999,-72.525,0.0
-8.624999999999998,-72.525,0.0
-8.575,-72.525,0.0
-8.524999999999999,-72.525,0.0
-8.475,-72.525,0.0
-8.424999999999999,-72.525,0.0
-8.374999999999998,-72.525,0.0
-8.325,-72.525,0.0
-8.274999999999999,-72.525,0.0
-8.225,-72.525,0.0
-8.174999999999999,-72.525,0.0
-8.124999999999998,-72.525,0.0
-8.075,-72.525,0.0
-8.024999999999999,-72.525,0.0
-7.975,-72.525,0.0
-7.924999999999999,-72.525,0.0
-7.874999999999998,-72.525,0.0
-7.824999999999999,-72.525,0.0
-7.774999999999999,-72.525,0.0
-7.725,-72.525,0.0
-7.674999999999999,-72.525,0.0
-7.624999999999998,-72.525,0.0
-7.574999999999999,-72.525,0.0
-7.524999999999999,-72.525,0.0
-7.475,-72.525,0.0
-6.074999999999999,-72.525,0.0
-6.024999999999999,-72.525,0.0
-5.174999999999999,-72.525,0.0
-5.124999999999998,-72.525,0.0
-5.074999999999999,-72.525,0.0
-5.024999999999999,-72.525,0.0
-4.974999999999998,-72.525,0.0
-4.924999999999999,-72.525,0.0
2.125,-72.525,0.0
3.9250000000000007,-72.525,0.0
3.9750000000000014,-72.525,0.0
-12.625,-72.575,0.0
-12.575,-72.575,0.0
-9.424999999999999,-72.575,0.0
-9.375,-72.575,0.0
-9.325,-72.575,0.0
-9.274999999999999,-72.575,0.0
-9.224999999999998,-72.575,0.0
-9.174999999999999,-72.575,0.0
-9.125,-72.575,0.0
-9.075,-72.575,0.0
-9.024999999999999,-72.575,0.0
-8.974999999999998,-72.575,0.0
-8.924999999999999,-72.575,0.0
-8.875,-72.575,0.0
-8.825,-72.575,0.0
-8.774999999999999,-72.575,0.0
-8.724999999999998,-72.575,0.0
-8.674999999999999,-72.575,0.0
-8.624999999999998,-72.575,0.0
-8.575,-72.575,0.0
-8.524999999999999,-72.575,0.0
-8.475,-72.575,0.0
-8.424999999999999,-72.575,0.0
-8.274999999999999,-72.575,0.0
-7.874999999999998,-72.575,0.0
-6.124999999999998,-72.575,0.0
-6.074999999999999,-72.575,0.0
-5.724999999999998,-72.575,0.0
-5.674999999999999,-72.575,0.0
-5.624999999999998,-72.575,0.0
-5.574999999999999,-72.575,0.0
-5.524999999999999,-72.575,0.0
-5.474999999999998,-72.575,0.0
-5.424999999999999,-72.575,0.0
-5.374999999999998,-72.575,0.0
-5.324999999999999,-72.575,0.0
-5.274999999999999,-72.575,0.0
-5.224999999999998,-72.575,0.0
-5.174999999999999,-72.575,0.0
-5.124999999999998,-72.575,0.0
-5.074999999999999,-72.575,0.0
-5.024999999999999,-72.575,0.0
-4.974999999999998,-72.575,0.0
-4.924999999999999,-72.575,0.0
2.125,-72.575,0.0
3.9250000000000007,-72.575,0.0
3.9750000000000014,-72.575,0.0
-12.625,-72.625,0.0
-12.575,-72.625,0.0
-12.524999999999999,-72.625,0.0
-9.924999999999999,-72.625,0.0
-9.875,-72.625,0.0
-9.825,-72.625,0.0
-9.774999999999999,-72.625,0.0
-9.724999999999998,-72.625,0.0
-9.674999999999999,-72.625,0.0
-9.625,-72.625,0.0
-9.575,-72.625,0.0
-9.524999999999999,-72.625,0.0
-9.474999999999998,-72.625,0.0
-9.424999999999999,-72.625,0.0
-9.375,-72.625,0.0
-9.325,-72.625,0.0
-9.274999999999999,-72.625,0.0
-9.224999999999998,-72.625,0.0
-9.174999999999999,-72.625,0.0
-9.125,-72.625,0.0
-9.075,-72.625,0.0
-9.024999999999999,-72.625,0.0
-8.974999999999998,-72.625,0.0
-8.924999999999999,-72.625,0.0
-8.875,-72.625,0.0
-8.825,-72.625,0.0
-8.774999999999999,-72.625,0.0
-7.725,-72.625,0.0
-6.124999999999998,-72.625,0.0
-6.074999999999999,-72.625,0.0
-6.024999999999999,-72.625,0.0
-5.974999999999998,-72.625,0.0
-5.924999999999999,-72.625,0.0
-5.874999999999998,-72.625,0.0
-5.824999999999999,-72.625,0.0
-5.774999999999999,-72.625,0.0
-5.724999999999998,-72.625,0.0
-5.674999999999999,-72.625,0.0
-5.624999999999998,-72.625,0.0
-5.574999999999999,-72.625,0.0
-5.524999999999999,-72.625,0.0
-5.474999999999998,-72.625,0.0
-5.424999999999999,-72.625,0.0
-5.374999999999998,-72.625,0.0
-5.324999999999999,-72.625,0.0
-5.274999999999999,-72.625,0.0
-5.224999999999998,-72.625,0.0
-0.17499999999999716,-72.625,0.0
2.125,-72.625,0.0
3.9250000000000007,-72.625,0.0
3.9750000000000014,-72.625,0.0
-12.575,-72.67500000000001,0.0
-12.524999999999999,-72.67500000000001,0.0
-10.224999999999998,-72.67500000000001,0.0
-10.174999999999999,-72.67500000000001,0.0
-10.125,-72.67500000000001,0.0
-10.075,-72.67500000000001,0.0
-10.024999999999999,-72.67500000000001,0.0
-9.974999999999998,-72.67500000000001,0.0
-9.924999999999999,-72.67500000000001,0.0
-9.875,-72.67500000000001,0.0
-9.825,-72.67500000000001,0.0
-9.774999999999999,-72.67500000000001,0.0
-9.724999999999998,-72.67500000000001,0.0
-9.674999999999999,-72.67500000000001,0.0
-9.625,-72.67500000000001,0.0
-9.575,-72.67500000000001,0.0
-9.524999999999999,-72.67500000000001,0.0
-9.474999999999998,-72.67500000000001,0.0
-9.174999999999999,-72.67500000000001,0.0
-9.125,-72.67500000000001,0.0
-6.074999999999999,-72.67500000000001,0.0
-6.024999999999999,-72.67500000000001,0.0
-5.974999999999998,-72.67500000000001,0.0
-5.924999999999999,-72.67500000000001,0.0
-5.874999999999998,-72.67500000000001,0.0
-5.824999999999999,-72.67500000000001,0.0
-5.774999999999999,-72.67500000000001,0.0
-5.724999999999998,-72.67500000000001,0.0
-5.674999999999999,-72.67500000000001,0.0
-5.624999999999998,-72.67500000000001,0.0
-5.574999999999999,-72.67500000000001,0.0
-5.524999999999999,-72.67500000000001,0.0
-5.474999999999998,-72.67500000000001,0.0
-5.424999999999999,-72.67500000000001,0.0
-0.17499999999999716,-72.67500000000001,0.0
2.125,-72.67500000000001,0.0
2.1750000000000007,-72.67500000000001,0.0
3.9250000000000007,-72.67500000000001,0.0
3.9750000000000014,-72.67500000000001,0.0
-12.575,-72.72500000000001,0.0
-12.524999999999999,-72.72500000000001,0.0
-10.224999999999998,-72.72500000000001,0.0
-10.174999999999999,-72.72500000000001,0.0
-10.125,-72.72500000000001,0.0
-10.075,-72.72500000000001,0.0
-10.024999999999999,-72.72500000000001,0.0
-9.974999999999998,-72.72500000000001,0.0
-9.924999999999999,-72.72500000000001,0.0
-9.875,-72.72500000000001,0.0
2.125,-72.72500000000001,0.0
2.1750000000000007,-72.72500000000001,0.0
3.9250000000000007,-72.72500000000001,0.0
3.9750000000000014,-72.72500000000001,0.0
-12.575,-72.775,0.0
-12.524999999999999,-72.775,0.0
-10.174999999999999,-72.775,0.0
-10.125,-72.775,0.0
-0.17499999999999716,-72.775,0.0
2.125,-72.775,0.0
2.1750000000000007,-72.775,0.0
3.8750000000000036,-72.775,0.0
3.9250000000000007,-72.775,0.0
-12.625,-72.825,0.0
-12.575,-72.825,0.0
-12.524999999999999,-72.825,0.0
-10.174999999999999,-72.825,0.0
-10.125,-72.825,0.0
-10.075,-72.825,0.0
-0.17499999999999716,-72.825,0.0
2.125,-72.825,0.0
3.8750000000000036,-72.825,0.0
3.9250000000000007,-72.825,0.0
-12.674999999999999,-72.875,0.0
-12.625,-72.875,0.0
-12.575,-72.875,0.0
-10.174999999999999,-72.875,0.0
-10.125,-72.875,0.0
-0.17499999999999716,-72.875,0.0
2.125,-72.875,0.0
3.8750000000000036,-72.875,0.0
3.9250000000000007,-72.875,0.0
-12.674999999999999,-72.92500000000001,0.0
-12.625,-72.92500000000001,0.0
-12.575,-72.92500000000001,0.0
-10.174999999999999,-72.92500000000001,0.0
-10.125,-72.92500000000001,0.0
-10.075,-72.92500000000001,0.0
-0.17499999999999716,-72.92500000000001,0.0
2.125,-72.92500000000001,0.0
3.8750000000000036,-72.92500000000001,0.0
3.9250000000000007,-72.92500000000001,0.0
-12.625,-72.97500000000001,0.0
-12.575,-72.97500000000001,0.0
-10.174999999999999,-72.97500000000001,0.0
-10.125,-72.97500000000001,0.0
-10.075,-72.97500000000001,0.0
-0.17499999999999716,-72.97500000000001,0.0
-0.125,-72.97500000000001,0.0
2.075000000000003,-72.97500000000001,0.0
2.125,-72.97500000000001,0.0
3.8750000000000036,-72.97500000000001,0.0
-12.674999999999999,-73.025,0.0
-12.625,-73.025,0.0
-12.575,-73.025,0.0
-10.174999999999999,-73.025,0.0
-10.125,-73.025,0.0
-10.075,-73.025,0.0
-0.17499999999999716,-73.025,0.0
-0.125,-73.025,0.0
2.075000000000003,-73.025,0.0
2.125,-73.025,0.0
3.8750000000000036,-73.025,0.0
3.9250000000000007,-73.025,0.0
-12.674999999999999,-73.075,0.0
-12.625,-73.075,0.0
-12.575,-73.075,0.0
-10.174999999999999,-73.075,0.0
-10.125,-73.075,0.0
-10.075,-73.075,0.0
-0.17499999999999716,-73.075,0.0
-0.125,-73.075,0.0
2.075000000000003,-73.075,0.0
3.825000000000003,-73.075,0.0
3.8750000000000036,-73.075,0.0
3.9250000000000007,-73.075,0.0
-12.625,-73.125,0.0
-12.575,-73.125,0.0
-10.125,-73.125,0.0
-10.075,-73.125,0.0
-0.17499999999999716,-73.125,0.0
-0.125,-73.125,0.0
2.075000000000003,-73.125,0.0
3.825000000000003,-73.125,0.0
3.8750000000000036,-73.125,0.0
-12.674999999999999,-73.17500000000001,0.0
-12.625,-73.17500000000001,0.0
-12.575,-73.17500000000001,0.0
-12.524999999999999,-73.17500000000001,0.0
-10.125,-73.17500000000001,0.0
-10.075,-73.17500000000001,0.0
-0.17499999999999716,-73.17500000000001,0.0
-0.125,-73.17500000000001,0.0
2.075000000000003,-73.17500000000001,0.0
3.825000000000003,-73.17500000000001,0.0
3.8750000000000036,-73.17500000000001,0.0
-12.625,-73.22500000000001,0.0
-12.575,-73.22500000000001,0.0
-12.524999999999999,-73.22500000000001,0.0
-10.125,-73.22500000000001,0.0
-10.075,-73.22500000000001,0.0
-1.0749999999999993,-73.22500000000001,0.0
-0.17499999999999716,-73.22500000000001,0.0
-0.125,-73.22500000000001,0.0
2.075000000000003,-73.22500000000001,0.0
3.825000000000003,-73.22500000000001,0.0
3.8750000000000036,-73.22500000000001,0.0
-12.625,-73.275,0.0
-12.575,-73.275,0.0
-12.524999999999999,-73.275,0.0
-10.125,-73.275,0.0
-10.075,-73.275,0.0
-1.0749999999999993,-73.275,0.0
-0.125,-73.275,0.0
1.7250000000000014,-73.275,0.0
2.025000000000002,-73.275,0.0
2.075000000000003,-73.275,0.0
3.825000000000003,-73.275,0.0
3.8750000000000036,-73.275,0.0
-12.575,-73.325,0.0
-12.524999999999999,-73.325,0.0
-10.125,-73.325,0.0
-10.075,-73.325,0.0
-6.224999999999998,-73.325,0.0
-1.0749999999999993,-73.325,0.0
-0.125,-73.325,0.0
1.625,-73.325,0.0
1.6750000000000007,-73.325,0.0
1.7250000000000014,-73.325,0.0
1.7750000000000021,-73.325,0.0
2.025000000000002,-73.325,0.0
3.825000000000003,-73.325,0.0
3.8750000000000036,-73.325,0.0
-12.575,-73.375,0.0
-12.524999999999999,-73.375,0.0
-10.125,-73.375,0.0
-10.075,-73.375,0.0
-10.024999999999999,-73.375,0.0
-1.1249999999999982,-73.375,0.0
-1.0749999999999993,-73.375,0.0
-0.125,-73.375,0.0
1.625,-73.375,0.0
1.6750000000000007,-73.375,0.0
2.025000000000002,-73.375,0.0
3.775000000000002,-73.375,0.0
3.825000000000003,-73.375,0.0
3.8750000000000036,-73.375,0.0
-12.575,-73.42500000000001,0.0
-12.524999999999999,-73.42500000000001,0.0
-10.125,-73.42500000000001,0.0
-10.075,-73.42500000000001,0.0
-10.024999999999999,-73.42500000000001,0.0
-1.1249999999999982,-73.42500000000001,0.0
-1.0749999999999993,-73.42500000000001,0.0
-0.07499999999999929,-73.42500000000001,0.0
1.5750000000000028,-73.42500000000001,0.0
1.625,-73.42500000000001,0.0
2.025000000000002,-73.42500000000001,0.0
3.775000000000002,-73.42500000000001,0.0
3.825000000000003,-73.42500000000001,0.0
-12.575,-73.47500000000001,0.0
-12.524999999999999,-73.47500000000001,0.0
-12.474999999999998,-73.47500000000001,0.0
-10.125,-73.47500000000001,0.0
-10.075,-73.47500000000001,0.0
-10.024999999999999,-73.47500000000001,0.0
-1.0749999999999993,-73.47500000000001,0.0
-0.07499999999999929,-73.47500000000001,0.0
-0.02499999999999858,-73.47500000000001,0.0
0.7250000000000014,-73.47500000000001,0.0
0.7750000000000021,-73.47500000000001,0.0
1.5250000000000021,-73.47500000000001,0.0
1.5750000000000028,-73.47500000000001,0.0
2.025000000000002,-73.47500000000001,0.0
3.775000000000002,-73.47500000000001,0.0
3.825000000000003,-73.47500000000001,0.0
-12.575,-73.525,0.0
-12.524999999999999,-73.525,0.0
-12.474999999999998,-73.525,0.0
-10.125,-73.525,0.0
-10.075,-73.525,0.0
-10.024999999999999,-73.525,0.0
-1.0749999999999993,-73.525,0.0
-0.02499999999999858,-73.525,0.0
0.6750000000000007,-73.525,0.0
1.4750000000000014,-73.525,0.0
1.5250000000000021,-73.525,0.0
1.5750000000000028,-73.525,0.0
1.9750000000000014,-73.525,0.0
2.025000000000002,-73.525,0.0
3.775000000000002,-73.525,0.0
3.825000000000003,-73.525,0.0
-12.524999999999999,-73.575,0.0
-12.474999999999998,-73.575,0.0
-10.125,-73.575,0.0
-10.075,-73.575,0.0
-10.024999999999999,-73.575,0.0
-1.0249999999999986,-73.575,0.0
-0.9749999999999979,-73.575,0.0
-0.07499999999999929,-73.575,0.0
0.02500000000000213,-73.575,0.0
1.4750000000000014,-73.575,0.0
1.5250000000000021,-73.575,0.0
1.9750000000000014,-73.575,0.0
2.025000000000002,-73.575,0.0
3.775000000000002,-73.575,0.0
-12.575,-73.625,0.0
-12.524999999999999,-73.625,0.0
-12.474999999999998,-73.625,0.0
-10.075,-73.625,0.0
-10.024999999999999,-73.625,0.0
-0.9749999999999979,-73.625,0.0
-0.22499999999999787,-73.625,0.0
-0.17499999999999716,-73.625,0.0
-0.125,-73.625,0.0
-0.07499999999999929,-73.625,0.0
0.125,-73.625,0.0
1.375,-73.625,0.0
1.4250000000000007,-73.625,0.0
1.4750000000000014,-73.625,0.0
1.9750000000000014,-73.625,0.0
3.7250000000000014,-73.625,0.0
3.775000000000002,-73.625,0.0
-12.575,-73.67500000000001,0.0
-12.524999999999999,-73.67500000000001,0.0
-12.474999999999998,-73.67500000000001,0.0
-10.075,-73.67500000000001,0.0
-10.024999999999999,-73.67500000000001,0.0
-0.9749999999999979,-73.67500000000001,0.0
0.1750000000000007,-73.67500000000001,0.0
1.375,-73.67500000000001,0.0
1.4250000000000007,-73.67500000000001,0.0
1.9750000000000014,-73.67500000000001,0.0
3.7250000000000014,-73.67500000000001,0.0
3.775000000000002,-73.67500000000001,0.0
-12.524999999999999,-73.72500000000001,0.0
-12.474999999999998,-73.72500000000001,0.0
-12.424999999999999,-73.72500000000001,0.0
-12.375,-73.72500000000001,0.0
-10.075,-73.72500000000001,0.0
-10.024999999999999,-73.72500000000001,0.0
-0.9749999999999979,-73.72500000000001,0.0
-0.9249999999999989,-73.72500000000001,0.0
-0.8749999999999982,-73.72500000000001,0.0
0.27500000000000213,-73.72500000000001,0.0
1.3250000000000028,-73.72500000000001,0.0
1.375,-73.72500000000001,0.0
1.4250000000000007,-73.72500000000001,0.0
1.9750000000000014,-73.72500000000001,0.0
3.7250000000000014,-73.72500000000001,0.0
3.775000000000002,-73.72500000000001,0.0
-12.474999999999998,-73.775,0.0
-12.424999999999999,-73.775,0.0
-12.375,-73.775,0.0
-12.325,-73.775,0.0
-10.075,-73.775,0.0
-10.024999999999999,-73.775,0.0
-0.9249999999999989,-73.775,0.0
-0.8749999999999982,-73.775,0.0
0.32500000000000284,-73.775,0.0
0.375,-73.775,0.0
1.2750000000000021,-73.775,0.0
1.3250000000000028,-73.775,0.0
1.375,-73.775,0.0
1.8250000000000028,-73.775,0.0
1.9250000000000007,-73.775,0.0
1.9750000000000014,-73.775,0.0
3.7250000000000014,-73.775,0.0
3.775000000000002,-73.775,0.0
-12.474999999999998,-73.825,0.0
-12.424999999999999,-73.825,0.0
-12.375,-73.825,0.0
-12.325,-73.825,0.0
-10.075,-73.825,0.0
-10.024999999999999,-73.825,0.0
-9.974999999999998,-73.825,0.0
-9.924999999999999,-73.825,0.0
-0.9249999999999989,-73.825,0.0
-0.8749999999999982,-73.825,0.0
0.375,-73.825,0.0
0.4250000000000007,-73.825,0.0
0.4750000000000014,-73.825,0.0
1.2250000000000014,-73.825,0.0
1.2750000000000021,-73.825,0.0
1.3250000000000028,-73.825,0.0
1.8250000000000028,-73.825,0.0
1.875,-73.825,0.0
1.9250000000000007,-73.825,0.0
1.9750000000000014,-73.825,0.0
3.7250000000000014,-73.825,0.0
3.775000000000002,-73.825,0.0
-12.474999999999998,-73.875,0.0
-12.424999999999999,-73.875,0.0
-12.375,-73.875,0.0
-12.325,-73.875,0.0
-10.474999999999998,-73.875,0.0
-10.075,-73.875,0.0
-10.024999999999999,-73.875,0.0
-9.924999999999999,-73.875,0.0
-0.9249999999999989,-73.875,0.0
-0.8749999999999982,-73.875,0.0
0.4750000000000014,-73.875,0.0
0.5250000000000021,-73.875,0.0
1.2250000000000014,-73.875,0.0
1.2750000000000021,-73.875,0.0
1.8250000000000028,-73.875,0.0
1.875,-73.875,0.0
1.9250000000000007,-73.875,0.0
1.9750000000000014,-73.875,0.0
3.6750000000000007,-73.875,0.0
3.7250000000000014,-73.875,0.0
3.775000000000002,-73.875,0.0
-12.474999999999998,-73.92500000000001,0.0
-12.424999999999999,-73.92500000000001,0.0
-12.375,-73.92500000000001,0.0
-12.325,-73.92500000000001,0.0
-10.474999999999998,-73.92500000000001,0.0
-10.075,-73.92500000000001,0.0
-10.024999999999999,-73.92500000000001,0.0
-9.924999999999999,-73.92500000000001,0.0
-0.9249999999999989,-73.92500000000001,0.0
-0.8749999999999982,-73.92500000000001,0.0
0.5250000000000021,-73.92500000000001,0.0
0.5750000000000028,-73.92500000000001,0.0
1.1750000000000007,-73.92500000000001,0.0
1.2250000000000014,-73.92500000000001,0.0
1.8250000000000028,-73.92500000000001,0.0
1.875,-73.92500000000001,0.0
1.9250000000000007,-73.92500000000001,0.0
1.9750000000000014,-73.92500000000001,0.0
3.6750000000000007,-73.92500000000001,0.0
3.7250000000000014,-73.92500000000001,0.0
-12.424999999999999,-73.97500000000001,0.0
-12.375,-73.97500000000001,0.0
-12.325,-73.97500000000001,0.0
-10.474999999999998,-73.97500000000001,0.0
-10.424999999999999,-73.97500000000001,0.0
-10.024999999999999,-73.97500000000001,0.0
-9.974999999999998,-73.97500000000001,0.0
-9.924999999999999,-73.97500000000001,0.0
-0.9249999999999989,-73.97500000000001,0.0
-0.8749999999999982,-73.97500000000001,0.0
0.5750000000000028,-73.97500000000001,0.0
3.6750000000000007,-73.97500000000001,0.0
3.7250000000000014,-73.97500000000001,0.0
-12.424999999999999,-74.025,0.0
-12.375,-74.025,0.0
-12.325,-74.025,0.0
-10.325,-74.025,0.0
-10.024999999999999,-74.025,0.0
-9.974999999999998,-74.025,0.0
-9.924999999999999,-74.025,0.0
-0.9249999999999989,-74.025,0.0
-0.8749999999999982,-74.025,0.0
3.6750000000000007,-74.025,0.0
3.7250000000000014,-74.025,0.0
-12.424999999999999,-74.075,0.0
-12.375,-74.075,0.0
-12.325,-74.075,0.0
-12.274999999999999,-74.075,0.0
-10.325,-74.075,0.0
-10.024999999999999,-74.075,0.0
-9.974999999999998,-74.075,0.0
-9.924999999999999,-74.075,0.0
-0.9249999999999989,-74.075,0.0
-0.8749999999999982,-74.075,0.0
3.6750000000000007,-74.075,0.0
3.7250000000000014,-74.075,0.0
-12.375,-74.125,0.0
-12.325,-74.125,0.0
-12.274999999999999,-74.125,0.0
-10.325,-74.125,0.0
-10.024999999999999,-74.125,0.0
-9.974999999999998,-74.125,0.0
-9.924999999999999,-74.125,0.0
-0.8749999999999982,-74.125,0.0
3.6750000000000007,-74.125,0.0
3.7250000000000014,-74.125,0.0
-12.424999999999999,-74.17500000000001,0.0
-12.375,-74.17500000000001,0.0
-12.325,-74.17500000000001,0.0
-12.274999999999999,-74.17500000000001,0.0
-10.024999999999999,-74.17500000000001,0.0
-9.974999999999998,-74.17500000000001,0.0
-0.8749999999999982,-74.17500000000001,0.0
3.6250000000000036,-74.17500000000001,0.0
3.6750000000000007,-74.17500000000001,0.0
3.7250000000000014,-74.17500000000001,0.0
-12.375,-74.22500000000001,0.0
-12.325,-74.22500000000001,0.0
-12.274999999999999,-74.22500000000001,0.0
-10.024999999999999,-74.22500000000001,0.0
-9.974999999999998,-74.22500000000001,0.0
-9.924999999999999,-74.22500000000001,0.0
-0.8749999999999982,-74.22500000000001,0.0
3.6250000000000036,-74.22500000000001,0.0
3.6750000000000007,-74.22500000000001,0.0
-12.375,-74.275,0.0
-12.325,-74.275,0.0
-12.274999999999999,-74.275,0.0
-9.974999999999998,-74.275,0.0
-0.8749999999999982,-74.275,0.0
3.6250000000000036,-74.275,0.0
3.6750000000000007,-74.275,0.0
-12.375,-74.325,0.0
-12.325,-74.325,0.0
-12.274999999999999,-74.325,0.0
-12.224999999999998,-74.325,0.0
-9.974999999999998,-74.325,0.0
-0.8749999999999982,-74.325,0.0
3.6250000000000036,-74.325,0.0
3.6750000000000007,-74.325,0.0
-12.375,-74.375,0.0
-12.325,-74.375,0.0
-12.274999999999999,-74.375,0.0
-12.224999999999998,-74.375,0.0
-9.974999999999998,-74.375,0.0
-9.924999999999999,-74.375,0.0
-1.0249999999999986,-74.375,0.0
-0.9749999999999979,-74.375,0.0
-0.8749999999999982,-74.375,0.0
3.6250000000000036,-74.375,0.0
3.6750000000000007,-74.375,0.0
-12.375,-74.42500000000001,0.0
-12.274999999999999,-74.42500000000001,0.0
-12.224999999999998,-74.42500000000001,0.0
-9.974999999999998,-74.42500000000001,0.0
-9.924999999999999,-74.42500000000001,0.0
-1.0249999999999986,-74.42500000000001,0.0
-0.9749999999999979,-74.42500000000001,0.0
3.6250000000000036,-74.42500000000001,0.0
3.6750000000000007,-74.42500000000001,0.0
-12.325,-74.47500000000001,0.0
-12.274999999999999,-74.47500000000001,0.0
-12.224999999999998,-74.47500000000001,0.0
-9.974999999999998,-74.47500000000001,0.0
-9.924999999999999,-74.47500000000001,0.0
-0.9749999999999979,-74.47500000000001,0.0
3.575000000000003,-74.47500000000001,0.0
3.6250000000000036,-74.47500000000001,0.0
3.6750000000000007,-74.47500000000001,0.0
-12.375,-74.525,0.0
-12.325,-74.525,0.0
-12.274999999999999,-74.525,0.0
-12.224999999999998,-74.525,0.0
-9.974999999999998,-74.525,0.0
-9.924999999999999,-74.525,0.0
-0.9749999999999979,-74.525,0.0
3.575000000000003,-74.525,0.0
3.6250000000000036,-74.525,0.0
3.6750000000000007,-74.525,0.0
-12.325,-74.575,0.0
-12.274999999999999,-74.575,0.0
-12.224999999999998,-74.575,0.0
-9.974999999999998,-74.575,0.0
-9.924999999999999,-74.575,0.0
-0.9749999999999979,-74.575,0.0
3.575000000000003,-74.575,0.0
3.6250000000000036,-74.575,0.0
-12.274999999999999,-74.625,0.0
-12.224999999999998,-74.625,0.0
-12.174999999999999,-74.625,0.0
-9.974999999999998,-74.625,0.0
-9.924999999999999,-74.625,0.0
-0.9749999999999979,-74.625,0.0
-0.9249999999999989,-74.625,0.0
3.575000000000003,-74.625,0.0
3.6250000000000036,-74.625,0.0
-12.274999999999999,-74.67500000000001,0.0
-12.224999999999998,-74.67500000000001,0.0
-12.174999999999999,-74.67500000000001,0.0
-9.924999999999999,-74.67500000000001,0.0
-0.9749999999999979,-74.67500000000001,0.0
0.7250000000000014,-74.67500000000001,0.0
3.575000000000003,-74.67500000000001,0.0
3.6250000000000036,-74.67500000000001,0.0
-12.274999999999999,-74.72500000000001,0.0
-12.224999999999998,-74.72500000000001,0.0
-12.174999999999999,-74.72500000000001,0.0
-9.924999999999999,-74.72500000000001,0.0
-9.875,-74.72500000000001,0.0
-0.9749999999999979,-74.72500000000001,0.0
-0.9249999999999989,-74.72500000000001,0.0
0.7250000000000014,-74.72500000000001,0.0
0.7750000000000021,-74.72500000000001,0.0
0.8250000000000028,-74.72500000000001,0.0
0.875,-74.72500000000001,0.0
0.9250000000000007,-74.72500000000001,0.0
0.9750000000000014,-74.72500000000001,0.0
1.0250000000000021,-74.72500000000001,0.0
1.0750000000000028,-74.72500000000001,0.0
1.125,-74.72500000000001,0.0
1.1750000000000007,-74.72500000000001,0.0
1.2250000000000014,-74.72500000000001,0.0
1.2750000000000021,-74.72500000000001,0.0
1.3250000000000028,-74.72500000000001,0.0
1.375,-74.72500000000001,0.0
1.4250000000000007,-74.72500000000001,0.0
1.4750000000000014,-74.72500000000001,0.0
3.525000000000002,-74.72500000000001,0.0
3.575000000000003,-74.72500000000001,0.0
3.6250000000000036,-74.72500000000001,0.0
-12.274999999999999,-74.775,0.0
-12.224999999999998,-74.775,0.0
-12.174999999999999,-74.775,0.0
-9.924999999999999,-74.775,0.0
-9.875,-74.775,0.0
-0.9749999999999979,-74.775,0.0
-0.9249999999999989,-74.775,0.0
1.1750000000000007,-74.775,0.0
1.2250000000000014,-74.775,0.0
1.2750000000000021,-74.775,0.0
1.3250000000000028,-74.775,0.0
1.375,-74.775,0.0
1.4250000000000007,-74.775,0.0
1.4750000000000014,-74.775,0.0
1.5250000000000021,-74.775,0.0
1.5750000000000028,-74.775,0.0
1.625,-74.775,0.0
3.525000000000002,-74.775,0.0
3.575000000000003,-74.775,0.0
-12.224999999999998,-74.825,0.0
-12.174999999999999,-74.825,0.0
-9.924999999999999,-74.825,0.0
-9.875,-74.825,0.0
-0.9749999999999979,-74.825,0.0
-0.9249999999999989,-74.825,0.0
1.5750000000000028,-74.825,0.0
1.625,-74.825,0.0
1.6750000000000007,-74.825,0.0
1.7250000000000014,-74.825,0.0
1.7750000000000021,-74.825,0.0
3.525000000000002,-74.825,0.0
3.575000000000003,-74.825,0.0
3.6250000000000036,-74.825,0.0
-12.274999999999999,-74.875,0.0
-12.224999999999998,-74.875,0.0
-12.174999999999999,-74.875,0.0
-12.125,-74.875,0.0
-9.924999999999999,-74.875,0.0
-9.875,-74.875,0.0
-0.9749999999999979,-74.875,0.0
-0.9249999999999989,-74.875,0.0
1.7250000000000014,-74.875,0.0
1.7750000000000021,-74.875,0.0
3.525000000000002,-74.875,0.0
3.575000000000003,-74.875,0.0
3.6250000000000036,-74.875,0.0
-12.224999999999998,-74.92500000000001,0.0
-12.174999999999999,-74.92500000000001,0.0
-12.125,-74.92500000000001,0.0
-9.924999999999999,-74.92500000000001,0.0
-9.875,-74.92500000000001,0.0
-9.825,-74.92500000000001,0.0
-0.9749999999999979,-74.92500000000001,0.0
-0.9249999999999989,-74.92500000000001,0.0
1.7250000000000014,-74.92500000000001,0.0
1.7750000000000021,-74.92500000000001,0.0
3.525000000000002,-74.92500000000001,0.0
3.6250000000000036,-74.92500000000001,0.0
-12.224999999999998,-74.97500000000001,0.0
-12.174999999999999,-74.97500000000001,0.0
-12.125,-74.97500000000001,0.0
-9.924999999999999,-74.97500000000001,0.0
-9.875,-74.97500000000001,0.0
-9.825,-74.97500000000001,0.0
-0.9249999999999989,-74.97500000000001,0.0
1.7250000000000014,-74.97500000000001,0.0
1.7750000000000021,-74.97500000000001,0.0
3.525000000000002,-74.97500000000001,0.0
3.6250000000000036,-74.97500000000001,0.0
-12.224999999999998,-75.025,0.0
-12.174999999999999,-75.025,0.0
-12.125,-75.025,0.0
-9.924999999999999,-75.025,0.0
-9.875,-75.025,0.0
-9.825,-75.025,0.0
-0.9249999999999989,-75.025,0.0
1.7250000000000014,-75.025,0.0
3.4750000000000014,-75.025,0.0
3.525000000000002,-75.025,0.0
-12.224999999999998,-75.075,0.0
-12.174999999999999,-75.075,0.0
-12.125,-75.075,0.0
-9.875,-75.075,0.0
-9.825,-75.075,0.0
-0.9249999999999989,-75.075,0.0
1.6750000000000007,-75.075,0.0
1.7250000000000014,-75.075,0.0
3.4750000000000014,-75.075,0.0
3.525000000000002,-75.075,0.0
-12.174999999999999,-75.125,0.0
-12.125,-75.125,0.0
-9.875,-75.125,0.0
-9.825,-75.125,0.0
-0.9249999999999989,-75.125,0.0
-0.8749999999999982,-75.125,0.0
1.6750000000000007,-75.125,0.0
1.7250000000000014,-75.125,0.0
3.4750000000000014,-75.125,0.0
3.525000000000002,-75.125,0.0
3.575000000000003,-75.125,0.0
-12.174999999999999,-75.17500000000001,0.0
-12.125,-75.17500000000001,0.0
-12.075,-75.17500000000001,0.0
-9.875,-75.17500000000001,0.0
-9.825,-75.17500000000001,0.0
-0.9249999999999989,-75.17500000000001,0.0
-0.8749999999999982,-75.17500000000001,0.0
1.6750000000000007,-75.17500000000001,0.0
1.7250000000000014,-75.17500000000001,0.0
3.4750000000000014,-75.17500000000001,0.0
3.525000000000002,-75.17500000000001,0.0
-12.174999999999999,-75.22500000000001,0.0
-12.125,-75.22500000000001,0.0
-12.075,-75.22500000000001,0.0
-9.875,-75.22500000000001,0.0
-9.825,-75.22500000000001,0.0
-0.8749999999999982,-75.22500000000001,0.0
1.6750000000000007,-75.22500000000001,0.0
1.7250000000000014,-75.22500000000001,0.0
3.4750000000000014,-75.22500000000001,0.0
-12.174999999999999,-75.275,0.0
-12.125,-75.275,0.0
-12.075,-75.275,0.0
-9.875,-75.275,0.0
-9.825,-75.275,0.0
-0.8749999999999982,-75.275,0.0
1.6750000000000007,-75.275,0.0
3.4750000000000014,-75.275,0.0
-12.125,-75.325,0.0
-12.075,-75.325,0.0
-9.875,-75.325,0.0
-9.825,-75.325,0.0
-0.8749999999999982,-75.325,0.0
1.625,-75.325,0.0
1.6750000000000007,-75.325,0.0
3.4250000000000007,-75.325,0.0
3.4750000000000014,-75.325,0.0
-12.125,-75.375,0.0
-12.075,-75.375,0.0
-9.875,-75.375,0.0
-9.825,-75.375,0.0
-9.774999999999999,-75.375,0.0
-0.8749999999999982,-75.375,0.0
1.625,-75.375,0.0
1.6750000000000007,-75.375,0.0
3.4250000000000007,-75.375,0.0
3.4750000000000014,-75.375,0.0
-12.125,-75.42500000000001,0.0
-12.075,-75.42500000000001,0.0
-12.024999999999999,-75.42500000000001,0.0
-9.875,-75.42500000000001,0.0
-9.825,-75.42500000000001,0.0
-9.774999999999999,-75.42500000000001,0.0
-9.724999999999998,-75.42500000000001,0.0
-9.674999999999999,-75.42500000000001,0.0
-9.625,-75.42500000000001,0.0
-0.8749999999999982,-75.42500000000001,0.0
1.625,-75.42500000000001,0.0
1.6750000000000007,-75.42500000000001,0.0
3.4250000000000007,-75.42500000000001,0.0
3.4750000000000014,-75.42500000000001,0.0
-12.125,-75.47500000000001,0.0
-12.075,-75.47500000000001,0.0
-12.024999999999999,-75.47500000000001,0.0
-9.875,-75.47500000000001,0.0
-9.825,-75.47500000000001,0.0
-9.774999999999999,-75.47500000000001,0.0
-9.724999999999998,-75.47500000000001,0.0
-9.674999999999999,-75.47500000000001,0.0
-9.625,-75.47500000000001,0.0
-9.575,-75.47500000000001,0.0
-9.524999999999999,-75.47500000000001,0.0
-9.474999999999998,-75.47500000000001,0.0
1.625,-75.47500000000001,0.0
1.6750000000000007,-75.47500000000001,0.0
3.4250000000000007,-75.47500000000001,0.0
3.4750000000000014,-75.47500000000001,0.0
-12.075,-75.525,0.0
-12.024999999999999,-75.525,0.0
-9.825,-75.525,0.0
-9.774999999999999,-75.525,0.0
-9.724999999999998,-75.525,0.0
-9.674999999999999,-75.525,0.0
-9.625,-75.525,0.0
-9.575,-75.525,0.0
-9.524999999999999,-75.525,0.0
-9.474999999999998,-75.525,0.0
-9.424999999999999,-75.525,0.0
1.5750000000000028,-75.525,0.0
1.625,-75.525,0.0
3.4250000000000007,-75.525,0.0
3.4750000000000014,-75.525,0.0
-12.075,-75.575,0.0
-12.024999999999999,-75.575,0.0
-9.474999999999998,-75.575,0.0
-9.424999999999999,-75.575,0.0
1.5750000000000028,-75.575,0.0
1.625,-75.575,0.0
3.3750000000000036,-75.575,0.0
3.4250000000000007,-75.575,0.0
-12.075,-75.625,0.0
-12.024999999999999,-75.625,0.0
-9.474999999999998,-75.625,0.0
-9.424999999999999,-75.625,0.0
1.5750000000000028,-75.625,0.0
1.625,-75.625,0.0
3.3750000000000036,-75.625,0.0
3.4250000000000007,-75.625,0.0
-12.075,-75.67500000000001,0.0
-12.024999999999999,-75.67500000000001,0.0
-9.474999999999998,-75.67500000000001,0.0
-9.424999999999999,-75.67500000000001,0.0
1.5750000000000028,-75.67500000000001,0.0
1.625,-75.67500000000001,0.0
3.3750000000000036,-75.67500000000001,0.0
3.4250000000000007,-75.67500000000001,0.0
-12.075,-75.72500000000001,0.0
-12.024999999999999,-75.72500000000001,0.0
-11.974999999999998,-75.72500000000001,0.0
-9.474999999999998,-75.72500000000001,0.0
-9.424999999999999,-75.72500000000001,0.0
1.5750000000000028,-75.72500000000001,0.0
1.625,-75.72500000000001,0.0
3.3750000000000036,-75.72500000000001,0.0
3.4250000000000007,-75.72500000000001,0.0
-12.075,-75.775,0.0
-12.024999999999999,-75.775,0.0
-11.974999999999998,-75.775,0.0
-9.474999999999998,-75.775,0.0
-9.424999999999999,-75.775,0.0
1.5250000000000021,-75.775,0.0
1.5750000000000028,-75.775,0.0
1.625,-75.775,0.0
3.3750000000000036,-75.775,0.0
3.4250000000000007,-75.775,0.0
-12.024999999999999,-75.825,0.0
-11.974999999999998,-75.825,0.0
-9.424999999999999,-75.825,0.0
1.5250000000000021,-75.825,0.0
1.5750000000000028,-75.825,0.0
3.3750000000000036,-75.825,0.0
3.4250000000000007,-75.825,0.0
-12.024999999999999,-75.875,0.0
-11.974999999999998,-75.875,0.0
-9.424999999999999,-75.875,0.0
1.5250000000000021,-75.875,0.0
1.5750000000000028,-75.875,0.0
3.325000000000003,-75.875,0.0
3.3750000000000036,-75.875,0.0
-12.024999999999999,-75.92500000000001,0.0
-11.974999999999998,-75.92500000000001,0.0
-9.424999999999999,-75.92500000000001,0.0
-9.375,-75.92500000000001,0.0
1.5250000000000021,-75.92500000000001,0.0
1.5750000000000028,-75.92500000000001,0.0
3.325000000000003,-75.92500000000001,0.0
3.3750000000000036,-75.92500000000001,0.0
-12.024999999999999,-75.97500000000001,0.0
-11.974999999999998,-75.97500000000001,0.0
-11.924999999999999,-75.97500000000001,0.0
-9.424999999999999,-75.97500000000001,0.0
-9.375,-75.97500000000001,0.0
1.4750000000000014,-75.97500000000001,0.0
1.5250000000000021,-75.97500000000001,0.0
1.5750000000000028,-75.97500000000001,0.0
3.325000000000003,-75.97500000000001,0.0
3.3750000000000036,-75.97500000000001,0.0
-11.974999999999998,-76.025,0.0
-11.924999999999999,-76.025,0.0
-9.424999999999999,-76.025,0.0
-9.375,-76.025,0.0
1.5250000000000021,-76.025,0.0
1.5750000000000028,-76.025,0.0
3.325000000000003,-76.025,0.0
3.3750000000000036,-76.025,0.0
-11.974999999999998,-76.075,0.0
-11.924999999999999,-76.075,0.0
-9.424999999999999,-76.075,0.0
-9.375,-76.075,0.0
1.4750000000000014,-76.075,0.0
1.5250000000000021,-76.075,0.0
3.325000000000003,-76.075,0.0
3.3750000000000036,-76.075,0.0
-11.974999999999998,-76.125,0.0
-11.924999999999999,-76.125,0.0
-9.424999999999999,-76.125,0.0
-9.375,-76.125,0.0
1.4750000000000014,-76.125,0.0
1.5250000000000021,-76.125,0.0
3.275000000000002,-76.125,0.0
3.325000000000003,-76.125,0.0
3.3750000000000036,-76.125,0.0
-11.974999999999998,-76.17500000000001,0.0
-11.924999999999999,-76.17500000000001,0.0
-9.424999999999999,-76.17500000000001,0.0
-9.375,-76.17500000000001,0.0
1.4750000000000014,-76.17500000000001,0.0
1.5250000000000021,-76.17500000000001,0.0
3.275000000000002,-76.17500000000001,0.0
3.325000000000003,-76.17500000000001,0.0
-11.974999999999998,-76.22500000000001,0.0
-11.924999999999999,-76.22500000000001,0.0
-11.875,-76.22500000000001,0.0
-9.424999999999999,-76.22500000000001,0.0
-9.375,-76.22500000000001,0.0
1.4750000000000014,-76.22500000000001,0.0
1.5250000000000021,-76.22500000000001,0.0
3.275000000000002,-76.22500000000001,0.0
3.325000000000003,-76.22500000000001,0.0
-11.924999999999999,-76.275,0.0
-11.875,-76.275,0.0
-9.424999999999999,-76.275,0.0
-9.375,-76.275,0.0
1.4250000000000007,-76.275,0.0
1.4750000000000014,-76.275,0.0
1.5250000000000021,-76.275,0.0
3.275000000000002,-76.275,0.0
3.325000000000003,-76.275,0.0
-11.974999999999998,-76.325,0.0
-11.924999999999999,-76.325,0.0
-9.424999999999999,-76.325,0.0
-9.375,-76.325,0.0
1.4250000000000007,-76.325,0.0
1.4750000000000014,-76.325,0.0
1.5250000000000021,-76.325,0.0
3.275000000000002,-76.325,0.0
3.325000000000003,-76.325,0.0
-11.974999999999998,-76.375,0.0
-9.625,-76.375,0.0
-9.575,-76.375,0.0
-9.524999999999999,-76.375,0.0
-9.474999999999998,-76.375,0.0
-9.424999999999999,-76.375,0.0
-9.375,-76.375,0.0
1.375,-76.375,0.0
1.4250000000000007,-76.375,0.0
1.4750000000000014,-76.375,0.0
3.275000000000002,-76.375,0.0
3.325000000000003,-76.375,0.0
-12.325,-76.42500000000001,0.0
-12.075,-76.42500000000001,0.0
-11.974999999999998,-76.42500000000001,0.0
-9.724999999999998,-76.42500000000001,0.0
-9.674999999999999,-76.42500000000001,0.0
-9.625,-76.42500000000001,0.0
-9.575,-76.42500000000001,0.0
-9.524999999999999,-76.42500000000001,0.0
-9.474999999999998,-76.42500000000001,0.0
-9.424999999999999,-76.42500000000001,0.0
-9.375,-76.42500000000001,0.0
1.4250000000000007,-76.42500000000001,0.0
1.4750000000000014,-76.42500000000001,0.0
3.2250000000000014,-76.42500000000001,0.0
3.275000000000002,-76.42500000000001,0.0
3.325000000000003,-76.42500000000001,0.0
-12.325,-76.47500000000001,0.0
-12.125,-76.47500000000001,0.0
-12.075,-76.47500000000001,0.0
-12.024999999999999,-76.47500000000001,0.0
-11.974999999999998,-76.47500000000001,0.0
-9.724999999999998,-76.47500000000001,0.0
-9.674999999999999,-76.47500000000001,0.0
-9.625,-76.47500000000001,0.0
-9.575,-76.47500000000001,0.0
1.375,-76.47500000000001,0.0
1.4250000000000007,-76.47500000000001,0.0
1.4750000000000014,-76.47500000000001,0.0
3.2250000000000014,-76.47500000000001,0.0
3.275000000000002,-76.47500000000001,0.0
3.325000000000003,-76.47500000000001,0.0
-12.474999999999998,-76.525,0.0
-12.274999999999999,-76.525,0.0
-12.125,-76.525,0.0
-12.075,-76.525,0.0
-11.974999999999998,-76.525,0.0
-11.924999999999999,-76.525,0.0
-9.724999999999998,-76.525,0.0
-9.674999999999999,-76.525,0.0
-9.625,-76.525,0.0
1.375,-76.525,0.0
1.4250000000000007,-76.525,0.0
1.4750000000000014,-76.525,0.0
3.2250000000000014,-76.525,0.0
3.275000000000002,-76.525,0.0
-12.524999999999999,-76.575,0.0
-12.474999999999998,-76.575,0.0
-12.174999999999999,-76.575,0.0
-12.024999999999999,-76.575,0.0
-11.974999999999998,-76.575,0.0
-11.924999999999999,-76.575,0.0
-9.674999999999999,-76.575,0.0
-9.625,-76.575,0.0
1.375,-76.575,0.0
1.4250000000000007,-76.575,0.0
1.4750000000000014,-76.575,0.0
3.2250000000000014,-76.575,0.0
3.275000000000002,-76.575,0.0
-12.474999999999998,-76.625,0.0
-12.424999999999999,-76.625,0.0
-12.125,-76.625,0.0
-12.024999999999999,-76.625,0.0
-11.974999999999998,-76.625,0.0
-11.924999999999999,-76.625,0.0
-9.674999999999999,-76.625,0.0
-9.625,-76.625,0.0
1.375,-76.625,0.0
1.4250000000000007,-76.625,0.0
1.4750000000000014,-76.625,0.0
3.2250000000000014,-76.625,0.0
3.275000000000002,-76.625,0.0
-12.424999999999999,-76.67500000000001,0.0
-12.375,-76.67500000000001,0.0
-12.174999999999999,-76.67500000000001,0.0
-12.075,-76.67500000000001,0.0
-12.024999999999999,-76.67500000000001,0.0
-11.974999999999998,-76.67500000000001,0.0
-11.924999999999999,-76.67500000000001,0.0
-9.674999999999999,-76.67500000000001,0.0
-9.575,-76.67500000000001,0.0
1.3250000000000028,-76.67500000000001,0.0
1.375,-76.67500000000001,0.0
1.4250000000000007,-76.67500000000001,0.0
3.1750000000000007,-76.67500000000001,0.0
3.2250000000000014,-76.67500000000001,0.0
3.275000000000002,-76.67500000000001,0.0
-12.524999999999999,-76.72500000000001,0.0
-12.474999999999998,-76.72500000000001,0.0
-12.174999999999999,-76.72500000000001,0.0
-12.125,-76.72500000000001,0.0
-12.075,-76.72500000000001,0.0
-11.974999999999998,-76.72500000000001,0.0
-11.924999999999999,-76.72500000000001,0.0
-9.674999999999999,-76.72500000000001,0.0
-9.625,-76.72500000000001,0.0
1.375,-76.72500000000001,0.0
1.4250000000000007,-76.72500000000001,0.0
3.1750000000000007,-76.72500000000001,0.0
3.2250000000000014,-76.72500000000001,0.0
3.275000000000002,-76.72500000000001,0.0
-13.975,-76.775,0.0
-12.625,-76.775,0.0
-12.474999999999998,-76.775,0.0
-12.224999999999998,-76.775,0.0
-12.125,-76.775,0.0
-12.024999999999999,-76.775,0.0
-11.974999999999998,-76.775,0.0
-11.924999999999999,-76.775,0.0
-11.875,-76.775,0.0
-9.674999999999999,-76.775,0.0
-9.625,-76.775,0.0
-9.575,-76.775,0.0
1.375,-76.775,0.0
1.4250000000000007,-76.775,0.0
3.1750000000000007,-76.775,0.0
3.2250000000000014,-76.775,0.0
3.275000000000002,-76.775,0.0
-14.075,-76.825,0.0
-14.024999999999999,-76.825,0.0
-13.975,-76.825,0.0
-12.625,-76.825,0.0
-12.575,-76.825,0.0
-12.524999999999999,-76.825,0.0
-12.474999999999998,-76.825,0.0
-12.424999999999999,-76.825,0.0
-12.224999999999998,-76.825,0.0
-12.075,-76.825,0.0
-11.924999999999999,-76.825,0.0
-11.875,-76.825,0.0
-9.674999999999999,-76.825,0.0
-9.625,-76.825,0.0
-9.575,-76.825,0.0
1.3250000000000028,-76.825,0.0
1.375,-76.825,0.0
1.4250000000000007,-76.825,0.0
3.1750000000000007,-76.825,0.0
3.2250000000000014,-76.825,0.0
-13.975,-76.875,0.0
-13.924999999999999,-76.875,0.0
-13.875,-76.875,0.0
-12.375,-76.875,0.0
-12.325,-76.875,0.0
-12.274999999999999,-76.875,0.0
-12.174999999999999,-76.875,0.0
-12.024999999999999,-76.875,0.0
-11.974999999999998,-76.875,0.0
-11.924999999999999,-76.875,0.0
-11.875,-76.875,0.0
-9.674999999999999,-76.875,0.0
-9.625,-76.875,0.0
-9.575,-76.875,0.0
1.3250000000000028,-76.875,0.0
1.375,-76.875,0.0
1.4250000000000007,-76.875,0.0
3.1750000000000007,-76.875,0.0
3.2250000000000014,-76.875,0.0
-12.774999999999999,-76.92500000000001,0.0
-12.375,-76.92500000000001,0.0
-12.325,-76.92500000000001,0.0
-12.274999999999999,-76.92500000000001,0.0
-12.224999999999998,-76.92500000000001,0.0
-12.125,-76.92500000000001,0.0
-12.024999999999999,-76.92500000000001,0.0
-11.974999999999998,-76.92500000000001,0.0
-11.924999999999999,-76.92500000000001,0.0
-11.875,-76.92500000000001,0.0
-9.625,-76.92500000000001,0.0
-9.575,-76.92500000000001,0.0
1.3250000000000028,-76.92500000000001,0.0
1.375,-76.92500000000001,0.0
3.1750000000000007,-76.92500000000001,0.0
3.2250000000000014,-76.92500000000001,0.0
-12.774999999999999,-76.97500000000001,0.0
-12.725,-76.97500000000001,0.0
-12.674999999999999,-76.97500000000001,0.0
-12.625,-76.97500000000001,0.0
-12.325,-76.97500000000001,0.0
-12.274999999999999,-76.97500000000001,0.0
-12.224999999999998,-76.97500000000001,0.0
-12.174999999999999,-76.97500000000001,0.0
-12.125,-76.97500000000001,0.0
-12.075,-76.97500000000001,0.0
-11.974999999999998,-76.97500000000001,0.0
-11.924999999999999,-76.97500000000001,0.0
-11.875,-76.97500000000001,0.0
-9.625,-76.97500000000001,0.0
-9.575,-76.97500000000001,0.0
1.2750000000000021,-76.97500000000001,0.0
1.3250000000000028,-76.97500000000001,0.0
1.375,-76.97500000000001,0.0
3.1250000000000036,-76.97500000000001,0.0
3.1750000000000007,-76.97500000000001,0.0
3.2250000000000014,-76.97500000000001,0.0
-12.725,-77.025,0.0
-12.674999999999999,-77.025,0.0
-12.625,-77.025,0.0
-12.575,-77.025,0.0
-12.524999999999999,-77.025,0.0
-12.474999999999998,-77.025,0.0
-12.424999999999999,-77.025,0.0
-12.375,-77.025,0.0
-12.224999999999998,-77.025,0.0
-12.174999999999999,-77.025,0.0
-12.125,-77.025,0.0
-12.075,-77.025,0.0
-12.024999999999999,-77.025,0.0
-11.875,-77.025,0.0
-9.625,-77.025,0.0
-9.575,-77.025,0.0
1.2750000000000021,-77.025,0.0
1.3250000000000028,-77.025,0.0
1.375,-77.025,0.0
3.1250000000000036,-77.025,0.0
3.1750000000000007,-77.025,0.0
3.2250000000000014,-77.025,0.0
-12.424999999999999,-77.075,0.0
-12.375,-77.075,0.0
-12.325,-77.075,0.0
-12.274999999999999,-77.075,0.0
-12.224999999999998,-77.075,0.0
-12.174999999999999,-77.075,0.0
-12.125,-77.075,0.0
-12.075,-77.075,0.0
-12.024999999999999,-77.075,0.0
-11.974999999999998,-77.075,0.0
-11.924999999999999,-77.075,0.0
-11.875,-77.075,0.0
-11.825,-77.075,0.0
-9.625,-77.075,0.0
-9.575,-77.075,0.0
1.2750000000000021,-77.075,0.0
1.3250000000000028,-77.075,0.0
1.375,-77.075,0.0
3.1250000000000036,-77.075,0.0
3.1750000000000007,-77.075,0.0
3.2250000000000014,-77.075,0.0
-12.174999999999999,-77.125,0.0
-12.125,-77.125,0.0
-12.075,-77.125,0.0
-12.024999999999999,-77.125,0.0
-11.974999999999998,-77.125,0.0
-11.924999999999999,-77.125,0.0
-11.875,-77.125,0.0
-11.825,-77.125,0.0
-9.625,-77.125,0.0
-9.575,-77.125,0.0
-9.474999999999998,-77.125,0.0
1.2750000000000021,-77.125,0.0
1.3250000000000028,-77.125,0.0
1.375,-77.125,0.0
3.1250000000000036,-77.125,0.0
3.1750000000000007,-77.125,0.0
-11.974999999999998,-77.17500000000001,0.0
-11.924999999999999,-77.17500000000001,0.0
-11.875,-77.17500000000001,0.0
-11.825,-77.17500000000001,0.0
-11.774999999999999,-77.17500000000001,0.0
-11.724999999999998,-77.17500000000001,0.0
-9.625,-77.17500000000001,0.0
-9.575,-77.17500000000001,0.0
1.2750000000000021,-77.17500000000001,0.0
1.3250000000000028,-77.17500000000001,0.0
1.375,-77.17500000000001,0.0
3.075000000000003,-77.17500000000001,0.0
3.1250000000000036,-77.17500000000001,0.0
3.1750000000000007,-77.17500000000001,0.0
-11.875,-77.22500000000001,0.0
-11.825,-77.22500000000001,0.0
-11.774999999999999,-77.22500000000001,0.0
-11.724999999999998,-77.22500000000001,0.0
-9.625,-77.22500000000001,0.0
-9.575,-77.22500000000001,0.0
-9.524999999999999,-77.22500000000001,0.0
-9.474999999999998,-77.22500000000001,0.0
1.2750000000000021,-77.22500000000001,0.0
1.3250000000000028,-77.22500000000001,0.0
3.075000000000003,-77.22500000000001,0.0
3.1250000000000036,-77.22500000000001,0.0
3.1750000000000007,-77.22500000000001,0.0
-11.924999999999999,-77.275,0.0
-11.825,-77.275,0.0
-11.774999999999999,-77.275,0.0
-11.724999999999998,-77.275,0.0
-11.674999999999999,-77.275,0.0
-9.625,-77.275,0.0
-9.575,-77.275,0.0
-9.524999999999999,-77.275,0.0
1.2750000000000021,-77.275,0.0
1.3250000000000028,-77.275,0.0
3.075000000000003,-77.275,0.0
3.1250000000000036,-77.275,0.0
3.1750000000000007,-77.275,0.0
-11.774999999999999,-77.325,0.0
-11.724999999999998,-77.325,0.0
-11.674999999999999,-77.325,0.0
-9.575,-77.325,0.0
-9.524999999999999,-77.325,0.0
-9.474999999999998,-77.325,0.0
1.2750000000000021,-77.325,0.0
1.3250000000000028,-77.325,0.0
2.6750000000000007,-77.325,0.0
3.075000000000003,-77.325,0.0
3.1250000000000036,-77.325,0.0
3.1750000000000007,-77.325,0.0
-11.774999999999999,-77.375,0.0
-11.724999999999998,-77.375,0.0
-11.674999999999999,-77.375,0.0
-9.575,-77.375,0.0
-9.524999999999999,-77.375,0.0
1.2250000000000014,-77.375,0.0
1.2750000000000021,-77.375,0.0
1.3250000000000028,-77.375,0.0
2.775000000000002,-77.375,0.0
3.075000000000003,-77.375,0.0
3.1250000000000036,-77.375,0.0
3.1750000000000007,-77.375,0.0
-11.724999999999998,-77.42500000000001,0.0
-11.674999999999999,-77.42500000000001,0.0
-9.575,-77.42500000000001,0.0
-9.524999999999999,-77.42500000000001,0.0
-9.474999999999998,-77.42500000000001,0.0
1.2250000000000014,-77.42500000000001,0.0
1.2750000000000021,-77.42500000000001,0.0
1.3250000000000028,-77.42500000000001,0.0
3.025000000000002,-77.42500000000001,0.0
3.075000000000003,-77.42500000000001,0.0
3.1250000000000036,-77.42500000000001,0.0
3.1750000000000007,-77.42500000000001,0.0
-11.674999999999999,-77.47500000000001,0.0
-9.575,-77.47500000000001,0.0
-9.524999999999999,-77.47500000000001,0.0
1.2250000000000014,-77.47500000000001,0.0
1.2750000000000021,-77.47500000000001,0.0
1.3250000000000028,-77.47500000000001,0.0
3.025000000000002,-77.47500000000001,0.0
3.075000000000003,-77.47500000000001,0.0
-11.724999999999998,-77.525,0.0
-11.674999999999999,-77.525,0.0
-9.575,-77.525,0.0
-9.524999999999999,-77.525,0.0
1.2250000000000014,-77.525,0.0
1.2750000000000021,-77.525,0.0
3.025000000000002,-77.525,0.0
3.075000000000003,-77.525,0.0
3.1250000000000036,-77.525,0.0
-11.724999999999998,-77.575,0.0
-11.674999999999999,-77.575,0.0
-11.625,-77.575,0.0
-9.575,-77.575,0.0
-9.524999999999999,-77.575,0.0
-9.474999999999998,-77.575,0.0
1.1750000000000007,-77.575,0.0
1.2250000000000014,-77.575,0.0
1.2750000000000021,-77.575,0.0
3.025000000000002,-77.575,0.0
3.075000000000003,-77.575,0.0
-11.724999999999998,-77.625,0.0
-11.674999999999999,-77.625,0.0
-11.625,-77.625,0.0
-9.575,-77.625,0.0
-9.524999999999999,-77.625,0.0
-9.474999999999998,-77.625,0.0
-9.424999999999999,-77.625,0.0
1.2250000000000014,-77.625,0.0
1.2750000000000021,-77.625,0.0
3.025000000000002,-77.625,0.0
3.075000000000003,-77.625,0.0
-13.924999999999999,-77.67500000000001,0.0
-13.875,-77.67500000000001,0.0
-11.774999999999999,-77.67500000000001,0.0
-11.724999999999998,-77.67500000000001,0.0
-11.674999999999999,-77.67500000000001,0.0
-9.575,-77.67500000000001,0.0
-9.524999999999999,-77.67500000000001,0.0
-9.474999999999998,-77.67500000000001,0.0
1.1750000000000007,-77.67500000000001,0.0
1.2250000000000014,-77.67500000000001,0.0
1.2750000000000021,-77.67500000000001,0.0
2.825000000000003,-77.67500000000001,0.0
2.9750000000000014,-77.67500000000001,0.0
3.025000000000002,-77.67500000000001,0.0
-14.024999999999999,-77.72500000000001,0.0
-11.774999999999999,-77.72500000000001,0.0
-11.724999999999998,-77.72500000000001,0.0
-11.674999999999999,-77.72500000000001,0.0
-9.524999999999999,-77.72500000000001,0.0
-9.474999999999998,-77.72500000000001,0.0
-9.424999999999999,-77.72500000000001,0.0
1.1750000000000007,-77.72500000000001,0.0
1.2250000000000014,-77.72500000000001,0.0
1.2750000000000021,-77.72500000000001,0.0
2.9750000000000014,-77.72500000000001,0.0
3.025000000000002,-77.72500000000001,0.0
-11.724999999999998,-77.775,0.0
-11.674999999999999,-77.775,0.0
-9.524999999999999,-77.775,0.0
-9.474999999999998,-77.775,0.0
-9.424999999999999,-77.775,0.0
1.1750000000000007,-77.775,0.0
1.2250000000000014,-77.775,0.0
1.2750000000000021,-77.775,0.0
2.9750000000000014,-77.775,0.0
3.025000000000002,-77.775,0.0
-11.724999999999998,-77.825,0.0
-11.674999999999999,-77.825,0.0
-9.524999999999999,-77.825,0.0
-9.474999999999998,-77.825,0.0
0.625,-77.825,0.0
0.7750000000000021,-77.825,0.0
0.8250000000000028,-77.825,0.0
0.875,-77.825,0.0
0.9250000000000007,-77.825,0.0
0.9750000000000014,-77.825,0.0
1.0250000000000021,-77.825,0.0
1.0750000000000028,-77.825,0.0
1.125,-77.825,0.0
1.1750000000000007,-77.825,0.0
1.2250000000000014,-77.825,0.0
2.775000000000002,-77.825,0.0
2.9750000000000014,-77.825,0.0
3.025000000000002,-77.825,0.0
-11.774999999999999,-77.875,0.0
-11.724999999999998,-77.875,0.0
-11.674999999999999,-77.875,0.0
-9.524999999999999,-77.875,0.0
-9.474999999999998,-77.875,0.0
-9.424999999999999,-77.875,0.0
0.4750000000000014,-77.875,0.0
0.5250000000000021,-77.875,0.0
0.5750000000000028,-77.875,0.0
0.625,-77.875,0.0
0.6750000000000007,-77.875,0.0
0.7250000000000014,-77.875,0.0
0.7750000000000021,-77.875,0.0
0.8250000000000028,-77.875,0.0
0.875,-77.875,0.0
0.9250000000000007,-77.875,0.0
0.9750000000000014,-77.875,0.0
2.775000000000002,-77.875,0.0
2.9750000000000014,-77.875,0.0
3.025000000000002,-77.875,0.0
-11.774999999999999,-77.92500000000001,0.0
-11.724999999999998,-77.92500000000001,0.0
-11.674999999999999,-77.92500000000001,0.0
-9.524999999999999,-77.92500000000001,0.0
-9.474999999999998,-77.92500000000001,0.0
-9.424999999999999,-77.92500000000001,0.0
0.22500000000000142,-77.92500000000001,0.0
0.27500000000000213,-77.92500000000001,0.0
0.32500000000000284,-77.92500000000001,0.0
0.375,-77.92500000000001,0.0
0.4250000000000007,-77.92500000000001,0.0
0.4750000000000014,-77.92500000000001,0.0
0.5250000000000021,-77.92500000000001,0.0
0.5750000000000028,-77.92500000000001,0.0
0.625,-77.92500000000001,0.0
2.9750000000000014,-77.92500000000001,0.0
3.025000000000002,-77.92500000000001,0.0
-11.774999999999999,-77.97500000000001,0.0
-11.724999999999998,-77.97500000000001,0.0
-11.674999999999999,-77.97500000000001,0.0
-11.625,-77.97500000000001,0.0
-9.524999999999999,-77.97500000000001,0.0
-9.474999999999998,-77.97500000000001,0.0
-0.625,-77.97500000000001,0.0
-0.5749999999999993,-77.97500000000001,0.0
-0.5249999999999986,-77.97500000000001,0.0
-0.47499999999999787,-77.97500000000001,0.0
-0.42499999999999716,-77.97500000000001,0.0
-0.375,-77.97500000000001,0.0
-0.17499999999999716,-77.97500000000001,0.0
-0.125,-77.97500000000001,0.0
-0.07499999999999929,-77.97500000000001,0.0
-0.02499999999999858,-77.97500000000001,0.0
0.02500000000000213,-77.97500000000001,0.0
0.07500000000000284,-77.97500000000001,0.0
0.125,-77.97500000000001,0.0
0.1750000000000007,-77.97500000000001,0.0
0.22500000000000142,-77.97500000000001,0.0
0.27500000000000213,-77.97500000000001,0.0
0.32500000000000284,-77.97500000000001,0.0
2.9250000000000007,-77.97500000000001,0.0
2.9750000000000014,-77.97500000000001,0.0
3.025000000000002,-77.97500000000001,0.0
-11.724999999999998,-78.025,0.0
-11.674999999999999,-78.025,0.0
-11.625,-78.025,0.0
-9.524999999999999,-78.025,0.0
-9.474999999999998,-78.025,0.0
-9.424999999999999,-78.025,0.0
-1.0749999999999993,-78.025,0.0
-1.0249999999999986,-78.025,0.0
-0.9749999999999979,-78.025,0.0
-0.9249999999999989,-78.025,0.0
-0.8749999999999982,-78.025,0.0
-0.8249999999999993,-78.025,0.0
-0.7749999999999986,-78.025,0.0
-0.7249999999999979,-78.025,0.0
-0.6749999999999972,-78.025,0.0
-0.625,-78.025,0.0
-0.5749999999999993,-78.025,0.0
-0.5249999999999986,-78.025,0.0
-0.47499999999999787,-78.025,0.0
-0.42499999999999716,-78.025,0.0
-0.375,-78.025,0.0
-0.3249999999999993,-78.025,0.0
-0.2749999999999986,-78.025,0.0
-0.22499999999999787,-78.025,0.0
-0.17499999999999716,-78.025,0.0
-0.125,-78.025,0.0
-0.07499999999999929,-78.025,0.0
-0.02499999999999858,-78.025,0.0
0.02500000000000213,-78.025,0.0
2.9250000000000007,-78.025,0.0
2.9750000000000014,-78.025,0.0
-11.674999999999999,-78.075,0.0
-11.625,-78.075,0.0
-9.474999999999998,-78.075,0.0
-9.424999999999999,-78.075,0.0
-1.4749999999999979,-78.075,0.0
-1.424999999999999,-78.075,0.0
-1.3749999999999982,-78.075,0.0
-1.3249999999999993,-78.075,0.0
-1.2749999999999986,-78.075,0.0
-1.2249999999999979,-78.075,0.0
-1.174999999999999,-78.075,0.0
-1.1249999999999982,-78.075,0.0
-1.0749999999999993,-78.075,0.0
-1.0249999999999986,-78.075,0.0
-0.9749999999999979,-78.075,0.0
-0.9249999999999989,-78.075,0.0
-0.8749999999999982,-78.075,0.0
-0.8249999999999993,-78.075,0.0
-0.7749999999999986,-78.075,0.0
-0.7249999999999979,-78.075,0.0
-0.2749999999999986,-78.075,0.0
2.9250000000000007,-78.075,0.0
2.9750000000000014,-78.075,0.0
-11.674999999999999,-78.125,0.0
-11.625,-78.125,0.0
-9.474999999999998,-78.125,0.0
-9.424999999999999,-78.125,0.0
-9.375,-78.125,0.0
-1.8749999999999982,-78.125,0.0
-1.8249999999999993,-78.125,0.0
-1.7749999999999986,-78.125,0.0
-1.7249999999999979,-78.125,0.0
-1.674999999999999,-78.125,0.0
-1.6249999999999982,-78.125,0.0
-1.5749999999999993,-78.125,0.0
-1.5249999999999986,-78.125,0.0
-1.4749999999999979,-78.125,0.0
-1.424999999999999,-78.125,0.0
-1.3749999999999982,-78.125,0.0
-1.3249999999999993,-78.125,0.0
-1.2749999999999986,-78.125,0.0
-1.2249999999999979,-78.125,0.0
2.9250000000000007,-78.125,0.0
2.9750000000000014,-78.125,0.0
-11.674999999999999,-78.17500000000001,0.0
-11.625,-78.17500000000001,0.0
-9.474999999999998,-78.17500000000001,0.0
-9.424999999999999,-78.17500000000001,0.0
-9.375,-78.17500000000001,0.0
-2.924999999999999,-78.17500000000001,0.0
-2.8749999999999982,-78.17500000000001,0.0
-2.8249999999999993,-78.17500000000001,0.0
-2.7749999999999986,-78.17500000000001,0.0
-2.724999999999998,-78.17500000000001,0.0
-2.674999999999999,-78.17500000000001,0.0
-2.6249999999999982,-78.17500000000001,0.0
-2.5749999999999993,-78.17500000000001,0.0
-2.5249999999999986,-78.17500000000001,0.0
-2.474999999999998,-78.17500000000001,0.0
-2.424999999999999,-78.17500000000001,0.0
-2.3749999999999982,-78.17500000000001,0.0
-2.3249999999999993,-78.17500000000001,0.0
-2.2749999999999986,-78.17500000000001,0.0
-2.224999999999998,-78.17500000000001,0.0
-2.174999999999999,-78.17500000000001,0.0
-2.1249999999999982,-78.17500000000001,0.0
-2.0749999999999993,-78.17500000000001,0.0
-2.0249999999999986,-78.17500000000001,0.0
-1.9749999999999979,-78.17500000000001,0.0
-1.924999999999999,-78.17500000000001,0.0
-1.8749999999999982,-78.17500000000001,0.0
-1.8249999999999993,-78.17500000000001,0.0
-1.7749999999999986,-78.17500000000001,0.0
-1.7249999999999979,-78.17500000000001,0.0
-1.674999999999999,-78.17500000000001,0.0
-1.6249999999999982,-78.17500000000001,0.0
2.9250000000000007,-78.17500000000001,0.0
2.9750000000000014,-78.17500000000001,0.0
-11.674999999999999,-78.22500000000001,0.0
-11.625,-78.22500000000001,0.0
-11.575,-78.22500000000001,0.0
-9.474999999999998,-78.22500000000001,0.0
-9.424999999999999,-78.22500000000001,0.0
-9.375,-78.22500000000001,0.0
-2.8749999999999982,-78.22500000000001,0.0
-2.8249999999999993,-78.22500000000001,0.0
-2.7749999999999986,-78.22500000000001,0.0
-2.724999999999998,-78.22500000000001,0.0
-2.674999999999999,-78.22500000000001,0.0
-2.6249999999999982,-78.22500000000001,0.0
-2.5749999999999993,-78.22500000000001,0.0
-2.5249999999999986,-78.22500000000001,0.0
-2.474999999999998,-78.22500000000001,0.0
-2.424999999999999,-78.22500000000001,0.0
-2.3749999999999982,-78.22500000000001,0.0
-2.3249999999999993,-78.22500000000001,0.0
-2.2749999999999986,-78.22500000000001,0.0
-2.224999999999998,-78.22500000000001,0.0
-2.174999999999999,-78.22500000000001,0.0
-2.1249999999999982,-78.22500000000001,0.0
-2.0749999999999993,-78.22500000000001,0.0
-2.0249999999999986,-78.22500000000001,0.0
-1.9749999999999979,-78.22500000000001,0.0
2.8750000000000036,-78.22500000000001,0.0
2.9250000000000007,-78.22500000000001,0.0
-11.674999999999999,-78.275,0.0
-11.625,-78.275,0.0
-11.575,-78.275,0.0
-9.474999999999998,-78.275,0.0
-9.424999999999999,-78.275,0.0
-9.375,-78.275,0.0
-3.0749999999999993,-78.275,0.0
-3.0249999999999986,-78.275,0.0
-2.974999999999998,-78.275,0.0
-2.924999999999999,-78.275,0.0
-2.8749999999999982,-78.275,0.0
-2.8249999999999993,-78.275,0.0
-2.7749999999999986,-78.275,0.0
-2.724999999999998,-78.275,0.0
-2.674999999999999,-78.275,0.0
-2.6249999999999982,-78.275,0.0
-2.5749999999999993,-78.275,0.0
-2.5249999999999986,-78.275,0.0
-2.474999999999998,-78.275,0.0
2.8750000000000036,-78.275,0.0
2.9250000000000007,-78.275,0.0
-11.625,-78.325,0.0
-11.575,-78.325,0.0
-9.474999999999998,-78.325,0.0
-9.424999999999999,-78.325,0.0
-9.375,-78.325,0.0
-3.724999999999998,-78.325,0.0
-3.5249999999999986,-78.325,0.0
-3.474999999999998,-78.325,0.0
-3.424999999999999,-78.325,0.0
-3.3749999999999982,-78.325,0.0
-3.3249999999999993,-78.325,0.0
-3.2749999999999986,-78.325,0.0
-3.224999999999998,-78.325,0.0
-3.174999999999999,-78.325,0.0
-3.1249999999999982,-78.325,0.0
-3.0749999999999993,-78.325,0.0
-3.0249999999999986,-78.325,0.0
-2.974999999999998,-78.325,0.0
-2.924999999999999,-78.325,0.0
-2.8749999999999982,-78.325,0.0
2.8750000000000036,-78.325,0.0
2.9250000000000007,-78.325,0.0
-11.625,-78.375,0.0
-11.575,-78.375,0.0
-9.474999999999998,-78.375,0.0
-9.424999999999999,-78.375,0.0
-3.8249999999999993,-78.375,0.0
-3.7749999999999986,-78.375,0.0
-3.724999999999998,-78.375,0.0
-3.674999999999999,-78.375,0.0
-3.6249999999999982,-78.375,0.0
-3.5749999999999993,-78.375,0.0
-3.5249999999999986,-78.375,0.0
-3.474999999999998,-78.375,0.0
-3.424999999999999,-78.375,0.0
-3.3749999999999982,-78.375,0.0
-3.3249999999999993,-78.375,0.0
-3.2749999999999986,-78.375,0.0
-3.224999999999998,-78.375,0.0
2.8750000000000036,-78.375,0.0
2.9250000000000007,-78.375,0.0
-11.625,-78.42500000000001,0.0
-11.575,-78.42500000000001,0.0
-9.424999999999999,-78.42500000000001,0.0
-9.375,-78.42500000000001,0.0
-4.324999999999999,-78.42500000000001,0.0
-4.224999999999998,-78.42500000000001,0.0
-4.174999999999999,-78.42500000000001,0.0
-4.124999999999998,-78.42500000000001,0.0
-4.074999999999999,-78.42500000000001,0.0
-4.024999999999999,-78.42500000000001,0.0
-3.974999999999998,-78.42500000000001,0.0
-3.924999999999999,-78.42500000000001,0.0
-3.8749999999999982,-78.42500000000001,0.0
-3.8249999999999993,-78.42500000000001,0.0
-3.7749999999999986,-78.42500000000001,0.0
-3.724999999999998,-78.42500000000001,0.0
-3.674999999999999,-78.42500000000001,0.0
-3.6249999999999982,-78.42500000000001,0.0
2.8750000000000036,-78.42500000000001,0.0
2.9250000000000007,-78.42500000000001,0.0
-11.625,-78.47500000000001,0.0
-11.575,-78.47500000000001,0.0
-11.524999999999999,-78.47500000000001,0.0
-9.424999999999999,-78.47500000000001,0.0
-9.375,-78.47500000000001,0.0
-9.325,-78.47500000000001,0.0
-4.774999999999999,-78.47500000000001,0.0
-4.674999999999999,-78.47500000000001,0.0
-4.574999999999999,-78.47500000000001,0.0
-4.524999999999999,-78.47500000000001,0.0
-4.474999999999998,-78.47500000000001,0.0
-4.424999999999999,-78.47500000000001,0.0
-4.374999999999998,-78.47500000000001,0.0
-4.324999999999999,-78.47500000000001,0.0
-4.274999999999999,-78.47500000000001,0.0
-4.224999999999998,-78.47500000000001,0.0
-4.174999999999999,-78.47500000000001,0.0
-4.124999999999998,-78.47500000000001,0.0
-4.074999999999999,-78.47500000000001,0.0
-4.024999999999999,-78.47500000000001,0.0
-3.974999999999998,-78.47500000000001,0.0
2.8750000000000036,-78.47500000000001,0.0
-11.625,-78.525,0.0
-11.575,-78.525,0.0
-11.524999999999999,-78.525,0.0
-11.474999999999998,-78.525,0.0
-9.424999999999999,-78.525,0.0
-9.375,-78.525,0.0
-9.325,-78.525,0.0
-4.974999999999998,-78.525,0.0
-4.924999999999999,-78.525,0.0
-4.874999999999998,-78.525,0.0
-4.824999999999999,-78.525,0.0
-4.774999999999999,-78.525,0.0
-4.724999999999998,-78.525,0.0
-4.674999999999999,-78.525,0.0
-4.624999999999998,-78.525,0.0
-4.574999999999999,-78.525,0.0
-4.524999999999999,-78.525,0.0
-4.474999999999998,-78.525,0.0
-4.424999999999999,-78.525,0.0
-4.374999999999998,-78.525,0.0
-4.324999999999999,-78.525,0.0
2.825000000000003,-78.525,0.0
2.8750000000000036,-78.525,0.0
-11.575,-78.575,0.0
-11.524999999999999,-78.575,0.0
-11.474999999999998,-78.575,0.0
-11.424999999999999,-78.575,0.0
-9.424999999999999,-78.575,0.0
-9.375,-78.575,0.0
-9.325,-78.575,0.0
-5.724999999999998,-78.575,0.0
-5.374999999999998,-78.575,0.0
-5.324999999999999,-78.575,0.0
-5.274999999999999,-78.575,0.0
-5.224999999999998,-78.575,0.0
-5.174999999999999,-78.575,0.0
-5.124999999999998,-78.575,0.0
-5.074999999999999,-78.575,0.0
-5.024999999999999,-78.575,0.0
-4.974999999999998,-78.575,0.0
-4.924999999999999,-78.575,0.0
-4.874999999999998,-78.575,0.0
-4.824999999999999,-78.575,0.0
-4.774999999999999,-78.575,0.0
-4.724999999999998,-78.575,0.0
-4.674999999999999,-78.575,0.0
2.825000000000003,-78.575,0.0
2.8750000000000036,-78.575,0.0
-11.474999999999998,-78.625,0.0
-11.424999999999999,-78.625,0.0
-9.424999999999999,-78.625,0.0
-9.375,-78.625,0.0
-9.325,-78.625,0.0
-6.274999999999999,-78.625,0.0
-5.924999999999999,-78.625,0.0
-5.774999999999999,-78.625,0.0
-5.724999999999998,-78.625,0.0
-5.624999999999998,-78.625,0.0
-5.574999999999999,-78.625,0.0
-5.524999999999999,-78.625,0.0
-5.474999999999998,-78.625,0.0
-5.424999999999999,-78.625,0.0
-5.374999999999998,-78.625,0.0
-5.324999999999999,-78.625,0.0
-5.274999999999999,-78.625,0.0
-5.224999999999998,-78.625,0.0
-5.174999999999999,-78.625,0.0
-5.124999999999998,-78.625,0.0
-5.074999999999999,-78.625,0.0
2.825000000000003,-78.625,0.0
2.8750000000000036,-78.625,0.0
-11.474999999999998,-78.67500000000001,0.0
-11.424999999999999,-78.67500000000001,0.0
-9.424999999999999,-78.67500000000001,0.0
-9.375,-78.67500000000001,0.0
-9.325,-78.67500000000001,0.0
-6.624999999999998,-78.67500000000001,0.0
-6.474999999999998,-78.67500000000001,0.0
-6.274999999999999,-78.67500000000001,0.0
-6.124999999999998,-78.67500000000001,0.0
-6.074999999999999,-78.67500000000001,0.0
-6.024999999999999,-78.67500000000001,0.0
-5.974999999999998,-78.67500000000001,0.0
-5.924999999999999,-78.67500000000001,0.0
-5.874999999999998,-78.67500000000001,0.0
-5.824999999999999,-78.67500000000001,0.0
-5.774999999999999,-78.67500000000001,0.0
-5.724999999999998,-78.67500000000001,0.0
-5.674999999999999,-78.67500000000001,0.0
-5.624999999999998,-78.67500000000001,0.0
-5.574999999999999,-78.67500000000001,0.0
-5.524999999999999,-78.67500000000001,0.0
-5.474999999999998,-78.67500000000001,0.0
2.825000000000003,-78.67500000000001,0.0
2.8750000000000036,-78.67500000000001,0.0
-11.474999999999998,-78.72500000000001,0.0
-11.424999999999999,-78.72500000000001,0.0
-9.424999999999999,-78.72500000000001,0.0
-9.375,-78.72500000000001,0.0
-9.325,-78.72500000000001,0.0
-6.674999999999999,-78.72500000000001,0.0
-6.474999999999998,-78.72500000000001,0.0
-6.424999999999999,-78.72500000000001,0.0
-6.374999999999998,-78.72500000000001,0.0
-6.324999999999999,-78.72500000000001,0.0
-6.274999999999999,-78.72500000000001,0.0
-6.224999999999998,-78.72500000000001,0.0
-6.174999999999999,-78.72500000000001,0.0
-6.124999999999998,-78.72500000000001,0.0
-6.074999999999999,-78.72500000000001,0.0
-6.024999999999999,-78.72500000000001,0.0
-5.974999999999998,-78.72500000000001,0.0
-5.924999999999999,-78.72500000000001,0.0
-5.874999999999998,-78.72500000000001,0.0
2.825000000000003,-78.72500000000001,0.0
2.8750000000000036,-78.72500000000001,0.0
-11.474999999999998,-78.775,0.0
-11.424999999999999,-78.775,0.0
-11.375,-78.775,0.0
-9.424999999999999,-78.775,0.0
-9.375,-78.775,0.0
-9.325,-78.775,0.0
-6.824999999999999,-78.775,0.0
-6.774999999999999,-78.775,0.0
-6.724999999999998,-78.775,0.0
-6.674999999999999,-78.775,0.0
-6.624999999999998,-78.775,0.0
-6.574999999999999,-78.775,0.0
-6.524999999999999,-78.775,0.0
-6.474999999999998,-78.775,0.0
-6.424999999999999,-78.775,0.0
-6.374999999999998,-78.775,0.0
-6.324999999999999,-78.775,0.0
-6.274999999999999,-78.775,0.0
2.825000000000003,-78.775,0.0
-11.424999999999999,-78.825,0.0
-11.375,-78.825,0.0
-9.375,-78.825,0.0
-9.325,-78.825,0.0
-7.274999999999999,-78.825,0.0
-7.225,-78.825,0.0
-7.174999999999999,-78.825,0.0
-7.124999999999998,-78.825,0.0
-7.074999999999999,-78.825,0.0
-7.024999999999999,-78.825,0.0
-6.974999999999998,-78.825,0.0
-6.924999999999999,-78.825,0.0
-6.874999999999998,-78.825,0.0
-6.824999999999999,-78.825,0.0
-6.774999999999999,-78.825,0.0
-6.724999999999998,-78.825,0.0
-6.674999999999999,-78.825,0.0
2.775000000000002,-78.825,0.0
2.825000000000003,-78.825,0.0
-11.424999999999999,-78.875,0.0
-11.375,-78.875,0.0
-9.375,-78.875,0.0
-9.325,-78.875,0.0
-7.624999999999998,-78.875,0.0
-7.574999999999999,-78.875,0.0
-7.524999999999999,-78.875,0.0
-7.475,-78.875,0.0
-7.424999999999999,-78.875,0.0
-7.374999999999998,-78.875,0.0
-7.324999999999999,-78.875,0.0
-7.274999999999999,-78.875,0.0
-7.225,-78.875,0.0
-7.174999999999999,-78.875,0.0
-7.124999999999998,-78.875,0.0
-7.074999999999999,-78.875,0.0
2.775000000000002,-78.875,0.0
2.825000000000003,-78.875,0.0
-11.424999999999999,-78.92500000000001,0.0
-11.375,-78.92500000000001,0.0
-9.375,-78.92500000000001,0.0
-9.325,-78.92500000000001,0.0
-7.975,-78.92500000000001,0.0
-7.924999999999999,-78.92500000000001,0.0
-7.874999999999998,-78.92500000000001,0.0
-7.824999999999999,-78.92500000000001,0.0
-7.774999999999999,-78.92500000000001,0.0
-7.725,-78.92500000000001,0.0
-7.674999999999999,-78.92500000000001,0.0
-7.624999999999998,-78.92500000000001,0.0
-7.574999999999999,-78.92500000000001,0.0
-7.524999999999999,-78.92500000000001,0.0
-7.475,-78.92500000000001,0.0
-4.474999999999998,-78.92500000000001,0.0
2.775000000000002,-78.92500000000001,0.0
2.825000000000003,-78.92500000000001,0.0
-11.424999999999999,-78.97500000000001,0.0
-11.375,-78.97500000000001,0.0
-9.375,-78.97500000000001,0.0
-9.325,-78.97500000000001,0.0
-9.274999999999999,-78.97500000000001,0.0
-8.424999999999999,-78.97500000000001,0.0
-8.374999999999998,-78.97500000000001,0.0
-8.325,-78.97500000000001,0.0
-8.274999999999999,-78.97500000000001,0.0
-8.225,-78.97500000000001,0.0
-8.174999999999999,-78.97500000000001,0.0
-8.124999999999998,-78.97500000000001,0.0
-8.075,-78.97500000000001,0.0
-8.024999999999999,-78.97500000000001,0.0
-7.975,-78.97500000000001,0.0
-7.924999999999999,-78.97500000000001,0.0
-7.874999999999998,-78.97500000000001,0.0
-7.824999999999999,-78.97500000000001,0.0
2.775000000000002,-78.97500000000001,0.0
2.825000000000003,-78.97500000000001,0.0
-11.375,-79.025,0.0
-11.325,-79.025,0.0
-9.375,-79.025,0.0
-9.325,-79.025,0.0
-9.274999999999999,-79.025,0.0
-8.825,-79.025,0.0
-8.774999999999999,-79.025,0.0
-8.724999999999998,-79.025,0.0
-8.674999999999999,-79.025,0.0
-8.624999999999998,-79.025,0.0
-8.575,-79.025,0.0
-8.524999999999999,-79.025,0.0
-8.475,-79.025,0.0
-8.424999999999999,-79.025,0.0
-8.374999999999998,-79.025,0.0
-8.325,-79.025,0.0
-8.274999999999999,-79.025,0.0
-8.225,-79.025,0.0
-8.174999999999999,-79.025,0.0
2.775000000000002,-79.025,0.0
2.825000000000003,-79.025,0.0
-11.375,-79.075,0.0
-11.325,-79.075,0.0
-9.375,-79.075,0.0
-9.325,-79.075,0.0
-9.274999999999999,-79.075,0.0
-9.224999999999998,-79.075,0.0
-9.174999999999999,-79.075,0.0
-9.125,-79.075,0.0
-9.075,-79.075,0.0
-9.024999999999999,-79.075,0.0
-8.974999999999998,-79.075,0.0
-8.924999999999999,-79.075,0.0
-8.875,-79.075,0.0
-8.825,-79.075,0.0
-8.774999999999999,-79.075,0.0
-8.724999999999998,-79.075,0.0
-8.674999999999999,-79.075,0.0
-8.624999999999998,-79.075,0.0
-8.575,-79.075,0.0
2.7250000000000014,-79.075,0.0
2.775000000000002,-79.075,0.0
-11.375,-79.125,0.0
-11.325,-79.125,0.0
-9.375,-79.125,0.0
-9.325,-79.125,0.0
-9.274999999999999,-79.125,0.0
-9.224999999999998,-79.125,0.0
-9.174999999999999,-79.125,0.0
-9.125,-79.125,0.0
-9.075,-79.125,0.0
-9.024999999999999,-79.125,0.0
-8.974999999999998,-79.125,0.0
-5.974999999999998,-79.125,0.0
-5.474999999999998,-79.125,0.0
2.7250000000000014,-79.125,0.0
2.775000000000002,-79.125,0.0
-11.375,-79.17500000000001,0.0
-11.325,-79.17500000000001,0.0
2.7250000000000014,-79.17500000000001,0.0
2.775000000000002,-79.17500000000001,0.0
-11.375,-79.22500000000001,0.0
-11.325,-79.22500000000001,0.0
2.7250000000000014,-79.22500000000001,0.0
2.775000000000002,-79.22500000000001,0.0
-11.325,-79.275,0.0
2.7250000000000014,-79.275,0.0
2.775000000000002,-79.275,0.0
-11.325,-79.325,0.0
-11.274999999999999,-79.325,0.0
2.7250000000000014,-79.325,0.0
2.775000000000002,-79.325,0.0
-11.325,-79.375,0.0
-11.274999999999999,-79.375,0.0
2.6750000000000007,-79.375,0.0
2.7250000000000014,-79.375,0.0
-11.325,-79.42500000000001,0.0
-11.274999999999999,-79.42500000000001,0.0
2.6750000000000007,-79.42500000000001,0.0
2.7250000000000014,-79.42500000000001,0.0
-11.325,-79.47500000000001,0.0
-11.274999999999999,-79.47500000000001,0.0
-1.1249999999999982,-79.47500000000001,0.0
-1.0749999999999993,-79.47500000000001,0.0
-1.0249999999999986,-79.47500000000001,0.0
-0.9749999999999979,-79.47500000000001,0.0
-0.9249999999999989,-79.47500000000001,0.0
-0.8749999999999982,-79.47500000000001,0.0
-0.8249999999999993,-79.47500000000001,0.0
-0.7749999999999986,-79.47500000000001,0.0
-0.7249999999999979,-79.47500000000001,0.0
-0.6749999999999972,-79.47500000000001,0.0
-0.625,-79.47500000000001,0.0
-0.5749999999999993,-79.47500000000001,0.0
-0.5249999999999986,-79.47500000000001,0.0
2.6750000000000007,-79.47500000000001,0.0
2.7250000000000014,-79.47500000000001,0.0
-11.274999999999999,-79.525,0.0
-11.224999999999998,-79.525,0.0
-1.5749999999999993,-79.525,0.0
-1.5249999999999986,-79.525,0.0
-1.4749999999999979,-79.525,0.0
-1.424999999999999,-79.525,0.0
-1.3749999999999982,-79.525,0.0
-1.3249999999999993,-79.525,0.0
-1.2749999999999986,-79.525,0.0
-1.2249999999999979,-79.525,0.0
-1.174999999999999,-79.525,0.0
-1.1249999999999982,-79.525,0.0
-1.0749999999999993,-79.525,0.0
-1.0249999999999986,-79.525,0.0
-0.9749999999999979,-79.525,0.0
-0.6749999999999972,-79.525,0.0
-0.625,-79.525,0.0
-0.5749999999999993,-79.525,0.0
-0.5249999999999986,-79.525,0.0
-0.47499999999999787,-79.525,0.0
-0.42499999999999716,-79.525,0.0
-0.375,-79.525,0.0
-0.3249999999999993,-79.525,0.0
-0.2749999999999986,-79.525,0.0
-0.22499999999999787,-79.525,0.0
2.6750000000000007,-79.525,0.0
2.7250000000000014,-79.525,0.0
-11.274999999999999,-79.575,0.0
-11.224999999999998,-79.575,0.0
-10.724999999999998,-79.575,0.0
-2.0249999999999986,-79.575,0.0
-1.9749999999999979,-79.575,0.0
-1.924999999999999,-79.575,0.0
-1.8749999999999982,-79.575,0.0
-1.8249999999999993,-79.575,0.0
-1.7749999999999986,-79.575,0.0
-1.7249999999999979,-79.575,0.0
-1.674999999999999,-79.575,0.0
-1.6249999999999982,-79.575,0.0
-1.5749999999999993,-79.575,0.0
-1.5249999999999986,-79.575,0.0
-1.4749999999999979,-79.575,0.0
-1.424999999999999,-79.575,0.0
-1.3749999999999982,-79.575,0.0
-0.3249999999999993,-79.575,0.0
-0.2749999999999986,-79.575,0.0
-0.22499999999999787,-79.575,0.0
-0.17499999999999716,-79.575,0.0
-0.125,-79.575,0.0
-0.07499999999999929,-79.575,0.0
-0.02499999999999858,-79.575,0.0
0.02500000000000213,-79.575,0.0
0.07500000000000284,-79.575,0.0
2.6750000000000007,-79.575,0.0
2.7250000000000014,-79.575,0.0
-11.274999999999999,-79.625,0.0
-11.224999999999998,-79.625,0.0
-2.424999999999999,-79.625,0.0
-2.3749999999999982,-79.625,0.0
-2.3249999999999993,-79.625,0.0
-2.2749999999999986,-79.625,0.0
-2.224999999999998,-79.625,0.0
-2.174999999999999,-79.625,0.0
-2.1249999999999982,-79.625,0.0
-2.0749999999999993,-79.625,0.0
-2.0249999999999986,-79.625,0.0
-1.9749999999999979,-79.625,0.0
-1.924999999999999,-79.625,0.0
-0.02499999999999858,-79.625,0.0
0.02500000000000213,-79.625,0.0
0.07500000000000284,-79.625,0.0
0.125,-79.625,0.0
0.1750000000000007,-79.625,0.0
0.22500000000000142,-79.625,0.0
0.27500000000000213,-79.625,0.0
0.32500000000000284,-79.625,0.0
0.375,-79.625,0.0
2.6750000000000007,-79.625,0.0
2.7250000000000014,-79.625,0.0
-11.274999999999999,-79.67500000000001,0.0
-11.224999999999998,-79.67500000000001,0.0
-2.8249999999999993,-79.67500000000001,0.0
-2.7749999999999986,-79.67500000000001,0.0
-2.724999999999998,-79.67500000000001,0.0
-2.674999999999999,-79.67500000000001,0.0
-2.6249999999999982,-79.67500000000001,0.0
-2.5749999999999993,-79.67500000000001,0.0
-2.5249999999999986,-79.67500000000001,0.0
-2.474999999999998,-79.67500000000001,0.0
-2.424999999999999,-79.67500000000001,0.0
-2.3749999999999982,-79.67500000000001,0.0
-2.3249999999999993,-79.67500000000001,0.0
-2.2749999999999986,-79.67500000000001,0.0
0.22500000000000142,-79.67500000000001,0.0
0.27500000000000213,-79.67500000000001,0.0
0.32500000000000284,-79.67500000000001,0.0
0.375,-79.67500000000001,0.0
0.4250000000000007,-79.67500000000001,0.0
0.4750000000000014,-79.67500000000001,0.0
0.5250000000000021,-79.67500000000001,0.0
0.5750000000000028,-79.67500000000001,0.0
0.625,-79.67500000000001,0.0
0.6750000000000007,-79.67500000000001,0.0
2.6250000000000036,-79.67500000000001,0.0
2.6750000000000007,-79.67500000000001,0.0
2.7250000000000014,-79.67500000000001,0.0
-11.274999999999999,-79.72500000000001,0.0
-11.224999999999998,-79.72500000000001,0.0
-3.1249999999999982,-79.72500000000001,0.0
-3.0749999999999993,-79.72500000000001,0.0
-3.0249999999999986,-79.72500000000001,0.0
-2.974999999999998,-79.72500000000001,0.0
-2.924999999999999,-79.72500000000001,0.0
-2.8749999999999982,-79.72500000000001,0.0
-2.8249999999999993,-79.72500000000001,0.0
-2.7749999999999986,-79.72500000000001,0.0
-2.724999999999998,-79.72500000000001,0.0
-2.674999999999999,-79.72500000000001,0.0
0.4250000000000007,-79.72500000000001,0.0
0.4750000000000014,-79.72500000000001,0.0
0.5250000000000021,-79.72500000000001,0.0
0.5750000000000028,-79.72500000000001,0.0
0.625,-79.72500000000001,0.0
0.6750000000000007,-79.72500000000001,0.0
0.7250000000000014,-79.72500000000001,0.0
0.7750000000000021,-79.72500000000001,0.0
0.8250000000000028,-79.72500000000001,0.0
0.875,-79.72500000000001,0.0
2.6250000000000036,-79.72500000000001,0.0
2.6750000000000007,-79.72500000000001,0.0
-11.224999999999998,-79.775,0.0
-3.5249999999999986,-79.775,0.0
-3.474999999999998,-79.775,0.0
-3.424999999999999,-79.775,0.0
-3.3749999999999982,-79.775,0.0
-3.3249999999999993,-79.775,0.0
-3.2749999999999986,-79.775,0.0
-3.224999999999998,-79.775,0.0
-3.174999999999999,-79.775,0.0
-3.1249999999999982,-79.775,0.0
-3.0749999999999993,-79.775,0.0
-3.0249999999999986,-79.775,0.0
-2.974999999999998,-79.775,0.0
0.625,-79.775,0.0
0.6750000000000007,-79.775,0.0
0.7250000000000014,-79.775,0.0
0.7750000000000021,-79.775,0.0
0.8250000000000028,-79.775,0.0
0.875,-79.775,0.0
2.6250000000000036,-79.775,0.0
2.6750000000000007,-79.775,0.0
-11.224999999999998,-79.825,0.0
-11.174999999999999,-79.825,0.0
-3.924999999999999,-79.825,0.0
-3.8749999999999982,-79.825,0.0
-3.8249999999999993,-79.825,0.0
-3.7749999999999986,-79.825,0.0
-3.724999999999998,-79.825,0.0
-3.674999999999999,-79.825,0.0
-3.6249999999999982,-79.825,0.0
-3.5749999999999993,-79.825,0.0
-3.5249999999999986,-79.825,0.0
-3.474999999999998,-79.825,0.0
-3.424999999999999,-79.825,0.0
-3.3749999999999982,-79.825,0.0
-3.3249999999999993,-79.825,0.0
-3.2749999999999986,-79.825,0.0
0.8250000000000028,-79.825,0.0
0.875,-79.825,0.0
2.6250000000000036,-79.825,0.0
2.6750000000000007,-79.825,0.0
-11.224999999999998,-79.875,0.0
-11.174999999999999,-79.875,0.0
-4.324999999999999,-79.875,0.0
-4.274999999999999,-79.875,0.0
-4.224999999999998,-79.875,0.0
-4.174999999999999,-79.875,0.0
-4.124999999999998,-79.875,0.0
-4.074999999999999,-79.875,0.0
-4.024999999999999,-79.875,0.0
-3.974999999999998,-79.875,0.0
-3.924999999999999,-79.875,0.0
-3.8749999999999982,-79.875,0.0
-3.8249999999999993,-79.875,0.0
-3.7749999999999986,-79.875,0.0
-3.724999999999998,-79.875,0.0
-3.674999999999999,-79.875,0.0
-3.5749999999999993,-79.875,0.0
0.8250000000000028,-79.875,0.0
0.875,-79.875,0.0
2.6250000000000036,-79.875,0.0
2.6750000000000007,-79.875,0.0
-11.224999999999998,-79.92500000000001,0.0
-11.174999999999999,-79.92500000000001,0.0
-7.574999999999999,-79.92500000000001,0.0
-4.724999999999998,-79.92500000000001,0.0
-4.674999999999999,-79.92500000000001,0.0
-4.624999999999998,-79.92500000000001,0.0
-4.574999999999999,-79.92500000000001,0.0
-4.524999999999999,-79.92500000000001,0.0
-4.474999999999998,-79.92500000000001,0.0
-4.424999999999999,-79.92500000000001,0.0
-4.374999999999998,-79.92500000000001,0.0
-4.324999999999999,-79.92500000000001,0.0
-4.274999999999999,-79.92500000000001,0.0
-4.224999999999998,-79.92500000000001,0.0
-4.174999999999999,-79.92500000000001,0.0
-4.124999999999998,-79.92500000000001,0.0
-4.074999999999999,-79.92500000000001,0.0
-4.024999999999999,-79.92500000000001,0.0
-3.974999999999998,-79.92500000000001,0.0
-3.8749999999999982,-79.92500000000001,0.0
0.8250000000000028,-79.92500000000001,0.0
0.875,-79.92500000000001,0.0
2.6250000000000036,-79.92500000000001,0.0
2.6750000000000007,-79.92500000000001,0.0
-11.224999999999998,-79.97500000000001,0.0
-11.174999999999999,-79.97500000000001,0.0
-5.124999999999998,-79.97500000000001,0.0
-5.074999999999999,-79.97500000000001,0.0
-5.024999999999999,-79.97500000000001,0.0
-4.974999999999998,-79.97500000000001,0.0
-4.924999999999999,-79.97500000000001,0.0
-4.874999999999998,-79.97500000000001,0.0
-4.824999999999999,-79.97500000000001,0.0
-4.774999999999999,-79.97500000000001,0.0
-4.724999999999998,-79.97500000000001,0.0
-4.674999999999999,-79.97500000000001,0.0
-4.624999999999998,-79.97500000000001,0.0
-4.574999999999999,-79.97500000000001,0.0
-4.524999999999999,-79.97500000000001,0.0
-4.474999999999998,-79.97500000000001,0.0
-4.424999999999999,-79.97500000000001,0.0
-4.374999999999998,-79.97500000000001,0.0
-4.324999999999999,-79.97500000000001,0.0
-4.274999999999999,-79.97500000000001,0.0
0.7750000000000021,-79.97500000000001,0.0
0.8250000000000028,-79.97500000000001,0.0
0.875,-79.97500000000001,0.0
2.575000000000003,-79.97500000000001,0.0
2.6250000000000036,-79.97500000000001,0.0
2.6750000000000007,-79.97500000000001,0.0
-11.174999999999999,-80.025,0.0
-5.474999999999998,-80.025,0.0
-5.424999999999999,-80.025,0.0
-5.374999999999998,-80.025,0.0
-5.324999999999999,-80.025,0.0
-5.274999999999999,-80.025,0.0
-5.224999999999998,-80.025,0.0
-5.174999999999999,-80.025,0.0
-5.124999999999998,-80.025,0.0
-5.074999999999999,-80.025,0.0
-5.024999999999999,-80.025,0.0
-4.974999999999998,-80.025,0.0
-4.924999999999999,-80.025,0.0
-4.874999999999998,-80.025,0.0
-4.774999999999999,-80.025,0.0
-4.724999999999998,-80.025,0.0
-4.674999999999999,-80.025,0.0
-4.624999999999998,-80.025,0.0
-4.574999999999999,-80.025,0.0
0.7750000000000021,-80.025,0.0
0.8250000000000028,-80.025,0.0
2.575000000000003,-80.025,0.0
2.6250000000000036,-80.025,0.0
2.6750000000000007,-80.025,0.0
-11.174999999999999,-80.075,0.0
-11.125,-80.075,0.0
-10.474999999999998,-80.075,0.0
-5.874999999999998,-80.075,0.0
-5.824999999999999,-80.075,0.0
-5.774999999999999,-80.075,0.0
-5.724999999999998,-80.075,0.0
-5.674999999999999,-80.075,0.0
-5.624999999999998,-80.075,0.0
-5.574999999999999,-80.075,0.0
-5.524999999999999,-80.075,0.0
-5.474999999999998,-80.075,0.0
-5.424999999999999,-80.075,0.0
-5.374999999999998,-80.075,0.0
-5.324999999999999,-80.075,0.0
-5.124999999999998,-80.075,0.0
-5.074999999999999,-80.075,0.0
-5.024999999999999,-80.075,0.0
-4.974999999999998,-80.075,0.0
-4.924999999999999,-80.075,0.0
-4.874999999999998,-80.075,0.0
-4.824999999999999,-80.075,0.0
0.7750000000000021,-80.075,0.0
0.8250000000000028,-80.075,0.0
2.575000000000003,-80.075,0.0
2.6250000000000036,-80.075,0.0
-11.174999999999999,-80.125,0.0
-11.125,-80.125,0.0
-10.524999999999999,-80.125,0.0
-10.474999999999998,-80.125,0.0
-6.174999999999999,-80.125,0.0
-6.124999999999998,-80.125,0.0
-6.074999999999999,-80.125,0.0
-6.024999999999999,-80.125,0.0
-5.974999999999998,-80.125,0.0
-5.924999999999999,-80.125,0.0
-5.874999999999998,-80.125,0.0
-5.824999999999999,-80.125,0.0
-5.774999999999999,-80.125,0.0
-5.724999999999998,-80.125,0.0
-5.674999999999999,-80.125,0.0
-5.274999999999999,-80.125,0.0
-5.224999999999998,-80.125,0.0
-5.174999999999999,-80.125,0.0
-5.124999999999998,-80.125,0.0
0.7750000000000021,-80.125,0.0
0.8250000000000028,-80.125,0.0
2.575000000000003,-80.125,0.0
2.6250000000000036,-80.125,0.0
-11.174999999999999,-80.17500000000001,0.0
-11.125,-80.17500000000001,0.0
-6.574999999999999,-80.17500000000001,0.0
-6.524999999999999,-80.17500000000001,0.0
-6.474999999999998,-80.17500000000001,0.0
-6.424999999999999,-80.17500000000001,0.0
-6.374999999999998,-80.17500000000001,0.0
-6.324999999999999,-80.17500000000001,0.0
-6.274999999999999,-80.17500000000001,0.0
-6.224999999999998,-80.17500000000001,0.0
-6.174999999999999,-80.17500000000001,0.0
-6.124999999999998,-80.17500000000001,0.0
-6.074999999999999,-80.17500000000001,0.0
-6.024999999999999,-80.17500000000001,0.0
0.7750000000000021,-80.17500000000001,0.0
0.8250000000000028,-80.17500000000001,0.0
2.575000000000003,-80.17500000000001,0.0
2.6250000000000036,-80.17500000000001,0.0
-11.174999999999999,-80.22500000000001,0.0
-11.125,-80.22500000000001,0.0
-6.974999999999998,-80.22500000000001,0.0
-6.924999999999999,-80.22500000000001,0.0
-6.874999999999998,-80.22500000000001,0.0
-6.824999999999999,-80.22500000000001,0.0
-6.774999999999999,-80.22500000000001,0.0
-6.724999999999998,-80.22500000000001,0.0
-6.674999999999999,-80.22500000000001,0.0
-6.624999999999998,-80.22500000000001,0.0
-6.574999999999999,-80.22500000000001,0.0
-6.524999999999999,-80.22500000000001,0.0
-6.474999999999998,-80.22500000000001,0.0
-6.424999999999999,-80.22500000000001,0.0
-6.374999999999998,-80.22500000000001,0.0
0.7250000000000014,-80.22500000000001,0.0
0.7750000000000021,-80.22500000000001,0.0
0.8250000000000028,-80.22500000000001,0.0
2.575000000000003,-80.22500000000001,0.0
2.6250000000000036,-80.22500000000001,0.0
-11.375,-80.275,0.0
-11.325,-80.275,0.0
-11.274999999999999,-80.275,0.0
-11.224999999999998,-80.275,0.0
-11.174999999999999,-80.275,0.0
-11.125,-80.275,0.0
-7.374999999999998,-80.275,0.0
-7.324999999999999,-80.275,0.0
-7.274999999999999,-80.275,0.0
-7.225,-80.275,0.0
-7.174999999999999,-80.275,0.0
-7.124999999999998,-80.275,0.0
-7.074999999999999,-80.275,0.0
-7.024999999999999,-80.275,0.0
-6.974999999999998,-80.275,0.0
-6.924999999999999,-80.275,0.0
-6.874999999999998,-80.275,0.0
-6.824999999999999,-80.275,0.0
-6.774999999999999,-80.275,0.0
0.7250000000000014,-80.275,0.0
0.7750000000000021,-80.275,0.0
0.8250000000000028,-80.275,0.0
2.525000000000002,-80.275,0.0
2.575000000000003,-80.275,0.0
2.6250000000000036,-80.275,0.0
-11.674999999999999,-80.325,0.0
-11.625,-80.325,0.0
-11.575,-80.325,0.0
-11.524999999999999,-80.325,0.0
-11.474999999999998,-80.325,0.0
-11.424999999999999,-80.325,0.0
-11.375,-80.325,0.0
-11.325,-80.325,0.0
-11.274999999999999,-80.325,0.0
-11.224999999999998,-80.325,0.0
-11.174999999999999,-80.325,0.0
-11.125,-80.325,0.0
-11.075,-80.325,0.0
-10.474999999999998,-80.325,0.0
-7.725,-80.325,0.0
-7.674999999999999,-80.325,0.0
-7.624999999999998,-80.325,0.0
-7.574999999999999,-80.325,0.0
-7.524999999999999,-80.325,0.0
-7.475,-80.325,0.0
-7.424999999999999,-80.325,0.0
-7.374999999999998,-80.325,0.0
-7.324999999999999,-80.325,0.0
-7.274999999999999,-80.325,0.0
-7.225,-80.325,0.0
-7.174999999999999,-80.325,0.0
0.7250000000000014,-80.325,0.0
0.7750000000000021,-80.325,0.0
2.525000000000002,-80.325,0.0
2.575000000000003,-80.325,0.0
2.6250000000000036,-80.325,0.0
-11.974999999999998,-80.375,0.0
-11.924999999999999,-80.375,0.0
-11.875,-80.375,0.0
-11.825,-80.375,0.0
-11.774999999999999,-80.375,0.0
-11.724999999999998,-80.375,0.0
-11.674999999999999,-80.375,0.0
-11.625,-80.375,0.0
-11.575,-80.375,0.0
-11.524999999999999,-80.375,0.0
-11.474999999999998,-80.375,0.0
-11.424999999999999,-80.375,0.0
-11.375,-80.375,0.0
-11.325,-80.375,0.0
-11.274999999999999,-80.375,0.0
-11.224999999999998,-80.375,0.0
-11.174999999999999,-80.375,0.0
-11.125,-80.375,0.0
-10.474999999999998,-80.375,0.0
-8.075,-80.375,0.0
-8.024999999999999,-80.375,0.0
-7.975,-80.375,0.0
-7.924999999999999,-80.375,0.0
-7.874999999999998,-80.375,0.0
-7.824999999999999,-80.375,0.0
-7.774999999999999,-80.375,0.0
-7.725,-80.375,0.0
-7.674999999999999,-80.375,0.0
-7.624999999999998,-80.375,0.0
-7.574999999999999,-80.375,0.0
-7.524999999999999,-80.375,0.0
-7.475,-80.375,0.0
-6.974999999999998,-80.375,0.0
0.7250000000000014,-80.375,0.0
0.7750000000000021,-80.375,0.0
2.525000000000002,-80.375,0.0
2.575000000000003,-80.375,0.0
-12.125,-80.42500000000001,0.0
-12.075,-80.42500000000001,0.0
-12.024999999999999,-80.42500000000001,0.0
-11.974999999999998,-80.42500000000001,0.0
-11.924999999999999,-80.42500000000001,0.0
-11.875,-80.42500000000001,0.0
-11.825,-80.42500000000001,0.0
-11.774999999999999,-80.42500000000001,0.0
-11.724999999999998,-80.42500000000001,0.0
-11.674999999999999,-80.42500000000001,0.0
-11.625,-80.42500000000001,0.0
-11.575,-80.42500000000001,0.0
-11.524999999999999,-80.42500000000001,0.0
-11.474999999999998,-80.42500000000001,0.0
-11.424999999999999,-80.42500000000001,0.0
-11.174999999999999,-80.42500000000001,0.0
-11.125,-80.42500000000001,0.0
-10.474999999999998,-80.42500000000001,0.0
-8.524999999999999,-80.42500000000001,0.0
-8.475,-80.42500000000001,0.0
-8.424999999999999,-80.42500000000001,0.0
-8.374999999999998,-80.42500000000001,0.0
-8.325,-80.42500000000001,0.0
-8.274999999999999,-80.42500000000001,0.0
-8.225,-80.42500000000001,0.0
-8.174999999999999,-80.42500000000001,0.0
-8.124999999999998,-80.42500000000001,0.0
-8.075,-80.42500000000001,0.0
-8.024999999999999,-80.42500000000001,0.0
-7.975,-80.42500000000001,0.0
-7.924999999999999,-80.42500000000001,0.0
-7.874999999999998,-80.42500000000001,0.0
-7.824999999999999,-80.42500000000001,0.0
-7.225,-80.42500000000001,0.0
-7.074999999999999,-80.42500000000001,0.0
-7.024999999999999,-80.42500000000001,0.0
0.7250000000000014,-80.42500000000001,0.0
0.7750000000000021,-80.42500000000001,0.0
2.525000000000002,-80.42500000000001,0.0
2.575000000000003,-80.42500000000001,0.0
2.6250000000000036,-80.42500000000001,0.0
-12.375,-80.47500000000001,0.0
-12.325,-80.47500000000001,0.0
-12.274999999999999,-80.47500000000001,0.0
-12.224999999999998,-80.47500000000001,0.0
-12.174999999999999,-80.47500000000001,0.0
-12.125,-80.47500000000001,0.0
-12.075,-80.47500000000001,0.0
-12.024999999999999,-80.47500000000001,0.0
-11.974999999999998,-80.47500000000001,0.0
-11.924999999999999,-80.47500000000001,0.0
-11.875,-80.47500000000001,0.0
-11.825,-80.47500000000001,0.0
-11.774999999999999,-80.47500000000001,0.0
-11.724999999999998,-80.47500000000001,0.0
-11.674999999999999,-80.47500000000001,0.0
-11.625,-80.47500000000001,0.0
-11.575,-80.47500000000001,0.0
-11.524999999999999,-80.47500000000001,0.0
-11.474999999999998,-80.47500000000001,0.0
-11.375,-80.47500000000001,0.0
-11.125,-80.47500000000001,0.0
-11.075,-80.47500000000001,0.0
-8.974999999999998,-80.47500000000001,0.0
-8.924999999999999,-80.47500000000001,0.0
-8.875,-80.47500000000001,0.0
-8.825,-80.47500000000001,0.0
-8.774999999999999,-80.47500000000001,0.0
-8.724999999999998,-80.47500000000001,0.0
-8.674999999999999,-80.47500000000001,0.0
-8.624999999999998,-80.47500000000001,0.0
-8.575,-80.47500000000001,0.0
-8.524999999999999,-80.47500000000001,0.0
-8.475,-80.47500000000001,0.0
-8.424999999999999,-80.47500000000001,0.0
-8.374999999999998,-80.47500000000001,0.0
-8.325,-80.47500000000001,0.0
-8.274999999999999,-80.47500000000001,0.0
-8.225,-80.47500000000001,0.0
-8.174999999999999,-80.47500000000001,0.0
-8.124999999999998,-80.47500000000001,0.0
0.7250000000000014,-80.47500000000001,0.0
0.7750000000000021,-80.47500000000001,0.0
2.525000000000002,-80.47500000000001,0.0
2.575000000000003,-80.47500000000001,0.0
2.6250000000000036,-80.47500000000001,0.0
-12.625,-80.525,0.0
-12.575,-80.525,0.0
-12.524999999999999,-80.525,0.0
-12.474999999999998,-80.525,0.0
-12.424999999999999,-80.525,0.0
-12.375,-80.525,0.0
-12.325,-80.525,0.0
-12.274999999999999,-80.525,0.0
-12.224999999999998,-80.525,0.0
-12.174999999999999,-80.525,0.0
-12.125,-80.525,0.0
-12.075,-80.525,0.0
-12.024999999999999,-80.525,0.0
-11.974999999999998,-80.525,0.0
-11.924999999999999,-80.525,0.0
-11.875,-80.525,0.0
-11.825,-80.525,0.0
-11.774999999999999,-80.525,0.0
-11.724999999999998,-80.525,0.0
-11.674999999999999,-80.525,0.0
-11.625,-80.525,0.0
-11.575,-80.525,0.0
-11.524999999999999,-80.525,0.0
-11.474999999999998,-80.525,0.0
-11.424999999999999,-80.525,0.0
-11.375,-80.525,0.0
-11.325,-80.525,0.0
-11.274999999999999,-80.525,0.0
-11.224999999999998,-80.525,0.0
-11.174999999999999,-80.525,0.0
-11.125,-80.525,0.0
-11.075,-80.525,0.0
-11.024999999999999,-80.525,0.0
-10.974999999999998,-80.525,0.0
-9.174999999999999,-80.525,0.0
-9.125,-80.525,0.0
-9.075,-80.525,0.0
-9.024999999999999,-80.525,0.0
-8.974999999999998,-80.525,0.0
-8.924999999999999,-80.525,0.0
-8.875,-80.525,0.0
-8.825,-80.525,0.0
-8.774999999999999,-80.525,0.0
-8.724999999999998,-80.525,0.0
-8.674999999999999,-80.525,0.0
-8.524999999999999,-80.525,0.0
-8.475,-80.525,0.0
-8.424999999999999,-80.525,0.0
-7.424999999999999,-80.525,0.0
-7.374999999999998,-80.525,0.0
0.7250000000000014,-80.525,0.0
0.7750000000000021,-80.525,0.0
2.575000000000003,-80.525,0.0
2.6250000000000036,-80.525,0.0
-12.975,-80.575,0.0
-12.875,-80.575,0.0
-12.825,-80.575,0.0
-12.774999999999999,-80.575,0.0
-12.725,-80.575,0.0
-12.674999999999999,-80.575,0.0
-12.625,-80.575,0.0
-12.575,-80.575,0.0
-12.524999999999999,-80.575,0.0
-12.474999999999998,-80.575,0.0
-12.424999999999999,-80.575,0.0
-12.375,-80.575,0.0
-12.325,-80.575,0.0
-12.274999999999999,-80.575,0.0
-12.224999999999998,-80.575,0.0
-12.174999999999999,-80.575,0.0
-12.125,-80.575,0.0
-12.075,-80.575,0.0
-12.024999999999999,-80.575,0.0
-11.974999999999998,-80.575,0.0
-11.924999999999999,-80.575,0.0
-11.875,-80.575,0.0
-11.825,-80.575,0.0
-11.774999999999999,-80.575,0.0
-11.724999999999998,-80.575,0.0
-11.674999999999999,-80.575,0.0
-11.625,-80.575,0.0
-11.575,-80.575,0.0
-11.524999999999999,-80.575,0.0
-11.474999999999998,-80.575,0.0
-11.424999999999999,-80.575,0.0
-11.375,-80.575,0.0
-11.325,-80.575,0.0
-11.274999999999999,-80.575,0.0
-11.075,-80.575,0.0
-11.024999999999999,-80.575,0.0
-10.924999999999999,-80.575,0.0
-10.724999999999998,-80.575,0.0
-10.674999999999999,-80.575,0.0
-9.174999999999999,-80.575,0.0
-9.125,-80.575,0.0
-9.075,-80.575,0.0
-9.024999999999999,-80.575,0.0
-8.875,-80.575,0.0
0.6750000000000007,-80.575,0.0
0.7250000000000014,-80.575,0.0
2.575000000000003,-80.575,0.0
2.6250000000000036,-80.575,0.0
2.6750000000000007,-80.575,0.0
-13.375,-80.625,0.0
-13.325,-80.625,0.0
-13.274999999999999,-80.625,0.0
-13.174999999999999,-80.625,0.0
-13.125,-80.625,0.0
-13.075,-80.625,0.0
-13.024999999999999,-80.625,0.0
-12.975,-80.625,0.0
-12.924999999999999,-80.625,0.0
-12.875,-80.625,0.0
-12.825,-80.625,0.0
-12.774999999999999,-80.625,0.0
-12.725,-80.625,0.0
-12.674999999999999,-80.625,0.0
-12.625,-80.625,0.0
-12.575,-80.625,0.0
-12.524999999999999,-80.625,0.0
-12.474999999999998,-80.625,0.0
-12.424999999999999,-80.625,0.0
-12.375,-80.625,0.0
-12.325,-80.625,0.0
-12.274999999999999,-80.625,0.0
-12.224999999999998,-80.625,0.0
-12.174999999999999,-80.625,0.0
-12.125,-80.625,0.0
-12.075,-80.625,0.0
-12.024999999999999,-80.625,0.0
-11.974999999999998,-80.625,0.0
-11.924999999999999,-80.625,0.0
-11.875,-80.625,0.0
-11.825,-80.625,0.0
-11.774999999999999,-80.625,0.0
-11.724999999999998,-80.625,0.0
-11.674999999999999,-80.625,0.0
-11.625,-80.625,0.0
-9.174999999999999,-80.625,0.0
-9.125,-80.625,0.0
-7.524999999999999,-80.625,0.0
0.6750000000000007,-80.625,0.0
0.7250000000000014,-80.625,0.0
2.575000000000003,-80.625,0.0
2.6250000000000036,-80.625,0.0
-13.725,-80.67500000000001,0.0
-13.674999999999999,-80.67500000000001,0.0
-13.625,-80.67500000000001,0.0
-13.575,-80.67500000000001,0.0
-13.524999999999999,-80.67500000000001,0.0
-13.475,-80.67500000000001,0.0
-13.424999999999999,-80.67500000000001,0.0
-13.375,-80.67500000000001,0.0
-13.325,-80.67500000000001,0.0
-13.274999999999999,-80.67500000000001,0.0
-13.225,-80.67500000000001,0.0
-13.174999999999999,-80.67500000000001,0.0
-13.125,-80.67500000000001,0.0
-13.075,-80.67500000000001,0.0
-13.024999999999999,-80.67500000000001,0.0
-12.975,-80.67500000000001,0.0
-12.924999999999999,-80.67500000000001,0.0
-12.875,-80.67500000000001,0.0
-12.825,-80.67500000000001,0.0
-12.774999999999999,-80.67500000000001,0.0
-12.725,-80.67500000000001,0.0
-12.674999999999999,-80.67500000000001,0.0
-12.625,-80.67500000000001,0.0
-12.575,-80.67500000000001,0.0
-12.524999999999999,-80.67500000000001,0.0
-12.474999999999998,-80.67500000000001,0.0
-12.424999999999999,-80.67500000000001,0.0
-12.375,-80.67500000000001,0.0
-12.325,-80.67500000000001,0.0
-12.274999999999999,-80.67500000000001,0.0
-9.174999999999999,-80.67500000000001,0.0
-9.125,-80.67500000000001,0.0
-7.374999999999998,-80.67500000000001,0.0
0.6750000000000007,-80.67500000000001,0.0
0.7250000000000014,-80.67500000000001,0.0
2.575000000000003,-80.67500000000001,0.0
2.6250000000000036,-80.67500000000001,0.0
-15.024999999999999,-80.72500000000001,0.0
-14.924999999999999,-80.72500000000001,0.0
-14.875,-80.72500000000001,0.0
-14.825,-80.72500000000001,0.0
-14.774999999999999,-80.72500000000001,0.0
-14.725,-80.72500000000001,0.0
-14.674999999999999,-80.72500000000001,0.0
-14.625,-80.72500000000001,0.0
-14.575,-80.72500000000001,0.0
-14.524999999999999,-80.72500000000001,0.0
-14.475,-80.72500000000001,0.0
-14.424999999999999,-80.72500000000001,0.0
-14.375,-80.72500000000001,0.0
-14.325,-80.72500000000001,0.0
-14.274999999999999,-80.72500000000001,0.0
-14.225,-80.72500000000001,0.0
-14.174999999999999,-80.72500000000001,0.0
-14.125,-80.72500000000001,0.0
-14.075,-80.72500000000001,0.0
-14.024999999999999,-80.72500000000001,0.0
-13.975,-80.72500000000001,0.0
-13.924999999999999,-80.72500000000001,0.0
-13.875,-80.72500000000001,0.0
-13.825,-80.72500000000001,0.0
-13.774999999999999,-80.72500000000001,0.0
-13.725,-80.72500000000001,0.0
-13.674999999999999,-80.72500000000001,0.0
-13.625,-80.72500000000001,0.0
-13.575,-80.72500000000001,0.0
-13.524999999999999,-80.72500000000001,0.0
-13.475,-80.72500000000001,0.0
-13.424999999999999,-80.72500000000001,0.0
-13.375,-80.72500000000001,0.0
-13.325,-80.72500000000001,0.0
-13.274999999999999,-80.72500000000001,0.0
-13.225,-80.72500000000001,0.0
-13.174999999999999,-80.72500000000001,0.0
-13.125,-80.72500000000001,0.0
-13.075,-80.72500000000001,0.0
-13.024999999999999,-80.72500000000001,0.0
-12.975,-80.72500000000001,0.0
-12.924999999999999,-80.72500000000001,0.0
-12.875,-80.72500000000001,0.0
-9.174999999999999,-80.72500000000001,0.0
-9.125,-80.72500000000001,0.0
0.6750000000000007,-80.72500000000001,0.0
0.7250000000000014,-80.72500000000001,0.0
2.575000000000003,-80.72500000000001,0.0
2.6250000000000036,-80.72500000000001,0.0
2.6750000000000007,-80.72500000000001,0.0
-15.174999999999999,-80.775,0.0
-15.125,-80.775,0.0
-15.075,-80.775,0.0
-15.024999999999999,-80.775,0.0
-14.975,-80.775,0.0
-14.924999999999999,-80.775,0.0
-14.875,-80.775,0.0
-14.825,-80.775,0.0
-14.774999999999999,-80.775,0.0
-14.725,-80.775,0.0
-14.674999999999999,-80.775,0.0
-14.625,-80.775,0.0
-14.575,-80.775,0.0
-14.524999999999999,-80.775,0.0
-14.475,-80.775,0.0
-14.424999999999999,-80.775,0.0
-14.375,-80.775,0.0
-14.325,-80.775,0.0
-14.274999999999999,-80.775,0.0
-14.225,-80.775,0.0
-14.174999999999999,-80.775,0.0
-14.125,-80.775,0.0
-14.075,-80.775,0.0
-14.024999999999999,-80.775,0.0
-13.975,-80.775,0.0
-13.924999999999999,-80.775,0.0
-13.875,-80.775,0.0
-13.825,-80.775,0.0
-13.774999999999999,-80.775,0.0
-13.725,-80.775,0.0
-13.674999999999999,-80.775,0.0
-13.625,-80.775,0.0
-13.575,-80.775,0.0
-13.524999999999999,-80.775,0.0
-13.475,-80.775,0.0
-13.424999999999999,-80.775,0.0
-9.125,-80.775,0.0
-9.075,-80.775,0.0
-7.424999999999999,-80.775,0.0
0.6750000000000007,-80.775,0.0
0.7250000000000014,-80.775,0.0
2.575000000000003,-80.775,0.0
2.6250000000000036,-80.775,0.0
-15.174999999999999,-80.825,0.0
-15.125,-80.825,0.0
-15.075,-80.825,0.0
-15.024999999999999,-80.825,0.0
-14.975,-80.825,0.0
-14.924999999999999,-80.825,0.0
-14.875,-80.825,0.0
-14.825,-80.825,0.0
-14.774999999999999,-80.825,0.0
-14.725,-80.825,0.0
-14.674999999999999,-80.825,0.0
-14.625,-80.825,0.0
-14.575,-80.825,0.0
-14.524999999999999,-80.825,0.0
-14.475,-80.825,0.0
-14.424999999999999,-80.825,0.0
-14.375,-80.825,0.0
-14.325,-80.825,0.0
-14.274999999999999,-80.825,0.0
-14.225,-80.825,0.0
-14.174999999999999,-80.825,0.0
-14.125,-80.825,0.0
-14.075,-80.825,0.0
-14.024999999999999,-80.825,0.0
-13.975,-80.825,0.0
-13.924999999999999,-80.825,0.0
-13.875,-80.825,0.0
-13.825,-80.825,0.0
-9.125,-80.825,0.0
-9.075,-80.825,0.0
-7.574999999999999,-80.825,0.0
-7.475,-80.825,0.0
-7.074999999999999,-80.825,0.0
0.6750000000000007,-80.825,0.0
0.7250000000000014,-80.825,0.0
2.525000000000002,-80.825,0.0
2.575000000000003,-80.825,0.0
2.6250000000000036,-80.825,0.0
-15.225,-80.875,0.0
-15.174999999999999,-80.875,0.0
-15.125,-80.875,0.0
-15.075,-80.875,0.0
-15.024999999999999,-80.875,0.0
-14.975,-80.875,0.0
-14.924999999999999,-80.875,0.0
-14.875,-80.875,0.0
-14.825,-80.875,0.0
-14.774999999999999,-80.875,0.0
-14.725,-80.875,0.0
-14.674999999999999,-80.875,0.0
-14.625,-80.875,0.0
-14.575,-80.875,0.0
-14.524999999999999,-80.875,0.0
-14.475,-80.875,0.0
-14.424999999999999,-80.875,0.0
-14.375,-80.875,0.0
-14.325,-80.875,0.0
-14.274999999999999,-80.875,0.0
-14.225,-80.875,0.0
-14.174999999999999,-80.875,0.0
-9.125,-80.875,0.0
-9.075,-80.875,0.0
-7.624999999999998,-80.875,0.0
-7.424999999999999,-80.875,0.0
0.625,-80.875,0.0
0.6750000000000007,-80.875,0.0
2.525000000000002,-80.875,0.0
2.575000000000003,-80.875,0.0
2.6250000000000036,-80.875,0.0
-15.274999999999999,-80.92500000000001,0.0
-15.225,-80.92500000000001,0.0
-15.174999999999999,-80.92500000000001,0.0
-15.125,-80.92500000000001,0.0
-15.075,-80.92500000000001,0.0
-15.024999999999999,-80.92500000000001,0.0
-14.975,-80.92500000000001,0.0
-14.924999999999999,-80.92500000000001,0.0
-14.875,-80.92500000000001,0.0
-14.825,-80.92500000000001,0.0
-14.774999999999999,-80.92500000000001,0.0
-14.725,-80.92500000000001,0.0
-14.674999999999999,-80.92500000000001,0.0
-14.625,-80.92500000000001,0.0
-14.575,-80.92500000000001,0.0
-9.125,-80.92500000000001,0.0
-9.075,-80.92500000000001,0.0
-9.024999999999999,-80.92500000000001,0.0
-7.624999999999998,-80.92500000000001,0.0
0.625,-80.92500000000001,0.0
0.6750000000000007,-80.92500000000001,0.0
2.525000000000002,-80.92500000000001,0.0
2.575000000000003,-80.92500000000001,0.0
2.6250000000000036,-80.92500000000001,0.0
-15.274999999999999,-80.97500000000001,0.0
-15.225,-80.97500000000001,0.0
-15.174999999999999,-80.97500000000001,0.0
-15.125,-80.97500000000001,0.0
-15.075,-80.97500000000001,0.0
-15.024999999999999,-80.97500000000001,0.0
-14.975,-80.97500000000001,0.0
-14.924999999999999,-80.97500000000001,0.0
-14.875,-80.97500000000001,0.0
-9.125,-80.97500000000001,0.0
-9.075,-80.97500000000001,0.0
-9.024999999999999,-80.97500000000001,0.0
-7.624999999999998,-80.97500000000001,0.0
-7.424999999999999,-80.97500000000001,0.0
0.625,-80.97500000000001,0.0
0.6750000000000007,-80.97500000000001,0.0
2.525000000000002,-80.97500000000001,0.0
2.575000000000003,-80.97500000000001,0.0
-15.274999999999999,-81.025,0.0
-15.225,-81.025,0.0
-15.174999999999999,-81.025,0.0
-15.125,-81.025,0.0
-9.125,-81.025,0.0
-9.075,-81.025,0.0
-9.024999999999999,-81.025,0.0
-8.974999999999998,-81.025,0.0
-8.024999999999999,-81.025,0.0
-7.874999999999998,-81.025,0.0
-7.824999999999999,-81.025,0.0
-7.725,-81.025,0.0
-7.674999999999999,-81.025,0.0
-7.574999999999999,-81.025,0.0
-7.374999999999998,-81.025,0.0
0.625,-81.025,0.0
0.6750000000000007,-81.025,0.0
2.525000000000002,-81.025,0.0
2.575000000000003,-81.025,0.0
-15.274999999999999,-81.075,0.0
-15.225,-81.075,0.0
-15.174999999999999,-81.075,0.0
-15.125,-81.075,0.0
-9.125,-81.075,0.0
-9.075,-81.075,0.0
-9.024999999999999,-81.075,0.0
-8.974999999999998,-81.075,0.0
-8.124999999999998,-81.075,0.0
-8.075,-81.075,0.0
-8.024999999999999,-81.075,0.0
-7.975,-81.075,0.0
-7.924999999999999,-81.075,0.0
-7.874999999999998,-81.075,0.0
-7.524999999999999,-81.075,0.0
-7.475,-81.075,0.0
-7.374999999999998,-81.075,0.0
-7.324999999999999,-81.075,0.0
0.5750000000000028,-81.075,0.0
0.625,-81.075,0.0
0.6750000000000007,-81.075,0.0
2.4750000000000014,-81.075,0.0
2.525000000000002,-81.075,0.0
2.575000000000003,-81.075,0.0
-15.274999999999999,-81.125,0.0
-15.225,-81.125,0.0
-15.174999999999999,-81.125,0.0
-15.125,-81.125,0.0
-14.725,-81.125,0.0
-9.075,-81.125,0.0
-8.974999999999998,-81.125,0.0
-8.325,-81.125,0.0
-8.225,-81.125,0.0
-8.124999999999998,-81.125,0.0
-8.075,-81.125,0.0
-8.024999999999999,-81.125,0.0
-7.975,-81.125,0.0
-7.725,-81.125,0.0
-7.674999999999999,-81.125,0.0
-7.624999999999998,-81.125,0.0
-7.574999999999999,-81.125,0.0
-7.524999999999999,-81.125,0.0
-7.475,-81.125,0.0
-7.424999999999999,-81.125,0.0
-7.374999999999998,-81.125,0.0
-7.324999999999999,-81.125,0.0
0.5750000000000028,-81.125,0.0
0.625,-81.125,0.0
0.6750000000000007,-81.125,0.0
2.4750000000000014,-81.125,0.0
2.525000000000002,-81.125,0.0
2.575000000000003,-81.125,0.0
-15.325,-81.17500000000001,0.0
-15.274999999999999,-81.17500000000001,0.0
-15.225,-81.17500000000001,0.0
-15.174999999999999,-81.17500000000001,0.0
-15.125,-81.17500000000001,0.0
-9.075,-81.17500000000001,0.0
-8.974999999999998,-81.17500000000001,0.0
-8.724999999999998,-81.17500000000001,0.0
-8.674999999999999,-81.17500000000001,0.0
-8.624999999999998,-81.17500000000001,0.0
-8.575,-81.17500000000001,0.0
-8.524999999999999,-81.17500000000001,0.0
-8.475,-81.17500000000001,0.0
-8.424999999999999,-81.17500000000001,0.0
-8.374999999999998,-81.17500000000001,0.0
-8.325,-81.17500000000001,0.0
-8.274999999999999,-81.17500000000001,0.0
-8.075,-81.17500000000001,0.0
-8.024999999999999,-81.17500000000001,0.0
-7.975,-81.17500000000001,0.0
-7.924999999999999,-81.17500000000001,0.0
-7.874999999999998,-81.17500000000001,0.0
-7.824999999999999,-81.17500000000001,0.0
-7.774999999999999,-81.17500000000001,0.0
-7.725,-81.17500000000001,0.0
-7.674999999999999,-81.17500000000001,0.0
-7.624999999999998,-81.17500000000001,0.0
-7.574999999999999,-81.17500000000001,0.0
-7.524999999999999,-81.17500000000001,0.0
-7.475,-81.17500000000001,0.0
-7.424999999999999,-81.17500000000001,0.0
-7.374999999999998,-81.17500000000001,0.0
-7.324999999999999,-81.17500000000001,0.0
0.5750000000000028,-81.17500000000001,0.0
0.625,-81.17500000000001,0.0
2.4750000000000014,-81.17500000000001,0.0
2.525000000000002,-81.17500000000001,0.0
-15.325,-81.225,0.0
-15.274999999999999,-81.225,0.0
-15.225,-81.225,0.0
-15.174999999999999,-81.225,0.0
-15.125,-81.225,0.0
-14.774999999999999,-81.225,0.0
-9.075,-81.225,0.0
-9.024999999999999,-81.225,0.0
-8.974999999999998,-81.225,0.0
-8.924999999999999,-81.225,0.0
-8.774999999999999,-81.225,0.0
-8.724999999999998,-81.225,0.0
-8.674999999999999,-81.225,0.0
-8.624999999999998,-81.225,0.0
-8.575,-81.225,0.0
-8.524999999999999,-81.225,0.0
-8.475,-81.225,0.0
-8.424999999999999,-81.225,0.0
-8.325,-81.225,0.0
-8.274999999999999,-81.225,0.0
-8.225,-81.225,0.0
-8.174999999999999,-81.225,0.0
-8.124999999999998,-81.225,0.0
-8.075,-81.225,0.0
-8.024999999999999,-81.225,0.0
-7.975,-81.225,0.0
-7.924999999999999,-81.225,0.0
-7.874999999999998,-81.225,0.0
-7.824999999999999,-81.225,0.0
-7.774999999999999,-81.225,0.0
-7.725,-81.225,0.0
-7.674999999999999,-81.225,0.0
-7.624999999999998,-81.225,0.0
-7.574999999999999,-81.225,0.0
-7.524999999999999,-81.225,0.0
-7.475,-81.225,0.0
-7.424999999999999,-81.225,0.0
-7.374999999999998,-81.225,0.0
-7.324999999999999,-81.225,0.0
0.5750000000000028,-81.225,0.0
0.625,-81.225,0.0
2.4750000000000014,-81.225,0.0
2.525000000000002,-81.225,0.0
-15.274999999999999,-81.275,0.0
-15.225,-81.275,0.0
-15.174999999999999,-81.275,0.0
-15.125,-81.275,0.0
-9.075,-81.275,0.0
-9.024999999999999,-81.275,0.0
-8.974999999999998,-81.275,0.0
-8.924999999999999,-81.275,0.0
-8.724999999999998,-81.275,0.0
-8.674999999999999,-81.275,0.0
-8.624999999999998,-81.275,0.0
-8.575,-81.275,0.0
-8.524999999999999,-81.275,0.0
-8.475,-81.275,0.0
-8.424999999999999,-81.275,0.0
-8.374999999999998,-81.275,0.0
-8.325,-81.275,0.0
-8.274999999999999,-81.275,0.0
-8.225,-81.275,0.0
-8.174999999999999,-81.275,0.0
-8.124999999999998,-81.275,0.0
-8.075,-81.275,0.0
-8.024999999999999,-81.275,0.0
-7.975,-81.275,0.0
-7.924999999999999,-81.275,0.0
-7.874999999999998,-81.275,0.0
-7.824999999999999,-81.275,0.0
-7.774999999999999,-81.275,0.0
-7.374999999999998,-81.275,0.0
-7.324999999999999,-81.275,0.0
0.5750000000000028,-81.275,0.0
0.625,-81.275,0.0
2.4750000000000014,-81.275,0.0
2.525000000000002,-81.275,0.0
-15.274999999999999,-81.325,0.0
-15.225,-81.325,0.0
-15.174999999999999,-81.325,0.0
-15.125,-81.325,0.0
-12.924999999999999,-81.325,0.0
-10.825,-81.325,0.0
-9.075,-81.325,0.0
-9.024999999999999,-81.325,0.0
-8.974999999999998,-81.325,0.0
-8.924999999999999,-81.325,0.0
-8.875,-81.325,0.0
-8.825,-81.325,0.0
-8.774999999999999,-81.325,0.0
-8.724999999999998,-81.325,0.0
-8.674999999999999,-81.325,0.0
-8.624999999999998,-81.325,0.0
-8.575,-81.325,0.0
-8.524999999999999,-81.325,0.0
-8.475,-81.325,0.0
-8.424999999999999,-81.325,0.0
-8.374999999999998,-81.325,0.0
-8.325,-81.325,0.0
-8.274999999999999,-81.325,0.0
-8.225,-81.325,0.0
-7.374999999999998,-81.325,0.0
-7.324999999999999,-81.325,0.0
0.5750000000000028,-81.325,0.0
0.625,-81.325,0.0
2.4750000000000014,-81.325,0.0
2.525000000000002,-81.325,0.0
-15.325,-81.375,0.0
-15.274999999999999,-81.375,0.0
-15.225,-81.375,0.0
-15.174999999999999,-81.375,0.0
-15.125,-81.375,0.0
-15.075,-81.375,0.0
-12.924999999999999,-81.375,0.0
-10.825,-81.375,0.0
-9.075,-81.375,0.0
-9.024999999999999,-81.375,0.0
-8.974999999999998,-81.375,0.0
-8.924999999999999,-81.375,0.0
-8.875,-81.375,0.0
-8.825,-81.375,0.0
-8.774999999999999,-81.375,0.0
-8.724999999999998,-81.375,0.0
-8.674999999999999,-81.375,0.0
-8.624999999999998,-81.375,0.0
-7.324999999999999,-81.375,0.0
-7.274999999999999,-81.375,0.0
0.5250000000000021,-81.375,0.0
0.5750000000000028,-81.375,0.0
0.625,-81.375,0.0
2.325000000000003,-81.375,0.0
2.375,-81.375,0.0
2.4250000000000007,-81.375,0.0
2.4750000000000014,-81.375,0.0
2.525000000000002,-81.375,0.0
-15.325,-81.42500000000001,0.0
-15.274999999999999,-81.42500000000001,0.0
-15.225,-81.42500000000001,0.0
-15.174999999999999,-81.42500000000001,0.0
-15.125,-81.42500000000001,0.0
-15.075,-81.42500000000001,0.0
-9.625,-81.42500000000001,0.0
-9.075,-81.42500000000001,0.0
-9.024999999999999,-81.42500000000001,0.0
-8.974999999999998,-81.42500000000001,0.0
-8.924999999999999,-81.42500000000001,0.0
-7.324999999999999,-81.42500000000001,0.0
-7.274999999999999,-81.42500000000001,0.0
0.5250000000000021,-81.42500000000001,0.0
0.5750000000000028,-81.42500000000001,0.0
2.325000000000003,-81.42500000000001,0.0
2.375,-81.42500000000001,0.0
2.4250000000000007,-81.42500000000001,0.0
2.4750000000000014,-81.42500000000001,0.0
-15.325,-81.475,0.0
-15.274999999999999,-81.475,0.0
-15.225,-81.475,0.0
-15.174999999999999,-81.475,0.0
-15.125,-81.475,0.0
-15.075,-81.475,0.0
-14.225,-81.475,0.0
-10.625,-81.475,0.0
-9.674999999999999,-81.475,0.0
-9.625,-81.475,0.0
-9.575,-81.475,0.0
-9.075,-81.475,0.0
-9.024999999999999,-81.475,0.0
-8.974999999999998,-81.475,0.0
-8.924999999999999,-81.475,0.0
-7.324999999999999,-81.475,0.0
-7.274999999999999,-81.475,0.0
0.4750000000000014,-81.475,0.0
0.5250000000000021,-81.475,0.0
0.5750000000000028,-81.475,0.0
2.325000000000003,-81.475,0.0
2.375,-81.475,0.0
2.4250000000000007,-81.475,0.0
-15.325,-81.525,0.0
-15.274999999999999,-81.525,0.0
-15.225,-81.525,0.0
-15.174999999999999,-81.525,0.0
-15.125,-81.525,0.0
-15.075,-81.525,0.0
-10.625,-81.525,0.0
-9.674999999999999,-81.525,0.0
-9.625,-81.525,0.0
-9.575,-81.525,0.0
-7.324999999999999,-81.525,0.0
-7.274999999999999,-81.525,0.0
0.4750000000000014,-81.525,0.0
0.5250000000000021,-81.525,0.0
0.5750000000000028,-81.525,0.0
2.325000000000003,-81.525,0.0
2.375,-81.525,0.0
2.4250000000000007,-81.525,0.0
-15.274999999999999,-81.575,0.0
-15.225,-81.575,0.0
-15.174999999999999,-81.575,0.0
-15.125,-81.575,0.0
-15.075,-81.575,0.0
-10.674999999999999,-81.575,0.0
-10.625,-81.575,0.0
-7.324999999999999,-81.575,0.0
-7.274999999999999,-81.575,0.0
0.4750000000000014,-81.575,0.0
0.5250000000000021,-81.575,0.0
0.5750000000000028,-81.575,0.0
2.325000000000003,-81.575,0.0
2.375,-81.575,0.0
-15.274999999999999,-81.625,0.0
-15.225,-81.625,0.0
-15.174999999999999,-81.625,0.0
-15.125,-81.625,0.0
-15.075,-81.625,0.0
-10.674999999999999,-81.625,0.0
-10.625,-81.625,0.0
-7.324999999999999,-81.625,0.0
-7.274999999999999,-81.625,0.0
0.4750000000000014,-81.625,0.0
0.5250000000000021,-81.625,0.0
0.5750000000000028,-81.625,0.0
2.275000000000002,-81.625,0.0
2.325000000000003,-81.625,0.0
2.375,-81.625,0.0
-15.274999999999999,-81.67500000000001,0.0
-15.225,-81.67500000000001,0.0
-15.174999999999999,-81.67500000000001,0.0
-15.125,-81.67500000000001,0.0
-15.075,-81.67500000000001,0.0
-7.324999999999999,-81.67500000000001,0.0
-7.274999999999999,-81.67500000000001,0.0
0.4750000000000014,-81.67500000000001,0.0
0.5250000000000021,-81.67500000000001,0.0
0.5750000000000028,-81.67500000000001,0.0
2.275000000000002,-81.67500000000001,0.0
2.325000000000003,-81.67500000000001,0.0
2.375,-81.67500000000001,0.0
2.4750000000000014,-81.67500000000001,0.0
2.525000000000002,-81.67500000000001,0.0
-15.274999999999999,-81.725,0.0
-15.225,-81.725,0.0
-15.174999999999999,-81.725,0.0
-15.125,-81.725,0.0
-15.075,-81.725,0.0
-7.324999999999999,-81.725,0.0
-7.274999999999999,-81.725,0.0
0.4750000000000014,-81.725,0.0
0.5250000000000021,-81.725,0.0
0.5750000000000028,-81.725,0.0
2.275000000000002,-81.725,0.0
2.325000000000003,-81.725,0.0
2.375,-81.725,0.0
2.4250000000000007,-81.725,0.0
2.4750000000000014,-81.725,0.0
2.525000000000002,-81.725,0.0
-15.225,-81.775,0.0
-15.174999999999999,-81.775,0.0
-15.125,-81.775,0.0
-15.075,-81.775,0.0
-7.324999999999999,-81.775,0.0
-7.274999999999999,-81.775,0.0
0.4750000000000014,-81.775,0.0
0.5250000000000021,-81.775,0.0
0.5750000000000028,-81.775,0.0
2.325000000000003,-81.775,0.0
2.375,-81.775,0.0
2.4250000000000007,-81.775,0.0
2.4750000000000014,-81.775,0.0
-15.225,-81.825,0.0
-15.174999999999999,-81.825,0.0
-15.125,-81.825,0.0
-15.075,-81.825,0.0
-7.324999999999999,-81.825,0.0
-7.274999999999999,-81.825,0.0
-7.225,-81.825,0.0
0.4750000000000014,-81.825,0.0
0.5250000000000021,-81.825,0.0
0.5750000000000028,-81.825,0.0
2.4250000000000007,-81.825,0.0
2.4750000000000014,-81.825,0.0
2.525000000000002,-81.825,0.0
-15.225,-81.875,0.0
-15.174999999999999,-81.875,0.0
-15.125,-81.875,0.0
-15.075,-81.875,0.0
-7.324999999999999,-81.875,0.0
-7.274999999999999,-81.875,0.0
-7.225,-81.875,0.0
0.4750000000000014,-81.875,0.0
0.5250000000000021,-81.875,0.0
2.4750000000000014,-81.875,0.0
2.525000000000002,-81.875,0.0
2.575000000000003,-81.875,0.0
2.6250000000000036,-81.875,0.0
-15.225,-81.92500000000001,0.0
-15.174999999999999,-81.92500000000001,0.0
-15.125,-81.92500000000001,0.0
-15.075,-81.92500000000001,0.0
-7.324999999999999,-81.92500000000001,0.0
-7.274999999999999,-81.92500000000001,0.0
-7.225,-81.92500000000001,0.0
0.4750000000000014,-81.92500000000001,0.0
0.5250000000000021,-81.92500000000001,0.0
2.575000000000003,-81.92500000000001,0.0
2.6250000000000036,-81.92500000000001,0.0
2.6750000000000007,-81.92500000000001,0.0
2.7250000000000014,-81.92500000000001,0.0
4.1250000000000036,-81.92500000000001,0.0
4.175000000000001,-81.92500000000001,0.0
4.225000000000001,-81.92500000000001,0.0
-15.174999999999999,-81.975,0.0
-15.125,-81.975,0.0
-15.075,-81.975,0.0
-7.274999999999999,-81.975,0.0
-7.225,-81.975,0.0
0.4250000000000007,-81.975,0.0
0.4750000000000014,-81.975,0.0
0.5250000000000021,-81.975,0.0
2.6750000000000007,-81.975,0.0
2.7250000000000014,-81.975,0.0
2.775000000000002,-81.975,0.0
2.825000000000003,-81.975,0.0
4.175000000000001,-81.975,0.0
4.225000000000001,-81.975,0.0
4.275000000000002,-81.975,0.0
4.325000000000003,-81.975,0.0
4.3750000000000036,-81.975,0.0
-15.174999999999999,-82.025,0.0
-15.125,-82.025,0.0
-15.075,-82.025,0.0
-7.274999999999999,-82.025,0.0
-7.225,-82.025,0.0
0.4250000000000007,-82.025,0.0
0.4750000000000014,-82.025,0.0
0.5250000000000021,-82.025,0.0
2.775000000000002,-82.025,0.0
2.825000000000003,-82.025,0.0
2.8750000000000036,-82.025,0.0
2.9250000000000007,-82.025,0.0
4.275000000000002,-82.025,0.0
4.325000000000003,-82.025,0.0
4.3750000000000036,-82.025,0.0
-15.174999999999999,-82.075,0.0
-15.125,-82.075,0.0
-15.075,-82.075,0.0
-7.274999999999999,-82.075,0.0
-7.225,-82.075,0.0
0.4250000000000007,-82.075,0.0
0.4750000000000014,-82.075,0.0
0.5250000000000021,-82.075,0.0
2.8750000000000036,-82.075,0.0
2.9250000000000007,-82.075,0.0
2.9750000000000014,-82.075,0.0
3.025000000000002,-82.075,0.0
4.225000000000001,-82.075,0.0
4.275000000000002,-82.075,0.0
-15.174999999999999,-82.125,0.0
-15.125,-82.125,0.0
-15.075,-82.125,0.0
-7.274999999999999,-82.125,0.0
-7.225,-82.125,0.0
0.4250000000000007,-82.125,0.0
0.4750000000000014,-82.125,0.0
2.9750000000000014,-82.125,0.0
3.025000000000002,-82.125,0.0
3.075000000000003,-82.125,0.0
3.1250000000000036,-82.125,0.0
4.225000000000001,-82.125,0.0
4.275000000000002,-82.125,0.0
-15.174999999999999,-82.17500000000001,0.0
-15.125,-82.17500000000001,0.0
-15.075,-82.17500000000001,0.0
-15.024999999999999,-82.17500000000001,0.0
-7.274999999999999,-82.17500000000001,0.0
-7.225,-82.17500000000001,0.0
0.375,-82.17500000000001,0.0
0.4250000000000007,-82.17500000000001,0.0
0.4750000000000014,-82.17500000000001,0.0
3.075000000000003,-82.17500000000001,0.0
3.1250000000000036,-82.17500000000001,0.0
3.1750000000000007,-82.17500000000001,0.0
4.275000000000002,-82.17500000000001,0.0
-15.174999999999999,-82.225,0.0
-15.125,-82.225,0.0
-15.075,-82.225,0.0
-15.024999999999999,-82.225,0.0
-7.274999999999999,-82.225,0.0
-7.225,-82.225,0.0
-7.174999999999999,-82.225,0.0
0.375,-82.225,0.0
0.4250000000000007,-82.225,0.0
0.4750000000000014,-82.225,0.0
3.1750000000000007,-82.225,0.0
3.2250000000000014,-82.225,0.0
4.275000000000002,-82.225,0.0
4.325000000000003,-82.225,0.0
-15.174999999999999,-82.275,0.0
-15.125,-82.275,0.0
-15.075,-82.275,0.0
-15.024999999999999,-82.275,0.0
-7.274999999999999,-82.275,0.0
-7.225,-82.275,0.0
-7.174999999999999,-82.275,0.0
0.375,-82.275,0.0
0.4250000000000007,-82.275,0.0
0.4750000000000014,-82.275,0.0
-15.174999999999999,-82.325,0.0
-15.125,-82.325,0.0
-15.075,-82.325,0.0
-15.024999999999999,-82.325,0.0
-7.274999999999999,-82.325,0.0
-7.225,-82.325,0.0
-7.174999999999999,-82.325,0.0
0.375,-82.325,0.0
0.4250000000000007,-82.325,0.0
0.4750000000000014,-82.325,0.0
-15.174999999999999,-82.375,0.0
-15.125,-82.375,0.0
-15.075,-82.375,0.0
-15.024999999999999,-82.375,0.0
-7.274999999999999,-82.375,0.0
-7.225,-82.375,0.0
-7.174999999999999,-82.375,0.0
0.32500000000000284,-82.375,0.0
0.375,-82.375,0.0
0.4250000000000007,-82.375,0.0
-15.125,-82.42500000000001,0.0
-15.075,-82.42500000000001,0.0
-15.024999999999999,-82.42500000000001,0.0
-7.225,-82.42500000000001,0.0
-7.174999999999999,-82.42500000000001,0.0
0.32500000000000284,-82.42500000000001,0.0
0.375,-82.42500000000001,0.0
0.4250000000000007,-82.42500000000001,0.0
-15.125,-82.475,0.0
-15.075,-82.475,0.0
-15.024999999999999,-82.475,0.0
-7.274999999999999,-82.475,0.0
-7.225,-82.475,0.0
-7.174999999999999,-82.475,0.0
0.27500000000000213,-82.475,0.0
0.32500000000000284,-82.475,0.0
0.375,-82.475,0.0
0.4250000000000007,-82.475,0.0
-15.125,-82.525,0.0
-15.075,-82.525,0.0
-15.024999999999999,-82.525,0.0
-7.274999999999999,-82.525,0.0
-7.225,-82.525,0.0
-7.174999999999999,-82.525,0.0
0.27500000000000213,-82.525,0.0
0.32500000000000284,-82.525,0.0
0.375,-82.525,0.0
0.4250000000000007,-82.525,0.0
3.8750000000000036,-82.525,0.0
-15.125,-82.575,0.0
-15.075,-82.575,0.0
-15.024999999999999,-82.575,0.0
-7.274999999999999,-82.575,0.0
-7.225,-82.575,0.0
-7.174999999999999,-82.575,0.0
-7.124999999999998,-82.575,0.0
0.27500000000000213,-82.575,0.0
0.32500000000000284,-82.575,0.0
0.375,-82.575,0.0
3.8750000000000036,-82.575,0.0
-15.125,-82.625,0.0
-15.075,-82.625,0.0
-15.024999999999999,-82.625,0.0
-7.274999999999999,-82.625,0.0
-7.225,-82.625,0.0
-7.174999999999999,-82.625,0.0
-7.124999999999998,-82.625,0.0
0.27500000000000213,-82.625,0.0
0.32500000000000284,-82.625,0.0
0.375,-82.625,0.0
2.1750000000000007,-82.625,0.0
2.2250000000000014,-82.625,0.0
3.8750000000000036,-82.625,0.0
-15.075,-82.67500000000001,0.0
-15.024999999999999,-82.67500000000001,0.0
-14.975,-82.67500000000001,0.0
-7.225,-82.67500000000001,0.0
-7.174999999999999,-82.67500000000001,0.0
-7.124999999999998,-82.67500000000001,0.0
0.27500000000000213,-82.67500000000001,0.0
0.32500000000000284,-82.67500000000001,0.0
0.375,-82.67500000000001,0.0
2.125,-82.67500000000001,0.0
2.1750000000000007,-82.67500000000001,0.0
2.2250000000000014,-82.67500000000001,0.0
2.275000000000002,-82.67500000000001,0.0
3.825000000000003,-82.67500000000001,0.0
3.8750000000000036,-82.67500000000001,0.0
4.225000000000001,-82.67500000000001,0.0
-15.075,-82.725,0.0
-15.024999999999999,-82.725,0.0
-14.975,-82.725,0.0
-12.474999999999998,-82.725,0.0
-7.225,-82.725,0.0
-7.174999999999999,-82.725,0.0
-7.124999999999998,-82.725,0.0
0.22500000000000142,-82.725,0.0
0.27500000000000213,-82.725,0.0
0.32500000000000284,-82.725,0.0
0.375,-82.725,0.0
2.125,-82.725,0.0
2.1750000000000007,-82.725,0.0
2.2250000000000014,-82.725,0.0
3.8750000000000036,-82.725,0.0
4.175000000000001,-82.725,0.0
4.225000000000001,-82.725,0.0
-15.075,-82.775,0.0
-15.024999999999999,-82.775,0.0
-14.975,-82.775,0.0
-7.225,-82.775,0.0
-7.174999999999999,-82.775,0.0
-7.124999999999998,-82.775,0.0
0.22500000000000142,-82.775,0.0
0.27500000000000213,-82.775,0.0
0.32500000000000284,-82.775,0.0
0.375,-82.775,0.0
2.125,-82.775,0.0
2.1750000000000007,-82.775,0.0
2.2250000000000014,-82.775,0.0
3.825000000000003,-82.775,0.0
3.8750000000000036,-82.775,0.0
4.175000000000001,-82.775,0.0
4.225000000000001,-82.775,0.0
-15.075,-82.825,0.0
-15.024999999999999,-82.825,0.0
-14.975,-82.825,0.0
-7.225,-82.825,0.0
-7.174999999999999,-82.825,0.0
-7.124999999999998,-82.825,0.0
0.22500000000000142,-82.825,0.0
0.27500000000000213,-82.825,0.0
0.32500000000000284,-82.825,0.0
2.075000000000003,-82.825,0.0
2.125,-82.825,0.0
2.1750000000000007,-82.825,0.0
3.825000000000003,-82.825,0.0
4.175000000000001,-82.825,0.0
-15.075,-82.875,0.0
-15.024999999999999,-82.875,0.0
-14.975,-82.875,0.0
-7.225,-82.875,0.0
-7.174999999999999,-82.875,0.0
-7.124999999999998,-82.875,0.0
0.22500000000000142,-82.875,0.0
0.27500000000000213,-82.875,0.0
0.32500000000000284,-82.875,0.0
2.075000000000003,-82.875,0.0
2.125,-82.875,0.0
2.1750000000000007,-82.875,0.0
-15.075,-82.92500000000001,0.0
-15.024999999999999,-82.92500000000001,0.0
-14.975,-82.92500000000001,0.0
-7.225,-82.92500000000001,0.0
-7.174999999999999,-82.92500000000001,0.0
-7.124999999999998,-82.92500000000001,0.0
0.22500000000000142,-82.92500000000001,0.0
0.27500000000000213,-82.92500000000001,0.0
0.32500000000000284,-82.92500000000001,0.0
2.075000000000003,-82.92500000000001,0.0
2.125,-82.92500000000001,0.0
2.1750000000000007,-82.92500000000001,0.0
2.8750000000000036,-82.92500000000001,0.0
2.9250000000000007,-82.92500000000001,0.0
4.025000000000002,-82.92500000000001,0.0
4.075000000000003,-82.92500000000001,0.0
4.1250000000000036,-82.92500000000001,0.0
4.175000000000001,-82.92500000000001,0.0
-15.075,-82.975,0.0
-15.024999999999999,-82.975,0.0
-14.975,-82.975,0.0
-7.225,-82.975,0.0
-7.174999999999999,-82.975,0.0
-7.124999999999998,-82.975,0.0
-7.074999999999999,-82.975,0.0
0.22500000000000142,-82.975,0.0
0.27500000000000213,-82.975,0.0
0.32500000000000284,-82.975,0.0
2.075000000000003,-82.975,0.0
2.125,-82.975,0.0
2.1750000000000007,-82.975,0.0
2.8750000000000036,-82.975,0.0
3.9750000000000014,-82.975,0.0
4.025000000000002,-82.975,0.0
4.1250000000000036,-82.975,0.0
4.175000000000001,-82.975,0.0
-15.125,-83.025,0.0
-15.075,-83.025,0.0
-15.024999999999999,-83.025,0.0
-14.975,-83.025,0.0
-14.924999999999999,-83.025,0.0
-7.225,-83.025,0.0
-7.174999999999999,-83.025,0.0
-7.124999999999998,-83.025,0.0
-7.074999999999999,-83.025,0.0
0.1750000000000007,-83.025,0.0
0.22500000000000142,-83.025,0.0
0.27500000000000213,-83.025,0.0
0.32500000000000284,-83.025,0.0
2.075000000000003,-83.025,0.0
2.125,-83.025,0.0
2.825000000000003,-83.025,0.0
2.8750000000000036,-83.025,0.0
3.9750000000000014,-83.025,0.0
4.1250000000000036,-83.025,0.0
4.175000000000001,-83.025,0.0
-15.075,-83.075,0.0
-15.024999999999999,-83.075,0.0
-14.975,-83.075,0.0
-14.924999999999999,-83.075,0.0
-7.225,-83.075,0.0
-7.174999999999999,-83.075,0.0
-7.124999999999998,-83.075,0.0
-7.074999999999999,-83.075,0.0
0.1750000000000007,-83.075,0.0
0.22500000000000142,-83.075,0.0
0.27500000000000213,-83.075,0.0
0.32500000000000284,-83.075,0.0
2.075000000000003,-83.075,0.0
2.125,-83.075,0.0
2.1750000000000007,-83.075,0.0
4.1250000000000036,-83.075,0.0
4.175000000000001,-83.075,0.0
-15.075,-83.125,0.0
-15.024999999999999,-83.125,0.0
-14.975,-83.125,0.0
-14.924999999999999,-83.125,0.0
-7.174999999999999,-83.125,0.0
-7.124999999999998,-83.125,0.0
-7.074999999999999,-83.125,0.0
0.1750000000000007,-83.125,0.0
0.22500000000000142,-83.125,0.0
0.27500000000000213,-83.125,0.0
2.025000000000002,-83.125,0.0
2.075000000000003,-83.125,0.0
2.125,-83.125,0.0
-15.075,-83.17500000000001,0.0
-15.024999999999999,-83.17500000000001,0.0
-14.975,-83.17500000000001,0.0
-14.924999999999999,-83.17500000000001,0.0
-7.174999999999999,-83.17500000000001,0.0
-7.124999999999998,-83.17500000000001,0.0
-7.074999999999999,-83.17500000000001,0.0
0.1750000000000007,-83.17500000000001,0.0
0.22500000000000142,-83.17500000000001,0.0
0.27500000000000213,-83.17500000000001,0.0
2.025000000000002,-83.17500000000001,0.0
2.075000000000003,-83.17500000000001,0.0
-15.075,-83.225,0.0
-15.024999999999999,-83.225,0.0
-14.975,-83.225,0.0
-14.924999999999999,-83.225,0.0
-7.174999999999999,-83.225,0.0
-7.124999999999998,-83.225,0.0
-7.074999999999999,-83.225,0.0
0.1750000000000007,-83.225,0.0
0.22500000000000142,-83.225,0.0
0.27500000000000213,-83.225,0.0
2.025000000000002,-83.225,0.0
2.075000000000003,-83.225,0.0
-15.075,-83.275,0.0
-15.024999999999999,-83.275,0.0
-14.975,-83.275,0.0
-14.924999999999999,-83.275,0.0
-7.174999999999999,-83.275,0.0
-7.124999999999998,-83.275,0.0
-7.074999999999999,-83.275,0.0
0.1750000000000007,-83.275,0.0
0.22500000000000142,-83.275,0.0
0.27500000000000213,-83.275,0.0
2.025000000000002,-83.275,0.0
2.075000000000003,-83.275,0.0
-15.075,-83.325,0.0
-15.024999999999999,-83.325,0.0
-14.975,-83.325,0.0
-14.924999999999999,-83.325,0.0
-7.174999999999999,-83.325,0.0
-7.124999999999998,-83.325,0.0
-7.074999999999999,-83.325,0.0
-7.024999999999999,-83.325,0.0
0.1750000000000007,-83.325,0.0
0.22500000000000142,-83.325,0.0
0.27500000000000213,-83.325,0.0
2.025000000000002,-83.325,0.0
2.075000000000003,-83.325,0.0
-15.075,-83.375,0.0
-15.024999999999999,-83.375,0.0
-14.975,-83.375,0.0
-14.924999999999999,-83.375,0.0
-7.174999999999999,-83.375,0.0
-7.124999999999998,-83.375,0.0
-7.074999999999999,-83.375,0.0
-7.024999999999999,-83.375,0.0
0.22500000000000142,-83.375,0.0
2.025000000000002,-83.375,0.0
2.075000000000003,-83.375,0.0
3.075000000000003,-83.375,0.0
-15.075,-83.42500000000001,0.0
-15.024999999999999,-83.42500000000001,0.0
-14.975,-83.42500000000001,0.0
-14.924999999999999,-83.42500000000001,0.0
-7.824999999999999,-83.42500000000001,0.0
-7.774999999999999,-83.42500000000001,0.0
-7.174999999999999,-83.42500000000001,0.0
-7.124999999999998,-83.42500000000001,0.0
-7.074999999999999,-83.42500000000001,0.0
-7.024999999999999,-83.42500000000001,0.0
0.1750000000000007,-83.42500000000001,0.0
0.22500000000000142,-83.42500000000001,0.0
1.9750000000000014,-83.42500000000001,0.0
2.025000000000002,-83.42500000000001,0.0
2.075000000000003,-83.42500000000001,0.0
3.075000000000003,-83.42500000000001,0.0
-15.075,-83.475,0.0
-15.024999999999999,-83.475,0.0
-14.975,-83.475,0.0
-14.924999999999999,-83.475,0.0
-14.875,-83.475,0.0
-7.874999999999998,-83.475,0.0
-7.824999999999999,-83.475,0.0
-7.124999999999998,-83.475,0.0
-7.074999999999999,-83.475,0.0
0.1750000000000007,-83.475,0.0
0.22500000000000142,-83.475,0.0
1.9750000000000014,-83.475,0.0
2.025000000000002,-83.475,0.0
2.075000000000003,-83.475,0.0
3.025000000000002,-83.475,0.0
3.075000000000003,-83.475,0.0
-15.075,-83.525,0.0
-15.024999999999999,-83.525,0.0
-14.975,-83.525,0.0
-14.924999999999999,-83.525,0.0
-7.874999999999998,-83.525,0.0
-7.824999999999999,-83.525,0.0
-7.774999999999999,-83.525,0.0
-7.124999999999998,-83.525,0.0
-7.074999999999999,-83.525,0.0
-7.024999999999999,-83.525,0.0
-6.974999999999998,-83.525,0.0
-6.924999999999999,-83.525,0.0
-6.874999999999998,-83.525,0.0
-6.824999999999999,-83.525,0.0
-6.774999999999999,-83.525,0.0
0.1750000000000007,-83.525,0.0
0.22500000000000142,-83.525,0.0
1.9750000000000014,-83.525,0.0
2.025000000000002,-83.525,0.0
2.9750000000000014,-83.525,0.0
3.025000000000002,-83.525,0.0
-15.075,-83.575,0.0
-15.024999999999999,-83.575,0.0
-14.975,-83.575,0.0
-14.924999999999999,-83.575,0.0
-9.174999999999999,-83.575,0.0
-7.124999999999998,-83.575,0.0
-7.074999999999999,-83.575,0.0
-7.024999999999999,-83.575,0.0
-6.974999999999998,-83.575,0.0
-6.924999999999999,-83.575,0.0
-6.874999999999998,-83.575,0.0
-6.824999999999999,-83.575,0.0
-6.774999999999999,-83.575,0.0
-6.524999999999999,-83.575,0.0
0.1750000000000007,-83.575,0.0
0.22500000000000142,-83.575,0.0
1.9750000000000014,-83.575,0.0
2.025000000000002,-83.575,0.0
2.9750000000000014,-83.575,0.0
-15.075,-83.625,0.0
-15.024999999999999,-83.625,0.0
-14.975,-83.625,0.0
-14.924999999999999,-83.625,0.0
-9.224999999999998,-83.625,0.0
-9.174999999999999,-83.625,0.0
-7.124999999999998,-83.625,0.0
-7.074999999999999,-83.625,0.0
-7.024999999999999,-83.625,0.0
-6.974999999999998,-83.625,0.0
-6.924999999999999,-83.625,0.0
-6.874999999999998,-83.625,0.0
-6.824999999999999,-83.625,0.0
-6.774999999999999,-83.625,0.0
-6.524999999999999,-83.625,0.0
-6.474999999999998,-83.625,0.0
0.1750000000000007,-83.625,0.0
0.22500000000000142,-83.625,0.0
1.9750000000000014,-83.625,0.0
2.025000000000002,-83.625,0.0
-15.075,-83.67500000000001,0.0
-15.024999999999999,-83.67500000000001,0.0
-14.975,-83.67500000000001,0.0
-14.924999999999999,-83.67500000000001,0.0
-9.274999999999999,-83.67500000000001,0.0
-9.224999999999998,-83.67500000000001,0.0
-9.174999999999999,-83.67500000000001,0.0
-6.874999999999998,-83.67500000000001,0.0
-6.624999999999998,-83.67500000000001,0.0
-6.574999999999999,-83.67500000000001,0.0
-6.524999999999999,-83.67500000000001,0.0
0.1750000000000007,-83.67500000000001,0.0
1.9250000000000007,-83.67500000000001,0.0
1.9750000000000014,-83.67500000000001,0.0
2.025000000000002,-83.67500000000001,0.0
2.775000000000002,-83.67500000000001,0.0
3.025000000000002,-83.67500000000001,0.0
-15.075,-83.725,0.0
-15.024999999999999,-83.725,0.0
-14.975,-83.725,0.0
-14.924999999999999,-83.725,0.0
-6.924999999999999,-83.725,0.0
-6.874999999999998,-83.725,0.0
-6.574999999999999,-83.725,0.0
-6.524999999999999,-83.725,0.0
0.1750000000000007,-83.725,0.0
1.9250000000000007,-83.725,0.0
1.9750000000000014,-83.725,0.0
2.025000000000002,-83.725,0.0
2.7250000000000014,-83.725,0.0
2.775000000000002,-83.725,0.0
3.025000000000002,-83.725,0.0
-15.075,-83.775,0.0
-15.024999999999999,-83.775,0.0
-14.975,-83.775,0.0
-14.924999999999999,-83.775,0.0
-6.924999999999999,-83.775,0.0
-6.874999999999998,-83.775,0.0
-6.574999999999999,-83.775,0.0
-6.524999999999999,-83.775,0.0
0.1750000000000007,-83.775,0.0
1.9250000000000007,-83.775,0.0
1.9750000000000014,-83.775,0.0
2.025000000000002,-83.775,0.0
2.7250000000000014,-83.775,0.0
2.775000000000002,-83.775,0.0
2.9750000000000014,-83.775,0.0
3.025000000000002,-83.775,0.0
3.075000000000003,-83.775,0.0
3.1250000000000036,-83.775,0.0
3.2250000000000014,-83.775,0.0
-15.075,-83.825,0.0
-15.024999999999999,-83.825,0.0
-14.975,-83.825,0.0
-14.924999999999999,-83.825,0.0
-14.875,-83.825,0.0
-6.924999999999999,-83.825,0.0
-6.874999999999998,-83.825,0.0
-6.824999999999999,-83.825,0.0
-6.524999999999999,-83.825,0.0
-6.474999999999998,-83.825,0.0
0.125,-83.825,0.0
0.1750000000000007,-83.825,0.0
1.9250000000000007,-83.825,0.0
1.9750000000000014,-83.825,0.0
2.9750000000000014,-83.825,0.0
3.025000000000002,-83.825,0.0
3.075000000000003,-83.825,0.0
3.1250000000000036,-83.825,0.0
-15.075,-83.875,0.0
-15.024999999999999,-83.875,0.0
-14.975,-83.875,0.0
-14.924999999999999,-83.875,0.0
-14.875,-83.875,0.0
-6.874999999999998,-83.875,0.0
-6.824999999999999,-83.875,0.0
-6.774999999999999,-83.875,0.0
-6.724999999999998,-83.875,0.0
-6.674999999999999,-83.875,0.0
-6.624999999999998,-83.875,0.0
-6.574999999999999,-83.875,0.0
-6.524999999999999,-83.875,0.0
-6.474999999999998,-83.875,0.0
0.125,-83.875,0.0
0.1750000000000007,-83.875,0.0
1.9250000000000007,-83.875,0.0
1.9750000000000014,-83.875,0.0
3.025000000000002,-83.875,0.0
3.075000000000003,-83.875,0.0
4.525000000000002,-83.875,0.0
4.6250000000000036,-83.875,0.0
-15.075,-83.92500000000001,0.0
-15.024999999999999,-83.92500000000001,0.0
-14.975,-83.92500000000001,0.0
-14.924999999999999,-83.92500000000001,0.0
-14.875,-83.92500000000001,0.0
-13.575,-83.92500000000001,0.0
-6.824999999999999,-83.92500000000001,0.0
-6.774999999999999,-83.92500000000001,0.0
-6.724999999999998,-83.92500000000001,0.0
-6.674999999999999,-83.92500000000001,0.0
-6.624999999999998,-83.92500000000001,0.0
-6.524999999999999,-83.92500000000001,0.0
-6.474999999999998,-83.92500000000001,0.0
0.125,-83.92500000000001,0.0
0.1750000000000007,-83.92500000000001,0.0
1.9250000000000007,-83.92500000000001,0.0
1.9750000000000014,-83.92500000000001,0.0
4.275000000000002,-83.92500000000001,0.0
4.475000000000001,-83.92500000000001,0.0
4.525000000000002,-83.92500000000001,0.0
4.575000000000003,-83.92500000000001,0.0
4.6250000000000036,-83.92500000000001,0.0
-15.075,-83.975,0.0
-15.024999999999999,-83.975,0.0
-14.975,-83.975,0.0
-14.924999999999999,-83.975,0.0
-14.875,-83.975,0.0
-6.874999999999998,-83.975,0.0
-6.774999999999999,-83.975,0.0
-6.724999999999998,-83.975,0.0
-6.524999999999999,-83.975,0.0
-6.474999999999998,-83.975,0.0
-6.424999999999999,-83.975,0.0
0.125,-83.975,0.0
1.875,-83.975,0.0
1.9250000000000007,-83.975,0.0
4.275000000000002,-83.975,0.0
4.325000000000003,-83.975,0.0
4.475000000000001,-83.975,0.0
4.575000000000003,-83.975,0.0
-15.024999999999999,-84.025,0.0
-14.975,-84.025,0.0
-14.924999999999999,-84.025,0.0
-14.875,-84.025,0.0
-6.524999999999999,-84.025,0.0
-6.474999999999998,-84.025,0.0
-6.424999999999999,-84.025,0.0
0.125,-84.025,0.0
0.1750000000000007,-84.025,0.0
1.875,-84.025,0.0
1.9250000000000007,-84.025,0.0
4.275000000000002,-84.025,0.0
4.325000000000003,-84.025,0.0
-15.024999999999999,-84.075,0.0
-14.975,-84.075,0.0
-14.924999999999999,-84.075,0.0
-14.875,-84.075,0.0
-14.825,-84.075,0.0
-7.725,-84.075,0.0
-7.674999999999999,-84.075,0.0
-6.524999999999999,-84.075,0.0
-6.474999999999998,-84.075,0.0
-6.424999999999999,-84.075,0.0
0.02500000000000213,-84.075,0.0
0.07500000000000284,-84.075,0.0
0.125,-84.075,0.0
0.1750000000000007,-84.075,0.0
0.22500000000000142,-84.075,0.0
0.27500000000000213,-84.075,0.0
0.32500000000000284,-84.075,0.0
0.375,-84.075,0.0
0.4250000000000007,-84.075,0.0
1.875,-84.075,0.0
1.9250000000000007,-84.075,0.0
4.275000000000002,-84.075,0.0
4.325000000000003,-84.075,0.0
-15.024999999999999,-84.125,0.0
-14.975,-84.125,0.0
-14.924999999999999,-84.125,0.0
-14.875,-84.125,0.0
-7.774999999999999,-84.125,0.0
-7.725,-84.125,0.0
-6.524999999999999,-84.125,0.0
-6.474999999999998,-84.125,0.0
-6.424999999999999,-84.125,0.0
0.125,-84.125,0.0
0.32500000000000284,-84.125,0.0
0.375,-84.125,0.0
0.4250000000000007,-84.125,0.0
0.4750000000000014,-84.125,0.0
0.5250000000000021,-84.125,0.0
1.875,-84.125,0.0
1.9250000000000007,-84.125,0.0
4.225000000000001,-84.125,0.0
4.275000000000002,-84.125,0.0
4.325000000000003,-84.125,0.0
-15.024999999999999,-84.17500000000001,0.0
-14.975,-84.17500000000001,0.0
-14.924999999999999,-84.17500000000001,0.0
-14.875,-84.17500000000001,0.0
-7.774999999999999,-84.17500000000001,0.0
-7.725,-84.17500000000001,0.0
-6.524999999999999,-84.17500000000001,0.0
-6.474999999999998,-84.17500000000001,0.0
-6.424999999999999,-84.17500000000001,0.0
0.4250000000000007,-84.17500000000001,0.0
0.4750000000000014,-84.17500000000001,0.0
0.5250000000000021,-84.17500000000001,0.0
1.875,-84.17500000000001,0.0
1.9250000000000007,-84.17500000000001,0.0
4.275000000000002,-84.17500000000001,0.0
-15.024999999999999,-84.225,0.0
-14.975,-84.225,0.0
-14.924999999999999,-84.225,0.0
-14.875,-84.225,0.0
-7.774999999999999,-84.225,0.0
-7.124999999999998,-84.225,0.0
-6.474999999999998,-84.225,0.0
-6.424999999999999,-84.225,0.0
-6.374999999999998,-84.225,0.0
0.375,-84.225,0.0
0.4250000000000007,-84.225,0.0
0.4750000000000014,-84.225,0.0
0.5250000000000021,-84.225,0.0
1.875,-84.225,0.0
1.9250000000000007,-84.225,0.0
-15.024999999999999,-84.275,0.0
-14.975,-84.275,0.0
-14.924999999999999,-84.275,0.0
-14.875,-84.275,0.0
-9.174999999999999,-84.275,0.0
-9.125,-84.275,0.0
-9.075,-84.275,0.0
-6.474999999999998,-84.275,0.0
-6.424999999999999,-84.275,0.0
-6.374999999999998,-84.275,0.0
0.375,-84.275,0.0
0.4250000000000007,-84.275,0.0
0.4750000000000014,-84.275,0.0
0.5250000000000021,-84.275,0.0
1.8250000000000028,-84.275,0.0
1.875,-84.275,0.0
1.9250000000000007,-84.275,0.0
4.325000000000003,-84.275,0.0
-15.024999999999999,-84.325,0.0
-14.975,-84.325,0.0
-14.924999999999999,-84.325,0.0
-14.875,-84.325,0.0
-14.825,-84.325,0.0
-9.174999999999999,-84.325,0.0
-9.125,-84.325,0.0
-6.474999999999998,-84.325,0.0
-6.424999999999999,-84.325,0.0
-6.374999999999998,-84.325,0.0
0.375,-84.325,0.0
0.4250000000000007,-84.325,0.0
0.4750000000000014,-84.325,0.0
0.5250000000000021,-84.325,0.0
1.8250000000000028,-84.325,0.0
1.875,-84.325,0.0
-15.024999999999999,-84.375,0.0
-14.975,-84.375,0.0
-14.924999999999999,-84.375,0.0
-14.875,-84.375,0.0
-14.825,-84.375,0.0
-14.125,-84.375,0.0
-12.625,-84.375,0.0
-9.174999999999999,-84.375,0.0
-8.575,-84.375,0.0
-6.474999999999998,-84.375,0.0
-6.424999999999999,-84.375,0.0
-6.374999999999998,-84.375,0.0
0.375,-84.375,0.0
0.4250000000000007,-84.375,0.0
0.4750000000000014,-84.375,0.0
1.8250000000000028,-84.375,0.0
1.875,-84.375,0.0
-15.024999999999999,-84.42500000000001,0.0
-14.975,-84.42500000000001,0.0
-14.924999999999999,-84.42500000000001,0.0
-14.875,-84.42500000000001,0.0
-14.825,-84.42500000000001,0.0
-8.274999999999999,-84.42500000000001,0.0
-7.874999999999998,-84.42500000000001,0.0
-6.474999999999998,-84.42500000000001,0.0
-6.424999999999999,-84.42500000000001,0.0
-6.374999999999998,-84.42500000000001,0.0
0.375,-84.42500000000001,0.0
0.4250000000000007,-84.42500000000001,0.0
0.4750000000000014,-84.42500000000001,0.0
1.8250000000000028,-84.42500000000001,0.0
1.875,-84.42500000000001,0.0
-15.024999999999999,-84.475,0.0
-14.975,-84.475,0.0
-14.924999999999999,-84.475,0.0
-14.875,-84.475,0.0
-14.825,-84.475,0.0
-6.474999999999998,-84.475,0.0
-6.424999999999999,-84.475,0.0
-6.374999999999998,-84.475,0.0
0.32500000000000284,-84.475,0.0
0.375,-84.475,0.0
0.4250000000000007,-84.475,0.0
0.4750000000000014,-84.475,0.0
1.8250000000000028,-84.475,0.0
1.875,-84.475,0.0
-15.024999999999999,-84.525,0.0
-14.975,-84.525,0.0
-14.924999999999999,-84.525,0.0
-14.875,-84.525,0.0
-14.825,-84.525,0.0
-13.774999999999999,-84.525,0.0
-13.024999999999999,-84.525,0.0
-6.474999999999998,-84.525,0.0
-6.424999999999999,-84.525,0.0
-6.374999999999998,-84.525,0.0
0.32500000000000284,-84.525,0.0
0.375,-84.525,0.0
0.4750000000000014,-84.525,0.0
1.7750000000000021,-84.525,0.0
1.8250000000000028,-84.525,0.0
1.875,-84.525,0.0
-15.024999999999999,-84.575,0.0
-14.975,-84.575,0.0
-14.924999999999999,-84.575,0.0
-14.875,-84.575,0.0
-14.825,-84.575,0.0
-6.474999999999998,-84.575,0.0
-6.424999999999999,-84.575,0.0
-6.374999999999998,-84.575,0.0
-0.5749999999999993,-84.575,0.0
-0.5249999999999986,-84.575,0.0
-0.47499999999999787,-84.575,0.0
-0.42499999999999716,-84.575,0.0
0.32500000000000284,-84.575,0.0
0.375,-84.575,0.0
0.4250000000000007,-84.575,0.0
1.7750000000000021,-84.575,0.0
1.8250000000000028,-84.575,0.0
-15.024999999999999,-84.625,0.0
-14.975,-84.625,0.0
-14.924999999999999,-84.625,0.0
-14.875,-84.625,0.0
-14.825,-84.625,0.0
-13.774999999999999,-84.625,0.0
-6.474999999999998,-84.625,0.0
-6.424999999999999,-84.625,0.0
-6.374999999999998,-84.625,0.0
-0.8249999999999993,-84.625,0.0
-0.7749999999999986,-84.625,0.0
-0.7249999999999979,-84.625,0.0
-0.6749999999999972,-84.625,0.0
-0.625,-84.625,0.0
-0.5749999999999993,-84.625,0.0
-0.5249999999999986,-84.625,0.0
-0.47499999999999787,-84.625,0.0
-0.42499999999999716,-84.625,0.0
0.02500000000000213,-84.625,0.0
0.07500000000000284,-84.625,0.0
0.125,-84.625,0.0
0.1750000000000007,-84.625,0.0
0.22500000000000142,-84.625,0.0
0.27500000000000213,-84.625,0.0
0.32500000000000284,-84.625,0.0
0.375,-84.625,0.0
0.4250000000000007,-84.625,0.0
1.7750000000000021,-84.625,0.0
1.8250000000000028,-84.625,0.0
-15.024999999999999,-84.67500000000001,0.0
-14.975,-84.67500000000001,0.0
-14.924999999999999,-84.67500000000001,0.0
-14.875,-84.67500000000001,0.0
-14.825,-84.67500000000001,0.0
-6.474999999999998,-84.67500000000001,0.0
-6.424999999999999,-84.67500000000001,0.0
-6.374999999999998,-84.67500000000001,0.0
-0.9249999999999989,-84.67500000000001,0.0
-0.8749999999999982,-84.67500000000001,0.0
-0.8249999999999993,-84.67500000000001,0.0
-0.7749999999999986,-84.67500000000001,0.0
-0.7249999999999979,-84.67500000000001,0.0
-0.22499999999999787,-84.67500000000001,0.0
-0.17499999999999716,-84.67500000000001,0.0
-0.125,-84.67500000000001,0.0
-0.07499999999999929,-84.67500000000001,0.0
-0.02499999999999858,-84.67500000000001,0.0
0.02500000000000213,-84.67500000000001,0.0
0.07500000000000284,-84.67500000000001,0.0
0.125,-84.67500000000001,0.0
0.1750000000000007,-84.67500000000001,0.0
0.22500000000000142,-84.67500000000001,0.0
0.27500000000000213,-84.67500000000001,0.0
0.32500000000000284,-84.67500000000001,0.0
0.375,-84.67500000000001,0.0
0.4250000000000007,-84.67500000000001,0.0
1.7750000000000021,-84.67500000000001,0.0
1.8250000000000028,-84.67500000000001,0.0
-15.024999999999999,-84.725,0.0
-14.975,-84.725,0.0
-14.924999999999999,-84.725,0.0
-14.875,-84.725,0.0
-14.825,-84.725,0.0
-6.474999999999998,-84.725,0.0
-6.424999999999999,-84.725,0.0
-6.374999999999998,-84.725,0.0
-0.9749999999999979,-84.725,0.0
-0.2749999999999986,-84.725,0.0
-0.22499999999999787,-84.725,0.0
-0.17499999999999716,-84.725,0.0
0.32500000000000284,-84.725,0.0
1.7750000000000021,-84.725,0.0
1.8250000000000028,-84.725,0.0
-15.024999999999999,-84.775,0.0
-14.975,-84.775,0.0
-14.924999999999999,-84.775,0.0
-14.875,-84.775,0.0
-14.825,-84.775,0.0
-6.424999999999999,-84.775,0.0
-6.374999999999998,-84.775,0.0
-0.7249999999999979,-84.775,0.0
-0.6749999999999972,-84.775,0.0
-0.2749999999999986,-84.775,0.0
-0.22499999999999787,-84.775,0.0
-0.17499999999999716,-84.775,0.0
-0.125,-84.775,0.0
-0.07499999999999929,-84.775,0.0
-0.02499999999999858,-84.775,0.0
0.02500000000000213,-84.775,0.0
0.07500000000000284,-84.775,0.0
0.125,-84.775,0.0
1.7750000000000021,-84.775,0.0
1.8250000000000028,-84.775,0.0
-15.075,-84.825,0.0
-15.024999999999999,-84.825,0.0
-14.924999999999999,-84.825,0.0
-14.875,-84.825,0.0
-14.825,-84.825,0.0
-14.774999999999999,-84.825,0.0
-13.424999999999999,-84.825,0.0
-8.875,-84.825,0.0
-8.274999999999999,-84.825,0.0
-7.874999999999998,-84.825,0.0
-6.424999999999999,-84.825,0.0
-6.374999999999998,-84.825,0.0
-6.324999999999999,-84.825,0.0
-0.7249999999999979,-84.825,0.0
-0.6749999999999972,-84.825,0.0
-0.3249999999999993,-84.825,0.0
-0.2749999999999986,-84.825,0.0
-0.22499999999999787,-84.825,0.0
-0.17499999999999716,-84.825,0.0
-0.125,-84.825,0.0
-0.07499999999999929,-84.825,0.0
-0.02499999999999858,-84.825,0.0
0.02500000000000213,-84.825,0.0
0.07500000000000284,-84.825,0.0
0.125,-84.825,0.0
1.7250000000000014,-84.825,0.0
1.7750000000000021,-84.825,0.0
1.8250000000000028,-84.825,0.0
-15.024999999999999,-84.875,0.0
-14.975,-84.875,0.0
-14.924999999999999,-84.875,0.0
-14.875,-84.875,0.0
-14.825,-84.875,0.0
-14.774999999999999,-84.875,0.0
-13.524999999999999,-84.875,0.0
-13.475,-84.875,0.0
-13.424999999999999,-84.875,0.0
-13.375,-84.875,0.0
-12.474999999999998,-84.875,0.0
-6.424999999999999,-84.875,0.0
-6.374999999999998,-84.875,0.0
-6.324999999999999,-84.875,0.0
-0.7249999999999979,-84.875,0.0
-0.6749999999999972,-84.875,0.0
0.125,-84.875,0.0
1.7250000000000014,-84.875,0.0
1.7750000000000021,-84.875,0.0
1.8250000000000028,-84.875,0.0
-15.024999999999999,-84.92500000000001,0.0
-14.975,-84.92500000000001,0.0
-14.924999999999999,-84.92500000000001,0.0
-14.875,-84.92500000000001,0.0
-14.825,-84.92500000000001,0.0
-14.774999999999999,-84.92500000000001,0.0
-13.524999999999999,-84.92500000000001,0.0
-13.475,-84.92500000000001,0.0
-13.424999999999999,-84.92500000000001,0.0
-13.375,-84.92500000000001,0.0
-6.424999999999999,-84.92500000000001,0.0
-6.374999999999998,-84.92500000000001,0.0
-1.174999999999999,-84.92500000000001,0.0
-0.7749999999999986,-84.92500000000001,0.0
-0.7249999999999979,-84.92500000000001,0.0
-0.6749999999999972,-84.92500000000001,0.0
-0.07499999999999929,-84.92500000000001,0.0
-0.02499999999999858,-84.92500000000001,0.0
0.02500000000000213,-84.92500000000001,0.0
1.7250000000000014,-84.92500000000001,0.0
1.7750000000000021,-84.92500000000001,0.0
-15.024999999999999,-84.975,0.0
-14.975,-84.975,0.0
-14.924999999999999,-84.975,0.0
-14.875,-84.975,0.0
-14.825,-84.975,0.0
-14.774999999999999,-84.975,0.0
-12.875,-84.975,0.0
-6.424999999999999,-84.975,0.0
-6.374999999999998,-84.975,0.0
-6.324999999999999,-84.975,0.0
-1.174999999999999,-84.975,0.0
-0.9749999999999979,-84.975,0.0
-0.9249999999999989,-84.975,0.0
-0.8749999999999982,-84.975,0.0
-0.8249999999999993,-84.975,0.0
-0.7749999999999986,-84.975,0.0
-0.7249999999999979,-84.975,0.0
-0.6749999999999972,-84.975,0.0
-0.2749999999999986,-84.975,0.0
-0.22499999999999787,-84.975,0.0
-0.17499999999999716,-84.975,0.0
1.7250000000000014,-84.975,0.0
1.7750000000000021,-84.975,0.0
-15.024999999999999,-85.025,0.0
-14.975,-85.025,0.0
-14.924999999999999,-85.025,0.0
-14.875,-85.025,0.0
-14.825,-85.025,0.0
-14.774999999999999,-85.025,0.0
-14.024999999999999,-85.025,0.0
-8.774999999999999,-85.025,0.0
-7.725,-85.025,0.0
-6.424999999999999,-85.025,0.0
-6.374999999999998,-85.025,0.0
-6.324999999999999,-85.025,0.0
-1.2249999999999979,-85.025,0.0
-1.174999999999999,-85.025,0.0
-1.0249999999999986,-85.025,0.0
-0.9749999999999979,-85.025,0.0
-0.9249999999999989,-85.025,0.0
-0.8749999999999982,-85.025,0.0
-0.8249999999999993,-85.025,0.0
-0.07499999999999929,-85.025,0.0
1.7250000000000014,-85.025,0.0
1.7750000000000021,-85.025,0.0
-15.024999999999999,-85.075,0.0
-14.975,-85.075,0.0
-14.924999999999999,-85.075,0.0
-14.875,-85.075,0.0
-14.825,-85.075,0.0
-14.774999999999999,-85.075,0.0
-6.424999999999999,-85.075,0.0
-6.374999999999998,-85.075,0.0
-6.324999999999999,-85.075,0.0
-1.2749999999999986,-85.075,0.0
-1.2249999999999979,-85.075,0.0
-1.174999999999999,-85.075,0.0
-0.07499999999999929,-85.075,0.0
-0.02499999999999858,-85.075,0.0
1.6750000000000007,-85.075,0.0
1.7250000000000014,-85.075,0.0
1.7750000000000021,-85.075,0.0
-14.975,-85.125,0.0
-14.924999999999999,-85.125,0.0
-14.875,-85.125,0.0
-14.825,-85.125,0.0
-14.774999999999999,-85.125,0.0
-14.725,-85.125,0.0
-13.875,-85.125,0.0
-12.524999999999999,-85.125,0.0
-6.424999999999999,-85.125,0.0
-6.374999999999998,-85.125,0.0
-6.324999999999999,-85.125,0.0
-1.7249999999999979,-85.125,0.0
-1.674999999999999,-85.125,0.0
-1.2749999999999986,-85.125,0.0
-1.2249999999999979,-85.125,0.0
-1.174999999999999,-85.125,0.0
1.6750000000000007,-85.125,0.0
1.7250000000000014,-85.125,0.0
-15.024999999999999,-85.17500000000001,0.0
-14.975,-85.17500000000001,0.0
-14.924999999999999,-85.17500000000001,0.0
-14.875,-85.17500000000001,0.0
-14.825,-85.17500000000001,0.0
-14.774999999999999,-85.17500000000001,0.0
-6.424999999999999,-85.17500000000001,0.0
-6.374999999999998,-85.17500000000001,0.0
-6.324999999999999,-85.17500000000001,0.0
-1.924999999999999,-85.17500000000001,0.0
-1.8749999999999982,-85.17500000000001,0.0
-1.8249999999999993,-85.17500000000001,0.0
-1.7749999999999986,-85.17500000000001,0.0
-1.7249999999999979,-85.17500000000001,0.0
-1.5249999999999986,-85.17500000000001,0.0
-1.424999999999999,-85.17500000000001,0.0
-1.3749999999999982,-85.17500000000001,0.0
-1.3249999999999993,-85.17500000000001,0.0
-1.2749999999999986,-85.17500000000001,0.0
1.6750000000000007,-85.17500000000001,0.0
1.7250000000000014,-85.17500000000001,0.0
-15.024999999999999,-85.225,0.0
-14.975,-85.225,0.0
-14.875,-85.225,0.0
-14.825,-85.225,0.0
-14.774999999999999,-85.225,0.0
-14.725,-85.225,0.0
-7.225,-85.225,0.0
-6.424999999999999,-85.225,0.0
-6.374999999999998,-85.225,0.0
-6.324999999999999,-85.225,0.0
-2.0249999999999986,-85.225,0.0
-1.9749999999999979,-85.225,0.0
-1.924999999999999,-85.225,0.0
-1.8749999999999982,-85.225,0.0
-1.8249999999999993,-85.225,0.0
-1.4749999999999979,-85.225,0.0
-1.424999999999999,-85.225,0.0
-1.3749999999999982,-85.225,0.0
-1.3249999999999993,-85.225,0.0
1.6750000000000007,-85.225,0.0
1.7250000000000014,-85.225,0.0
-15.024999999999999,-85.275,0.0
-14.975,-85.275,0.0
-14.924999999999999,-85.275,0.0
-14.875,-85.275,0.0
-14.825,-85.275,0.0
-14.774999999999999,-85.275,0.0
-14.725,-85.275,0.0
-6.424999999999999,-85.275,0.0
-6.374999999999998,-85.275,0.0
-6.324999999999999,-85.275,0.0
1.6750000000000007,-85.275,0.0
1.7250000000000014,-85.275,0.0
-15.024999999999999,-85.325,0.0
-14.975,-85.325,0.0
-14.875,-85.325,0.0
-14.825,-85.325,0.0
-14.774999999999999,-85.325,0.0
-14.725,-85.325,0.0
-8.475,-85.325,0.0
-6.974999999999998,-85.325,0.0
-6.424999999999999,-85.325,0.0
-6.374999999999998,-85.325,0.0
-6.324999999999999,-85.325,0.0
1.6750000000000007,-85.325,0.0
1.7250000000000014,-85.325,0.0
-15.024999999999999,-85.375,0.0
-14.975,-85.375,0.0
-14.924999999999999,-85.375,0.0
-14.825,-85.375,0.0
-14.774999999999999,-85.375,0.0
-14.725,-85.375,0.0
-6.374999999999998,-85.375,0.0
-6.324999999999999,-85.375,0.0
1.625,-85.375,0.0
1.6750000000000007,-85.375,0.0
1.7250000000000014,-85.375,0.0
-15.024999999999999,-85.42500000000001,0.0
-14.975,-85.42500000000001,0.0
-14.875,-85.42500000000001,0.0
-14.825,-85.42500000000001,0.0
-14.774999999999999,-85.42500000000001,0.0
-14.725,-85.42500000000001,0.0
-9.125,-85.42500000000001,0.0
-7.824999999999999,-85.42500000000001,0.0
-6.374999999999998,-85.42500000000001,0.0
-6.324999999999999,-85.42500000000001,0.0
1.625,-85.42500000000001,0.0
1.6750000000000007,-85.42500000000001,0.0
-15.024999999999999,-85.475,0.0
-14.975,-85.475,0.0
-14.924999999999999,-85.475,0.0
-14.875,-85.475,0.0
-14.825,-85.475,0.0
-14.774999999999999,-85.475,0.0
-14.725,-85.475,0.0
-6.374999999999998,-85.475,0.0
-6.324999999999999,-85.475,0.0
1.625,-85.475,0.0
1.6750000000000007,-85.475,0.0
-15.024999999999999,-85.525,0.0
-14.975,-85.525,0.0
-14.875,-85.525,0.0
-14.825,-85.525,0.0
-14.774999999999999,-85.525,0.0
-14.725,-85.525,0.0
-13.575,-85.525,0.0
-6.374999999999998,-85.525,0.0
-6.324999999999999,-85.525,0.0
-6.274999999999999,-85.525,0.0
1.625,-85.525,0.0
1.6750000000000007,-85.525,0.0
-15.024999999999999,-85.575,0.0
-14.975,-85.575,0.0
-14.875,-85.575,0.0
-14.825,-85.575,0.0
-14.774999999999999,-85.575,0.0
-14.725,-85.575,0.0
-7.274999999999999,-85.575,0.0
-6.374999999999998,-85.575,0.0
-6.324999999999999,-85.575,0.0
-6.274999999999999,-85.575,0.0
1.625,-85.575,0.0
1.6750000000000007,-85.575,0.0
-15.024999999999999,-85.625,0.0
-14.975,-85.625,0.0
-14.875,-85.625,0.0
-14.825,-85.625,0.0
-14.774999999999999,-85.625,0.0
-14.725,-85.625,0.0
-7.424999999999999,-85.625,0.0
-7.274999999999999,-85.625,0.0
-6.374999999999998,-85.625,0.0
-6.324999999999999,-85.625,0.0
-6.274999999999999,-85.625,0.0
1.625,-85.625,0.0
1.6750000000000007,-85.625,0.0
-15.024999999999999,-85.67500000000001,0.0
-14.975,-85.67500000000001,0.0
-14.825,-85.67500000000001,0.0
-14.774999999999999,-85.67500000000001,0.0
-14.725,-85.67500000000001,0.0
-14.674999999999999,-85.67500000000001,0.0
-6.374999999999998,-85.67500000000001,0.0
-6.324999999999999,-85.67500000000001,0.0
-6.274999999999999,-85.67500000000001,0.0
1.625,-85.67500000000001,0.0
1.6750000000000007,-85.67500000000001,0.0
-15.024999999999999,-85.725,0.0
-14.825,-85.725,0.0
-14.774999999999999,-85.725,0.0
-14.725,-85.725,0.0
-14.674999999999999,-85.725,0.0
-6.374999999999998,-85.725,0.0
-6.324999999999999,-85.725,0.0
-6.274999999999999,-85.725,0.0
1.5750000000000028,-85.725,0.0
1.625,-85.725,0.0
-15.024999999999999,-85.775,0.0
-14.975,-85.775,0.0
-14.825,-85.775,0.0
-14.774999999999999,-85.775,0.0
-14.725,-85.775,0.0
-14.674999999999999,-85.775,0.0
-6.374999999999998,-85.775,0.0
-6.324999999999999,-85.775,0.0
-6.274999999999999,-85.775,0.0
-2.3749999999999982,-85.775,0.0
1.5750000000000028,-85.775,0.0
1.625,-85.775,0.0
-15.024999999999999,-85.825,0.0
-14.875,-85.825,0.0
-14.825,-85.825,0.0
-14.774999999999999,-85.825,0.0
-14.725,-85.825,0.0
-14.674999999999999,-85.825,0.0
-6.374999999999998,-85.825,0.0
-6.324999999999999,-85.825,0.0
-6.274999999999999,-85.825,0.0
-2.3749999999999982,-85.825,0.0
-2.3249999999999993,-85.825,0.0
-2.2749999999999986,-85.825,0.0
1.5750000000000028,-85.825,0.0
1.625,-85.825,0.0
-14.875,-85.875,0.0
-14.825,-85.875,0.0
-14.774999999999999,-85.875,0.0
-14.725,-85.875,0.0
-14.674999999999999,-85.875,0.0
-8.225,-85.875,0.0
-8.174999999999999,-85.875,0.0
-8.124999999999998,-85.875,0.0
-6.374999999999998,-85.875,0.0
-6.324999999999999,-85.875,0.0
-6.274999999999999,-85.875,0.0
-2.3249999999999993,-85.875,0.0
-2.2749999999999986,-85.875,0.0
-2.224999999999998,-85.875,0.0
-2.174999999999999,-85.875,0.0
1.5750000000000028,-85.875,0.0
1.625,-85.875,0.0
-14.975,-85.92500000000001,0.0
-14.875,-85.92500000000001,0.0
-14.774999999999999,-85.92500000000001,0.0
-14.725,-85.92500000000001,0.0
-14.674999999999999,-85.92500000000001,0.0
-8.225,-85.92500000000001,0.0
-8.174999999999999,-85.92500000000001,0.0
-8.124999999999998,-85.92500000000001,0.0
-6.374999999999998,-85.92500000000001,0.0
-6.324999999999999,-85.92500000000001,0.0
-6.274999999999999,-85.92500000000001,0.0
-2.224999999999998,-85.92500000000001,0.0
-2.174999999999999,-85.92500000000001,0.0
-2.1249999999999982,-85.92500000000001,0.0
-2.0749999999999993,-85.92500000000001,0.0
1.5750000000000028,-85.92500000000001,0.0
1.625,-85.92500000000001,0.0
-15.075,-85.975,0.0
-15.024999999999999,-85.975,0.0
-14.975,-85.975,0.0
-14.825,-85.975,0.0
-14.774999999999999,-85.975,0.0
-14.725,-85.975,0.0
-14.674999999999999,-85.975,0.0
-8.174999999999999,-85.975,0.0
-8.124999999999998,-85.975,0.0
-7.524999999999999,-85.975,0.0
-7.024999999999999,-85.975,0.0
-6.324999999999999,-85.975,0.0
-6.274999999999999,-85.975,0.0
-6.224999999999998,-85.975,0.0
-2.0749999999999993,-85.975,0.0
-2.0249999999999986,-85.975,0.0
-1.9749999999999979,-85.975,0.0
-1.924999999999999,-85.975,0.0
1.5750000000000028,-85.975,0.0
1.625,-85.975,0.0
-14.975,-86.025,0.0
-14.825,-86.025,0.0
-14.774999999999999,-86.025,0.0
-14.725,-86.025,0.0
-14.674999999999999,-86.025,0.0
-8.274999999999999,-86.025,0.0
-8.225,-86.025,0.0
-8.174999999999999,-86.025,0.0
-6.374999999999998,-86.025,0.0
-6.324999999999999,-86.025,0.0
-6.274999999999999,-86.025,0.0
-6.224999999999998,-86.025,0.0
-1.9749999999999979,-86.025,0.0
-1.924999999999999,-86.025,0.0
-1.8749999999999982,-86.025,0.0
-1.8249999999999993,-86.025,0.0
-1.7749999999999986,-86.025,0.0
-0.07499999999999929,-86.025,0.0
0.02500000000000213,-86.025,0.0
1.5250000000000021,-86.025,0.0
1.5750000000000028,-86.025,0.0
-15.024999999999999,-86.075,0.0
-14.975,-86.075,0.0
-14.825,-86.075,0.0
-14.774999999999999,-86.075,0.0
-14.725,-86.075,0.0
-14.674999999999999,-86.075,0.0
-8.274999999999999,-86.075,0.0
-8.225,-86.075,0.0
-6.324999999999999,-86.075,0.0
-6.274999999999999,-86.075,0.0
-6.224999999999998,-86.075,0.0
-1.8249999999999993,-86.075,0.0
-1.7749999999999986,-86.075,0.0
-1.7249999999999979,-86.075,0.0
-1.674999999999999,-86.075,0.0
-0.3249999999999993,-86.075,0.0
-0.2749999999999986,-86.075,0.0
-0.22499999999999787,-86.075,0.0
-0.17499999999999716,-86.075,0.0
-0.125,-86.075,0.0
-0.07499999999999929,-86.075,0.0
-0.02499999999999858,-86.075,0.0
0.02500000000000213,-86.075,0.0
1.5250000000000021,-86.075,0.0
1.5750000000000028,-86.075,0.0
-14.924999999999999,-86.125,0.0
-14.875,-86.125,0.0
-14.774999999999999,-86.125,0.0
-14.725,-86.125,0.0
-14.674999999999999,-86.125,0.0
-14.625,-86.125,0.0
-7.124999999999998,-86.125,0.0
-6.324999999999999,-86.125,0.0
-6.274999999999999,-86.125,0.0
-6.224999999999998,-86.125,0.0
-1.674999999999999,-86.125,0.0
-1.6249999999999982,-86.125,0.0
-1.5749999999999993,-86.125,0.0
-1.5249999999999986,-86.125,0.0
-0.8749999999999982,-86.125,0.0
-0.8249999999999993,-86.125,0.0
-0.7749999999999986,-86.125,0.0
-0.7249999999999979,-86.125,0.0
-0.6749999999999972,-86.125,0.0
-0.625,-86.125,0.0
-0.5749999999999993,-86.125,0.0
-0.5249999999999986,-86.125,0.0
-0.47499999999999787,-86.125,0.0
-0.42499999999999716,-86.125,0.0
-0.375,-86.125,0.0
-0.3249999999999993,-86.125,0.0
-0.2749999999999986,-86.125,0.0
-0.22499999999999787,-86.125,0.0
-0.17499999999999716,-86.125,0.0
-0.125,-86.125,0.0
1.5250000000000021,-86.125,0.0
1.5750000000000028,-86.125,0.0
-14.975,-86.17500000000001,0.0
-14.924999999999999,-86.17500000000001,0.0
-14.875,-86.17500000000001,0.0
-14.725,-86.17500000000001,0.0
-14.674999999999999,-86.17500000000001,0.0
-14.625,-86.17500000000001,0.0
-7.174999999999999,-86.17500000000001,0.0
-7.124999999999998,-86.17500000000001,0.0
-6.324999999999999,-86.17500000000001,0.0
-6.274999999999999,-86.17500000000001,0.0
-6.224999999999998,-86.17500000000001,0.0
-1.5749999999999993,-86.17500000000001,0.0
-1.5249999999999986,-86.17500000000001,0.0
-1.4749999999999979,-86.17500000000001,0.0
-1.424999999999999,-86.17500000000001,0.0
-1.3749999999999982,-86.17500000000001,0.0
-1.3249999999999993,-86.17500000000001,0.0
-1.2749999999999986,-86.17500000000001,0.0
-1.2249999999999979,-86.17500000000001,0.0
-1.174999999999999,-86.17500000000001,0.0
-1.1249999999999982,-86.17500000000001,0.0
-1.0249999999999986,-86.17500000000001,0.0
-0.9749999999999979,-86.17500000000001,0.0
-0.9249999999999989,-86.17500000000001,0.0
-0.8749999999999982,-86.17500000000001,0.0
-0.8249999999999993,-86.17500000000001,0.0
-0.7749999999999986,-86.17500000000001,0.0
-0.7249999999999979,-86.17500000000001,0.0
-0.6749999999999972,-86.17500000000001,0.0
-0.625,-86.17500000000001,0.0
-0.5749999999999993,-86.17500000000001,0.0
1.5250000000000021,-86.17500000000001,0.0
1.5750000000000028,-86.17500000000001,0.0
-14.875,-86.225,0.0
-14.774999999999999,-86.225,0.0
-14.725,-86.225,0.0
-14.674999999999999,-86.225,0.0
-14.625,-86.225,0.0
-6.324999999999999,-86.225,0.0
-6.274999999999999,-86.225,0.0
-6.224999999999998,-86.225,0.0
-1.4749999999999979,-86.225,0.0
-1.424999999999999,-86.225,0.0
-1.3749999999999982,-86.225,0.0
-1.3249999999999993,-86.225,0.0
-1.2749999999999986,-86.225,0.0
-1.174999999999999,-86.225,0.0
-1.1249999999999982,-86.225,0.0
-1.0749999999999993,-86.225,0.0
-0.8249999999999993,-86.225,0.0
-0.7749999999999986,-86.225,0.0
-0.7249999999999979,-86.225,0.0
1.5250000000000021,-86.225,0.0
1.5750000000000028,-86.225,0.0
-15.024999999999999,-86.275,0.0
-14.975,-86.275,0.0
-14.924999999999999,-86.275,0.0
-14.825,-86.275,0.0
-14.725,-86.275,0.0
-14.674999999999999,-86.275,0.0
-14.625,-86.275,0.0
-6.324999999999999,-86.275,0.0
-6.274999999999999,-86.275,0.0
-6.224999999999998,-86.275,0.0
-0.7249999999999979,-86.275,0.0
-0.6749999999999972,-86.275,0.0
-0.625,-86.275,0.0
-0.5749999999999993,-86.275,0.0
-0.5249999999999986,-86.275,0.0
-0.47499999999999787,-86.275,0.0
1.5250000000000021,-86.275,0.0
-15.024999999999999,-86.325,0.0
-14.975,-86.325,0.0
-14.924999999999999,-86.325,0.0
-14.825,-86.325,0.0
-14.725,-86.325,0.0
-14.674999999999999,-86.325,0.0
-14.625,-86.325,0.0
-8.825,-86.325,0.0
-8.524999999999999,-86.325,0.0
-6.324999999999999,-86.325,0.0
-6.274999999999999,-86.325,0.0
-6.224999999999998,-86.325,0.0
-0.47499999999999787,-86.325,0.0
-0.375,-86.325,0.0
-0.3249999999999993,-86.325,0.0
-0.2749999999999986,-86.325,0.0
1.4750000000000014,-86.325,0.0
1.5250000000000021,-86.325,0.0
-14.825,-86.375,0.0
-14.725,-86.375,0.0
-14.674999999999999,-86.375,0.0
-14.625,-86.375,0.0
-6.324999999999999,-86.375,0.0
-6.274999999999999,-86.375,0.0
-6.224999999999998,-86.375,0.0
-0.47499999999999787,-86.375,0.0
-0.3249999999999993,-86.375,0.0
-0.2749999999999986,-86.375,0.0
1.4750000000000014,-86.375,0.0
1.5250000000000021,-86.375,0.0
-14.975,-86.42500000000001,0.0
-14.924999999999999,-86.42500000000001,0.0
-14.774999999999999,-86.42500000000001,0.0
-14.725,-86.42500000000001,0.0
-14.674999999999999,-86.42500000000001,0.0
-14.625,-86.42500000000001,0.0
-12.325,-86.42500000000001,0.0
-8.875,-86.42500000000001,0.0
-7.725,-86.42500000000001,0.0
-6.324999999999999,-86.42500000000001,0.0
-6.274999999999999,-86.42500000000001,0.0
-6.224999999999998,-86.42500000000001,0.0
-0.2749999999999986,-86.42500000000001,0.0
1.4750000000000014,-86.42500000000001,0.0
1.5250000000000021,-86.42500000000001,0.0
-15.024999999999999,-86.475,0.0
-14.774999999999999,-86.475,0.0
-14.725,-86.475,0.0
-14.674999999999999,-86.475,0.0
-14.625,-86.475,0.0
-14.575,-86.475,0.0
-12.274999999999999,-86.475,0.0
-6.324999999999999,-86.475,0.0
-6.274999999999999,-86.475,0.0
-6.224999999999998,-86.475,0.0
-0.3249999999999993,-86.475,0.0
-0.2749999999999986,-86.475,0.0
1.4750000000000014,-86.475,0.0
1.5250000000000021,-86.475,0.0
-14.725,-86.525,0.0
-14.674999999999999,-86.525,0.0
-14.625,-86.525,0.0
-14.575,-86.525,0.0
-6.324999999999999,-86.525,0.0
-6.274999999999999,-86.525,0.0
-6.224999999999998,-86.525,0.0
-6.174999999999999,-86.525,0.0
-0.3249999999999993,-86.525,0.0
-0.2749999999999986,-86.525,0.0
1.4750000000000014,-86.525,0.0
-14.725,-86.575,0.0
-14.674999999999999,-86.575,0.0
-14.625,-86.575,0.0
-14.575,-86.575,0.0
-7.424999999999999,-86.575,0.0
-6.324999999999999,-86.575,0.0
-6.274999999999999,-86.575,0.0
-6.224999999999998,-86.575,0.0
-6.174999999999999,-86.575,0.0
-0.3249999999999993,-86.575,0.0
-0.2749999999999986,-86.575,0.0
1.4750000000000014,-86.575,0.0
-14.674999999999999,-86.625,0.0
-14.625,-86.625,0.0
-14.575,-86.625,0.0
-7.424999999999999,-86.625,0.0
-7.374999999999998,-86.625,0.0
-6.324999999999999,-86.625,0.0
-6.274999999999999,-86.625,0.0
-6.224999999999998,-86.625,0.0
-6.174999999999999,-86.625,0.0
-0.3249999999999993,-86.625,0.0
-0.2749999999999986,-86.625,0.0
1.4250000000000007,-86.625,0.0
1.4750000000000014,-86.625,0.0
-14.674999999999999,-86.67500000000001,0.0
-14.625,-86.67500000000001,0.0
-14.575,-86.67500000000001,0.0
-7.374999999999998,-86.67500000000001,0.0
-6.274999999999999,-86.67500000000001,0.0
-6.224999999999998,-86.67500000000001,0.0
-6.174999999999999,-86.67500000000001,0.0
-0.375,-86.67500000000001,0.0
-0.3249999999999993,-86.67500000000001,0.0
1.4250000000000007,-86.67500000000001,0.0
1.4750000000000014,-86.67500000000001,0.0
-14.725,-86.725,0.0
-14.674999999999999,-86.725,0.0
-14.625,-86.725,0.0
-14.575,-86.725,0.0
-6.274999999999999,-86.725,0.0
-6.224999999999998,-86.725,0.0
-6.174999999999999,-86.725,0.0
-0.375,-86.725,0.0
-0.3249999999999993,-86.725,0.0
1.4250000000000007,-86.725,0.0
1.4750000000000014,-86.725,0.0
-14.674999999999999,-86.775,0.0
-14.625,-86.775,0.0
-14.575,-86.775,0.0
-8.825,-86.775,0.0
-6.274999999999999,-86.775,0.0
-6.224999999999998,-86.775,0.0
-6.174999999999999,-86.775,0.0
-0.375,-86.775,0.0
-0.3249999999999993,-86.775,0.0
1.4250000000000007,-86.775,0.0
1.4750000000000014,-86.775,0.0
-14.674999999999999,-86.825,0.0
-14.625,-86.825,0.0
-14.575,-86.825,0.0
-6.274999999999999,-86.825,0.0
-6.224999999999998,-86.825,0.0
-6.174999999999999,-86.825,0.0
-0.375,-86.825,0.0
-0.3249999999999993,-86.825,0.0
1.4250000000000007,-86.825,0.0
-14.674999999999999,-86.875,0.0
-14.625,-86.875,0.0
-14.575,-86.875,0.0
-14.524999999999999,-86.875,0.0
-6.274999999999999,-86.875,0.0
-6.224999999999998,-86.875,0.0
-6.174999999999999,-86.875,0.0
-0.375,-86.875,0.0
-0.3249999999999993,-86.875,0.0
1.4250000000000007,-86.875,0.0
-14.674999999999999,-86.92500000000001,0.0
-14.625,-86.92500000000001,0.0
-14.575,-86.92500000000001,0.0
-14.524999999999999,-86.92500000000001,0.0
-7.824999999999999,-86.92500000000001,0.0
-7.124999999999998,-86.92500000000001,0.0
-6.274999999999999,-86.92500000000001,0.0
-6.224999999999998,-86.92500000000001,0.0
-6.174999999999999,-86.92500000000001,0.0
-0.42499999999999716,-86.92500000000001,0.0
-0.375,-86.92500000000001,0.0
-0.3249999999999993,-86.92500000000001,0.0
1.4250000000000007,-86.92500000000001,0.0
-14.625,-86.975,0.0
-14.575,-86.975,0.0
-14.524999999999999,-86.975,0.0
-6.274999999999999,-86.975,0.0
-6.224999999999998,-86.975,0.0
-6.174999999999999,-86.975,0.0
-6.124999999999998,-86.975,0.0
-0.42499999999999716,-86.975,0.0
-0.375,-86.975,0.0
1.375,-86.975,0.0
1.4250000000000007,-86.975,0.0
-14.674999999999999,-87.025,0.0
-14.625,-87.025,0.0
-14.575,-87.025,0.0
-14.524999999999999,-87.025,0.0
-6.274999999999999,-87.025,0.0
-6.224999999999998,-87.025,0.0
-6.174999999999999,-87.025,0.0
-6.124999999999998,-87.025,0.0
-0.42499999999999716,-87.025,0.0
-0.375,-87.025,0.0
1.375,-87.025,0.0
1.4250000000000007,-87.025,0.0
-14.674999999999999,-87.075,0.0
-14.625,-87.075,0.0
-14.575,-87.075,0.0
-14.524999999999999,-87.075,0.0
-14.225,-87.075,0.0
-6.274999999999999,-87.075,0.0
-6.224999999999998,-87.075,0.0
-6.174999999999999,-87.075,0.0
-6.124999999999998,-87.075,0.0
-0.42499999999999716,-87.075,0.0
-0.375,-87.075,0.0
1.375,-87.075,0.0
1.4250000000000007,-87.075,0.0
-14.625,-87.125,0.0
-14.575,-87.125,0.0
-14.524999999999999,-87.125,0.0
-14.174999999999999,-87.125,0.0
-6.274999999999999,-87.125,0.0
-6.224999999999998,-87.125,0.0
-6.174999999999999,-87.125,0.0
-6.124999999999998,-87.125,0.0
-0.7749999999999986,-87.125,0.0
-0.7249999999999979,-87.125,0.0
-0.6749999999999972,-87.125,0.0
-0.625,-87.125,0.0
-0.5749999999999993,-87.125,0.0
-0.5249999999999986,-87.125,0.0
-0.47499999999999787,-87.125,0.0
-0.42499999999999716,-87.125,0.0
-0.375,-87.125,0.0
1.375,-87.125,0.0
-14.625,-87.17500000000001,0.0
-14.575,-87.17500000000001,0.0
-14.524999999999999,-87.17500000000001,0.0
-9.325,-87.17500000000001,0.0
-6.274999999999999,-87.17500000000001,0.0
-6.224999999999998,-87.17500000000001,0.0
-6.174999999999999,-87.17500000000001,0.0
-6.124999999999998,-87.17500000000001,0.0
-1.1249999999999982,-87.17500000000001,0.0
-1.0749999999999993,-87.17500000000001,0.0
-1.0249999999999986,-87.17500000000001,0.0
-0.9749999999999979,-87.17500000000001,0.0
-0.9249999999999989,-87.17500000000001,0.0
-0.8749999999999982,-87.17500000000001,0.0
-0.8249999999999993,-87.17500000000001,0.0
-0.7749999999999986,-87.17500000000001,0.0
-0.7249999999999979,-87.17500000000001,0.0
-0.6749999999999972,-87.17500000000001,0.0
-0.625,-87.17500000000001,0.0
1.375,-87.17500000000001,0.0
-14.625,-87.225,0.0
-14.575,-87.225,0.0
-14.524999999999999,-87.225,0.0
-9.375,-87.225,0.0
-9.325,-87.225,0.0
-6.274999999999999,-87.225,0.0
-6.224999999999998,-87.225,0.0
-6.174999999999999,-87.225,0.0
-6.124999999999998,-87.225,0.0
-1.6249999999999982,-87.225,0.0
-1.5749999999999993,-87.225,0.0
-1.174999999999999,-87.225,0.0
-1.1249999999999982,-87.225,0.0
-1.0749999999999993,-87.225,0.0
-1.0249999999999986,-87.225,0.0
1.375,-87.225,0.0
-14.625,-87.275,0.0
-14.575,-87.275,0.0
-14.524999999999999,-87.275,0.0
-14.475,-87.275,0.0
-9.375,-87.275,0.0
-9.325,-87.275,0.0
-7.574999999999999,-87.275,0.0
-6.274999999999999,-87.275,0.0
-6.224999999999998,-87.275,0.0
-6.174999999999999,-87.275,0.0
-6.124999999999998,-87.275,0.0
-2.174999999999999,-87.275,0.0
-2.0249999999999986,-87.275,0.0
-1.9749999999999979,-87.275,0.0
-1.174999999999999,-87.275,0.0
-1.1249999999999982,-87.275,0.0
1.375,-87.275,0.0
-14.625,-87.325,0.0
-14.575,-87.325,0.0
-14.524999999999999,-87.325,0.0
-14.475,-87.325,0.0
-6.224999999999998,-87.325,0.0
-6.174999999999999,-87.325,0.0
-6.124999999999998,-87.325,0.0
-2.474999999999998,-87.325,0.0
-2.3749999999999982,-87.325,0.0
-2.224999999999998,-87.325,0.0
-2.174999999999999,-87.325,0.0
-2.1249999999999982,-87.325,0.0
-2.0749999999999993,-87.325,0.0
-2.0249999999999986,-87.325,0.0
-1.5749999999999993,-87.325,0.0
-1.174999999999999,-87.325,0.0
-1.1249999999999982,-87.325,0.0
1.3250000000000028,-87.325,0.0
1.375,-87.325,0.0
-14.625,-87.375,0.0
-14.575,-87.375,0.0
-14.524999999999999,-87.375,0.0
-14.475,-87.375,0.0
-6.224999999999998,-87.375,0.0
-6.174999999999999,-87.375,0.0
-6.124999999999998,-87.375,0.0
-2.724999999999998,-87.375,0.0
-2.674999999999999,-87.375,0.0
-2.6249999999999982,-87.375,0.0
-2.5749999999999993,-87.375,0.0
-2.5249999999999986,-87.375,0.0
-2.474999999999998,-87.375,0.0
-1.174999999999999,-87.375,0.0
-1.1249999999999982,-87.375,0.0
1.3250000000000028,-87.375,0.0
1.375,-87.375,0.0
-14.575,-87.42500000000001,0.0
-14.524999999999999,-87.42500000000001,0.0
-14.475,-87.42500000000001,0.0
-6.224999999999998,-87.42500000000001,0.0
-6.174999999999999,-87.42500000000001,0.0
-6.124999999999998,-87.42500000000001,0.0
-1.174999999999999,-87.42500000000001,0.0
-1.1249999999999982,-87.42500000000001,0.0
1.3250000000000028,-87.42500000000001,0.0
1.375,-87.42500000000001,0.0
-14.575,-87.475,0.0
-14.524999999999999,-87.475,0.0
-14.475,-87.475,0.0
-6.224999999999998,-87.475,0.0
-6.174999999999999,-87.475,0.0
-6.124999999999998,-87.475,0.0
-6.074999999999999,-87.475,0.0
-1.174999999999999,-87.475,0.0
-1.1249999999999982,-87.475,0.0
1.375,-87.475,0.0
1.625,-87.475,0.0
1.7750000000000021,-87.475,0.0
1.8250000000000028,-87.475,0.0
1.875,-87.475,0.0
1.9250000000000007,-87.475,0.0
1.9750000000000014,-87.475,0.0
-14.524999999999999,-87.525,0.0
-14.475,-87.525,0.0
-6.224999999999998,-87.525,0.0
-6.174999999999999,-87.525,0.0
-6.124999999999998,-87.525,0.0
-6.074999999999999,-87.525,0.0
-1.174999999999999,-87.525,0.0
-1.1249999999999982,-87.525,0.0
1.375,-87.525,0.0
1.4250000000000007,-87.525,0.0
1.4750000000000014,-87.525,0.0
1.9250000000000007,-87.525,0.0
1.9750000000000014,-87.525,0.0
2.025000000000002,-87.525,0.0
2.075000000000003,-87.525,0.0
2.125,-87.525,0.0
2.1750000000000007,-87.525,0.0
2.2250000000000014,-87.525,0.0
2.275000000000002,-87.525,0.0
-14.625,-87.575,0.0
-14.524999999999999,-87.575,0.0
-14.475,-87.575,0.0
-6.274999999999999,-87.575,0.0
-6.224999999999998,-87.575,0.0
-6.174999999999999,-87.575,0.0
-6.124999999999998,-87.575,0.0
-1.174999999999999,-87.575,0.0
-1.1249999999999982,-87.575,0.0
1.4250000000000007,-87.575,0.0
2.275000000000002,-87.575,0.0
2.325000000000003,-87.575,0.0
2.375,-87.575,0.0
2.4250000000000007,-87.575,0.0
2.4750000000000014,-87.575,0.0
2.525000000000002,-87.575,0.0
-14.575,-87.625,0.0
-14.524999999999999,-87.625,0.0
-14.475,-87.625,0.0
-14.424999999999999,-87.625,0.0
-6.474999999999998,-87.625,0.0
-6.424999999999999,-87.625,0.0
-6.374999999999998,-87.625,0.0
-6.324999999999999,-87.625,0.0
-6.274999999999999,-87.625,0.0
-6.224999999999998,-87.625,0.0
-6.174999999999999,-87.625,0.0
-6.124999999999998,-87.625,0.0
-1.1249999999999982,-87.625,0.0
0.9750000000000014,-87.625,0.0
2.4250000000000007,-87.625,0.0
2.4750000000000014,-87.625,0.0
2.7250000000000014,-87.625,0.0
2.775000000000002,-87.625,0.0
2.825000000000003,-87.625,0.0
2.8750000000000036,-87.625,0.0
2.9250000000000007,-87.625,0.0
-14.524999999999999,-87.67500000000001,0.0
-14.475,-87.67500000000001,0.0
-14.424999999999999,-87.67500000000001,0.0
-7.124999999999998,-87.67500000000001,0.0
-7.024999999999999,-87.67500000000001,0.0
-6.774999999999999,-87.67500000000001,0.0
-6.724999999999998,-87.67500000000001,0.0
-6.674999999999999,-87.67500000000001,0.0
-6.624999999999998,-87.67500000000001,0.0
-6.574999999999999,-87.67500000000001,0.0
-6.524999999999999,-87.67500000000001,0.0
-6.474999999999998,-87.67500000000001,0.0
-6.424999999999999,-87.67500000000001,0.0
-6.374999999999998,-87.67500000000001,0.0
-6.324999999999999,-87.67500000000001,0.0
-6.274999999999999,-87.67500000000001,0.0
-6.224999999999998,-87.67500000000001,0.0
-6.174999999999999,-87.67500000000001,0.0
-1.174999999999999,-87.67500000000001,0.0
-1.1249999999999982,-87.67500000000001,0.0
-1.0749999999999993,-87.67500000000001,0.0
-0.5749999999999993,-87.67500000000001,0.0
2.4250000000000007,-87.67500000000001,0.0
2.825000000000003,-87.67500000000001,0.0
2.9250000000000007,-87.67500000000001,0.0
2.9750000000000014,-87.67500000000001,0.0
3.025000000000002,-87.67500000000001,0.0
3.075000000000003,-87.67500000000001,0.0
3.1250000000000036,-87.67500000000001,0.0
3.1750000000000007,-87.67500000000001,0.0
3.2250000000000014,-87.67500000000001,0.0
-14.524999999999999,-87.72500000000001,0.0
-14.475,-87.72500000000001,0.0
-14.424999999999999,-87.72500000000001,0.0
-13.575,-87.72500000000001,0.0
-7.374999999999998,-87.72500000000001,0.0
-7.324999999999999,-87.72500000000001,0.0
-7.274999999999999,-87.72500000000001,0.0
-7.225,-87.72500000000001,0.0
-7.174999999999999,-87.72500000000001,0.0
-7.124999999999998,-87.72500000000001,0.0
-7.074999999999999,-87.72500000000001,0.0
-7.024999999999999,-87.72500000000001,0.0
-6.974999999999998,-87.72500000000001,0.0
-6.924999999999999,-87.72500000000001,0.0
-6.874999999999998,-87.72500000000001,0.0
-6.824999999999999,-87.72500000000001,0.0
-6.774999999999999,-87.72500000000001,0.0
-6.724999999999998,-87.72500000000001,0.0
-6.674999999999999,-87.72500000000001,0.0
-6.624999999999998,-87.72500000000001,0.0
-6.574999999999999,-87.72500000000001,0.0
-6.524999999999999,-87.72500000000001,0.0
-6.474999999999998,-87.72500000000001,0.0
-6.424999999999999,-87.72500000000001,0.0
-6.374999999999998,-87.72500000000001,0.0
-6.324999999999999,-87.72500000000001,0.0
-6.274999999999999,-87.72500000000001,0.0
-6.224999999999998,-87.72500000000001,0.0
-1.1249999999999982,-87.72500000000001,0.0
-1.0749999999999993,-87.72500000000001,0.0
3.2250000000000014,-87.72500000000001,0.0
3.275000000000002,-87.72500000000001,0.0
3.325000000000003,-87.72500000000001,0.0
3.3750000000000036,-87.72500000000001,0.0
3.4250000000000007,-87.72500000000001,0.0
3.4750000000000014,-87.72500000000001,0.0
3.525000000000002,-87.72500000000001,0.0
-14.524999999999999,-87.775,0.0
-14.475,-87.775,0.0
-14.424999999999999,-87.775,0.0
-8.124999999999998,-87.775,0.0
-8.024999999999999,-87.775,0.0
-7.975,-87.775,0.0
-7.924999999999999,-87.775,0.0
-7.874999999999998,-87.775,0.0
-7.824999999999999,-87.775,0.0
-7.774999999999999,-87.775,0.0
-7.725,-87.775,0.0
-7.674999999999999,-87.775,0.0
-7.624999999999998,-87.775,0.0
-7.574999999999999,-87.775,0.0
-7.524999999999999,-87.775,0.0
-7.475,-87.775,0.0
-7.424999999999999,-87.775,0.0
-7.374999999999998,-87.775,0.0
-7.324999999999999,-87.775,0.0
-7.274999999999999,-87.775,0.0
-7.225,-87.775,0.0
-7.174999999999999,-87.775,0.0
-7.124999999999998,-87.775,0.0
-7.074999999999999,-87.775,0.0
-7.024999999999999,-87.775,0.0
-6.974999999999998,-87.775,0.0
-6.924999999999999,-87.775,0.0
-6.874999999999998,-87.775,0.0
-6.824999999999999,-87.775,0.0
-6.774999999999999,-87.775,0.0
-6.274999999999999,-87.775,0.0
-6.224999999999998,-87.775,0.0
-1.1249999999999982,-87.775,0.0
-1.0749999999999993,-87.775,0.0
3.525000000000002,-87.775,0.0
3.575000000000003,-87.775,0.0
-14.524999999999999,-87.825,0.0
-14.475,-87.825,0.0
-14.424999999999999,-87.825,0.0
-8.475,-87.825,0.0
-8.424999999999999,-87.825,0.0
-8.374999999999998,-87.825,0.0
-8.325,-87.825,0.0
-8.274999999999999,-87.825,0.0
-8.225,-87.825,0.0
-8.174999999999999,-87.825,0.0
-8.124999999999998,-87.825,0.0
-8.075,-87.825,0.0
-8.024999999999999,-87.825,0.0
-7.975,-87.825,0.0
-7.924999999999999,-87.825,0.0
-7.874999999999998,-87.825,0.0
-7.824999999999999,-87.825,0.0
-7.774999999999999,-87.825,0.0
-7.725,-87.825,0.0
-7.674999999999999,-87.825,0.0
-7.624999999999998,-87.825,0.0
-7.574999999999999,-87.825,0.0
-7.524999999999999,-87.825,0.0
-7.475,-87.825,0.0
-7.424999999999999,-87.825,0.0
-7.374999999999998,-87.825,0.0
-7.324999999999999,-87.825,0.0
-7.274999999999999,-87.825,0.0
-7.225,-87.825,0.0
-7.174999999999999,-87.825,0.0
-1.1249999999999982,-87.825,0.0
-1.0749999999999993,-87.825,0.0
-0.5249999999999986,-87.825,0.0
3.525000000000002,-87.825,0.0
3.575000000000003,-87.825,0.0
3.8750000000000036,-87.825,0.0
4.075000000000003,-87.825,0.0
-14.524999999999999,-87.875,0.0
-14.475,-87.875,0.0
-14.424999999999999,-87.875,0.0
-8.674999999999999,-87.875,0.0
-8.624999999999998,-87.875,0.0
-8.575,-87.875,0.0
-8.524999999999999,-87.875,0.0
-8.475,-87.875,0.0
-8.424999999999999,-87.875,0.0
-8.374999999999998,-87.875,0.0
-8.325,-87.875,0.0
-8.274999999999999,-87.875,0.0
-8.225,-87.875,0.0
-8.174999999999999,-87.875,0.0
-8.124999999999998,-87.875,0.0
-8.075,-87.875,0.0
-8.024999999999999,-87.875,0.0
-7.975,-87.875,0.0
-7.924999999999999,-87.875,0.0
-7.874999999999998,-87.875,0.0
-7.774999999999999,-87.875,0.0
-7.725,-87.875,0.0
-7.674999999999999,-87.875,0.0
-7.624999999999998,-87.875,0.0
-7.574999999999999,-87.875,0.0
-7.475,-87.875,0.0
-7.424999999999999,-87.875,0.0
-1.1249999999999982,-87.875,0.0
-1.0749999999999993,-87.875,0.0
-0.5249999999999986,-87.875,0.0
3.575000000000003,-87.875,0.0
3.8750000000000036,-87.875,0.0
-14.524999999999999,-87.92500000000001,0.0
-14.475,-87.92500000000001,0.0
-14.424999999999999,-87.92500000000001,0.0
-8.674999999999999,-87.92500000000001,0.0
-8.624999999999998,-87.92500000000001,0.0
-8.575,-87.92500000000001,0.0
-8.524999999999999,-87.92500000000001,0.0
-8.475,-87.92500000000001,0.0
-8.424999999999999,-87.92500000000001,0.0
-8.374999999999998,-87.92500000000001,0.0
-8.325,-87.92500000000001,0.0
-8.274999999999999,-87.92500000000001,0.0
-8.225,-87.92500000000001,0.0
-8.174999999999999,-87.92500000000001,0.0
-8.075,-87.92500000000001,0.0
-7.975,-87.92500000000001,0.0
-7.924999999999999,-87.92500000000001,0.0
-7.824999999999999,-87.92500000000001,0.0
-1.0749999999999993,-87.92500000000001,0.0
4.075000000000003,-87.92500000000001,0.0
-14.524999999999999,-87.97500000000001,0.0
-14.475,-87.97500000000001,0.0
-14.424999999999999,-87.97500000000001,0.0
-8.724999999999998,-87.97500000000001,0.0
-8.674999999999999,-87.97500000000001,0.0
-8.475,-87.97500000000001,0.0
-5.374999999999998,-87.97500000000001,0.0
-1.1249999999999982,-87.97500000000001,0.0
-1.0749999999999993,-87.97500000000001,0.0
4.075000000000003,-87.97500000000001,0.0
-14.475,-88.025,0.0
-14.424999999999999,-88.025,0.0
-14.375,-88.025,0.0
-10.575,-88.025,0.0
-10.524999999999999,-88.025,0.0
-10.474999999999998,-88.025,0.0
-10.424999999999999,-88.025,0.0
-10.375,-88.025,0.0
-10.325,-88.025,0.0
-8.724999999999998,-88.025,0.0
-8.674999999999999,-88.025,0.0
-8.624999999999998,-88.025,0.0
-5.874999999999998,-88.025,0.0
-5.824999999999999,-88.025,0.0
-5.774999999999999,-88.025,0.0
-5.724999999999998,-88.025,0.0
-5.674999999999999,-88.025,0.0
-5.624999999999998,-88.025,0.0
-5.574999999999999,-88.025,0.0
-5.524999999999999,-88.025,0.0
-5.474999999999998,-88.025,0.0
-1.1249999999999982,-88.025,0.0
-1.0749999999999993,-88.025,0.0
-14.524999999999999,-88.075,0.0
-14.475,-88.075,0.0
-14.424999999999999,-88.075,0.0
-14.375,-88.075,0.0
-10.974999999999998,-88.075,0.0
-10.924999999999999,-88.075,0.0
-10.875,-88.075,0.0
-10.825,-88.075,0.0
-10.774999999999999,-88.075,0.0
-10.724999999999998,-88.075,0.0
-10.674999999999999,-88.075,0.0
-10.625,-88.075,0.0
-10.575,-88.075,0.0
-10.524999999999999,-88.075,0.0
-10.474999999999998,-88.075,0.0
-10.424999999999999,-88.075,0.0
-10.375,-88.075,0.0
-10.325,-88.075,0.0
-8.774999999999999,-88.075,0.0
-8.724999999999998,-88.075,0.0
-8.674999999999999,-88.075,0.0
-8.624999999999998,-88.075,0.0
-8.524999999999999,-88.075,0.0
-8.475,-88.075,0.0
-6.324999999999999,-88.075,0.0
-6.274999999999999,-88.075,0.0
-6.224999999999998,-88.075,0.0
-6.174999999999999,-88.075,0.0
-6.124999999999998,-88.075,0.0
-6.074999999999999,-88.075,0.0
-6.024999999999999,-88.075,0.0
-5.974999999999998,-88.075,0.0
-5.924999999999999,-88.075,0.0
-5.874999999999998,-88.075,0.0
-5.824999999999999,-88.075,0.0
-5.774999999999999,-88.075,0.0
-5.724999999999998,-88.075,0.0
-5.674999999999999,-88.075,0.0
-5.624999999999998,-88.075,0.0
-5.574999999999999,-88.075,0.0
-5.524999999999999,-88.075,0.0
-5.474999999999998,-88.075,0.0
-5.424999999999999,-88.075,0.0
-5.374999999999998,-88.075,0.0
-1.1249999999999982,-88.075,0.0
-1.0749999999999993,-88.075,0.0
-0.5749999999999993,-88.075,0.0
1.375,-88.075,0.0
-14.524999999999999,-88.125,0.0
-14.475,-88.125,0.0
-14.424999999999999,-88.125,0.0
-14.375,-88.125,0.0
-11.625,-88.125,0.0
-11.575,-88.125,0.0
-11.524999999999999,-88.125,0.0
-11.474999999999998,-88.125,0.0
-11.424999999999999,-88.125,0.0
-11.375,-88.125,0.0
-11.325,-88.125,0.0
-11.274999999999999,-88.125,0.0
-11.224999999999998,-88.125,0.0
-11.174999999999999,-88.125,0.0
-11.125,-88.125,0.0
-11.075,-88.125,0.0
-11.024999999999999,-88.125,0.0
-10.974999999999998,-88.125,0.0
-10.924999999999999,-88.125,0.0
-10.875,-88.125,0.0
-10.825,-88.125,0.0
-10.774999999999999,-88.125,0.0
-10.724999999999998,-88.125,0.0
-10.674999999999999,-88.125,0.0
-10.625,-88.125,0.0
-10.575,-88.125,0.0
-10.524999999999999,-88.125,0.0
-10.474999999999998,-88.125,0.0
-10.424999999999999,-88.125,0.0
-10.375,-88.125,0.0
-10.325,-88.125,0.0
-8.724999999999998,-88.125,0.0
-8.674999999999999,-88.125,0.0
-8.624999999999998,-88.125,0.0
-8.575,-88.125,0.0
-8.524999999999999,-88.125,0.0
-8.475,-88.125,0.0
-7.024999999999999,-88.125,0.0
-6.974999999999998,-88.125,0.0
-6.924999999999999,-88.125,0.0
-6.874999999999998,-88.125,0.0
-6.824999999999999,-88.125,0.0
-6.774999999999999,-88.125,0.0
-6.724999999999998,-88.125,0.0
-6.674999999999999,-88.125,0.0
-6.624999999999998,-88.125,0.0
-6.574999999999999,-88.125,0.0
-6.524999999999999,-88.125,0.0
-6.474999999999998,-88.125,0.0
-6.424999999999999,-88.125,0.0
-6.374999999999998,-88.125,0.0
-6.324999999999999,-88.125,0.0
-6.274999999999999,-88.125,0.0
-6.224999999999998,-88.125,0.0
-6.174999999999999,-88.125,0.0
-6.124999999999998,-88.125,0.0
-6.074999999999999,-88.125,0.0
-6.024999999999999,-88.125,0.0
-5.974999999999998,-88.125,0.0
-5.924999999999999,-88.125,0.0
-5.774999999999999,-88.125,0.0
-5.674999999999999,-88.125,0.0
-5.474999999999998,-88.125,0.0
-5.424999999999999,-88.125,0.0
-5.374999999999998,-88.125,0.0
-1.0749999999999993,-88.125,0.0
-1.0249999999999986,-88.125,0.0
-0.5749999999999993,-88.125,0.0
1.375,-88.125,0.0
-14.475,-88.17500000000001,0.0
-14.424999999999999,-88.17500000000001,0.0
-14.375,-88.17500000000001,0.0
-11.774999999999999,-88.17500000000001,0.0
-11.724999999999998,-88.17500000000001,0.0
-11.674999999999999,-88.17500000000001,0.0
-11.625,-88.17500000000001,0.0
-11.575,-88.17500000000001,0.0
-11.524999999999999,-88.17500000000001,0.0
-11.474999999999998,-88.17500000000001,0.0
-11.424999999999999,-88.17500000000001,0.0
-11.375,-88.17500000000001,0.0
-11.325,-88.17500000000001,0.0
-11.274999999999999,-88.17500000000001,0.0
-11.224999999999998,-88.17500000000001,0.0
-11.174999999999999,-88.17500000000001,0.0
-11.125,-88.17500000000001,0.0
-11.075,-88.17500000000001,0.0
-11.024999999999999,-88.17500000000001,0.0
-10.974999999999998,-88.17500000000001,0.0
-10.924999999999999,-88.17500000000001,0.0
-10.875,-88.17500000000001,0.0
-10.825,-88.17500000000001,0.0
-10.774999999999999,-88.17500000000001,0.0
-10.724999999999998,-88.17500000000001,0.0
-10.674999999999999,-88.17500000000001,0.0
-10.625,-88.17500000000001,0.0
-10.575,-88.17500000000001,0.0
-10.524999999999999,-88.17500000000001,0.0
-10.474999999999998,-88.17500000000001,0.0
-10.375,-88.17500000000001,0.0
-10.325,-88.17500000000001,0.0
-8.724999999999998,-88.17500000000001,0.0
-8.674999999999999,-88.17500000000001,0.0
-8.624999999999998,-88.17500000000001,0.0
-8.575,-88.17500000000001,0.0
-8.524999999999999,-88.17500000000001,0.0
-7.524999999999999,-88.17500000000001,0.0
-7.475,-88.17500000000001,0.0
-7.424999999999999,-88.17500000000001,0.0
-7.374999999999998,-88.17500000000001,0.0
-7.324999999999999,-88.17500000000001,0.0
-7.274999999999999,-88.17500000000001,0.0
-7.225,-88.17500000000001,0.0
-7.174999999999999,-88.17500000000001,0.0
-7.124999999999998,-88.17500000000001,0.0
-7.074999999999999,-88.17500000000001,0.0
-7.024999999999999,-88.17500000000001,0.0
-6.974999999999998,-88.17500000000001,0.0
-6.924999999999999,-88.17500000000001,0.0
-6.874999999999998,-88.17500000000001,0.0
-6.824999999999999,-88.17500000000001,0.0
-6.774999999999999,-88.17500000000001,0.0
-6.724999999999998,-88.17500000000001,0.0
-6.674999999999999,-88.17500000000001,0.0
-6.624999999999998,-88.17500000000001,0.0
-6.574999999999999,-88.17500000000001,0.0
-5.474999999999998,-88.17500000000001,0.0
-5.424999999999999,-88.17500000000001,0.0
-5.374999999999998,-88.17500000000001,0.0
-1.0749999999999993,-88.17500000000001,0.0
-1.0249999999999986,-88.17500000000001,0.0
1.2750000000000021,-88.17500000000001,0.0
1.3250000000000028,-88.17500000000001,0.0
1.375,-88.17500000000001,0.0
-14.475,-88.22500000000001,0.0
-14.424999999999999,-88.22500000000001,0.0
-14.375,-88.22500000000001,0.0
-11.774999999999999,-88.22500000000001,0.0
-11.724999999999998,-88.22500000000001,0.0
-11.674999999999999,-88.22500000000001,0.0
-11.625,-88.22500000000001,0.0
-11.575,-88.22500000000001,0.0
-11.524999999999999,-88.22500000000001,0.0
-11.474999999999998,-88.22500000000001,0.0
-11.424999999999999,-88.22500000000001,0.0
-11.375,-88.22500000000001,0.0
-11.325,-88.22500000000001,0.0
-11.274999999999999,-88.22500000000001,0.0
-11.224999999999998,-88.22500000000001,0.0
-11.174999999999999,-88.22500000000001,0.0
-11.125,-88.22500000000001,0.0
-11.075,-88.22500000000001,0.0
-11.024999999999999,-88.22500000000001,0.0
-10.974999999999998,-88.22500000000001,0.0
-10.924999999999999,-88.22500000000001,0.0
-10.875,-88.22500000000001,0.0
-10.825,-88.22500000000001,0.0
-10.774999999999999,-88.22500000000001,0.0
-10.724999999999998,-88.22500000000001,0.0
-10.674999999999999,-88.22500000000001,0.0
-10.625,-88.22500000000001,0.0
-10.575,-88.22500000000001,0.0
-10.524999999999999,-88.22500000000001,0.0
-10.424999999999999,-88.22500000000001,0.0
-10.375,-88.22500000000001,0.0
-10.325,-88.22500000000001,0.0
-8.774999999999999,-88.22500000000001,0.0
-8.724999999999998,-88.22500000000001,0.0
-8.674999999999999,-88.22500000000001,0.0
-8.624999999999998,-88.22500000000001,0.0
-8.174999999999999,-88.22500000000001,0.0
-8.124999999999998,-88.22500000000001,0.0
-8.075,-88.22500000000001,0.0
-8.024999999999999,-88.22500000000001,0.0
-7.975,-88.22500000000001,0.0
-7.924999999999999,-88.22500000000001,0.0
-7.874999999999998,-88.22500000000001,0.0
-7.824999999999999,-88.22500000000001,0.0
-7.774999999999999,-88.22500000000001,0.0
-7.725,-88.22500000000001,0.0
-7.674999999999999,-88.22500000000001,0.0
-7.624999999999998,-88.22500000000001,0.0
-7.574999999999999,-88.22500000000001,0.0
-7.524999999999999,-88.22500000000001,0.0
-7.475,-88.22500000000001,0.0
-7.424999999999999,-88.22500000000001,0.0
-7.374999999999998,-88.22500000000001,0.0
-7.324999999999999,-88.22500000000001,0.0
-7.274999999999999,-88.22500000000001,0.0
-7.225,-88.22500000000001,0.0
-7.174999999999999,-88.22500000000001,0.0
-7.124999999999998,-88.22500000000001,0.0
-7.074999999999999,-88.22500000000001,0.0
-5.474999999999998,-88.22500000000001,0.0
-5.424999999999999,-88.22500000000001,0.0
-5.374999999999998,-88.22500000000001,0.0
-1.1249999999999982,-88.22500000000001,0.0
-1.0749999999999993,-88.22500000000001,0.0
-1.0249999999999986,-88.22500000000001,0.0
-0.5749999999999993,-88.22500000000001,0.0
1.2750000000000021,-88.22500000000001,0.0
1.3250000000000028,-88.22500000000001,0.0
1.375,-88.22500000000001,0.0
2.325000000000003,-88.22500000000001,0.0
2.375,-88.22500000000001,0.0
-14.475,-88.275,0.0
-14.424999999999999,-88.275,0.0
-14.375,-88.275,0.0
-11.825,-88.275,0.0
-11.774999999999999,-88.275,0.0
-11.724999999999998,-88.275,0.0
-11.674999999999999,-88.275,0.0
-11.625,-88.275,0.0
-11.575,-88.275,0.0
-11.524999999999999,-88.275,0.0
-11.474999999999998,-88.275,0.0
-11.424999999999999,-88.275,0.0
-11.375,-88.275,0.0
-11.325,-88.275,0.0
-11.274999999999999,-88.275,0.0
-11.224999999999998,-88.275,0.0
-11.174999999999999,-88.275,0.0
-11.125,-88.275,0.0
-11.075,-88.275,0.0
-11.024999999999999,-88.275,0.0
-10.974999999999998,-88.275,0.0
-10.924999999999999,-88.275,0.0
-10.875,-88.275,0.0
-10.825,-88.275,0.0
-10.774999999999999,-88.275,0.0
-10.724999999999998,-88.275,0.0
-10.625,-88.275,0.0
-10.424999999999999,-88.275,0.0
-10.375,-88.275,0.0
-10.325,-88.275,0.0
-10.224999999999998,-88.275,0.0
-8.774999999999999,-88.275,0.0
-8.724999999999998,-88.275,0.0
-8.674999999999999,-88.275,0.0
-8.624999999999998,-88.275,0.0
-8.575,-88.275,0.0
-8.524999999999999,-88.275,0.0
-8.475,-88.275,0.0
-8.424999999999999,-88.275,0.0
-8.374999999999998,-88.275,0.0
-8.325,-88.275,0.0
-8.274999999999999,-88.275,0.0
-8.225,-88.275,0.0
-8.174999999999999,-88.275,0.0
-8.124999999999998,-88.275,0.0
-8.075,-88.275,0.0
-8.024999999999999,-88.275,0.0
-7.975,-88.275,0.0
-7.924999999999999,-88.275,0.0
-7.874999999999998,-88.275,0.0
-7.824999999999999,-88.275,0.0
-5.424999999999999,-88.275,0.0
-1.0749999999999993,-88.275,0.0
-1.0249999999999986,-88.275,0.0
-0.5749999999999993,-88.275,0.0
0.1750000000000007,-88.275,0.0
1.3250000000000028,-88.275,0.0
1.375,-88.275,0.0
2.325000000000003,-88.275,0.0
2.775000000000002,-88.275,0.0
3.525000000000002,-88.275,0.0
-14.475,-88.325,0.0
-14.424999999999999,-88.325,0.0
-14.375,-88.325,0.0
-14.325,-88.325,0.0
-14.274999999999999,-88.325,0.0
-14.225,-88.325,0.0
-14.174999999999999,-88.325,0.0
-14.125,-88.325,0.0
-14.075,-88.325,0.0
-14.024999999999999,-88.325,0.0
-13.975,-88.325,0.0
-13.924999999999999,-88.325,0.0
-13.875,-88.325,0.0
-13.825,-88.325,0.0
-13.774999999999999,-88.325,0.0
-13.725,-88.325,0.0
-13.674999999999999,-88.325,0.0
-13.625,-88.325,0.0
-13.575,-88.325,0.0
-13.524999999999999,-88.325,0.0
-13.475,-88.325,0.0
-13.424999999999999,-88.325,0.0
-13.375,-88.325,0.0
-11.774999999999999,-88.325,0.0
-11.724999999999998,-88.325,0.0
-11.674999999999999,-88.325,0.0
-11.625,-88.325,0.0
-11.575,-88.325,0.0
-11.524999999999999,-88.325,0.0
-11.474999999999998,-88.325,0.0
-10.875,-88.325,0.0
-10.524999999999999,-88.325,0.0
-10.375,-88.325,0.0
-10.325,-88.325,0.0
-10.274999999999999,-88.325,0.0
-10.224999999999998,-88.325,0.0
-9.974999999999998,-88.325,0.0
-9.924999999999999,-88.325,0.0
-9.875,-88.325,0.0
-8.724999999999998,-88.325,0.0
-8.674999999999999,-88.325,0.0
-8.624999999999998,-88.325,0.0
-8.575,-88.325,0.0
-8.524999999999999,-88.325,0.0
-8.475,-88.325,0.0
-8.424999999999999,-88.325,0.0
-5.474999999999998,-88.325,0.0
-5.424999999999999,-88.325,0.0
-5.374999999999998,-88.325,0.0
-1.0749999999999993,-88.325,0.0
-1.0249999999999986,-88.325,0.0
-0.2749999999999986,-88.325,0.0
-0.22499999999999787,-88.325,0.0
-0.17499999999999716,-88.325,0.0
1.3250000000000028,-88.325,0.0
2.775000000000002,-88.325,0.0
2.9750000000000014,-88.325,0.0
3.025000000000002,-88.325,0.0
3.525000000000002,-88.325,0.0
-14.475,-88.375,0.0
-14.424999999999999,-88.375,0.0
-14.375,-88.375,0.0
-14.325,-88.375,0.0
-14.274999999999999,-88.375,0.0
-14.225,-88.375,0.0
-14.174999999999999,-88.375,0.0
-14.125,-88.375,0.0
-14.075,-88.375,0.0
-14.024999999999999,-88.375,0.0
-13.975,-88.375,0.0
-13.924999999999999,-88.375,0.0
-13.875,-88.375,0.0
-13.825,-88.375,0.0
-13.774999999999999,-88.375,0.0
-13.725,-88.375,0.0
-13.674999999999999,-88.375,0.0
-13.625,-88.375,0.0
-13.575,-88.375,0.0
-13.524999999999999,-88.375,0.0
-13.475,-88.375,0.0
-13.424999999999999,-88.375,0.0
-13.375,-88.375,0.0
-11.774999999999999,-88.375,0.0
-11.724999999999998,-88.375,0.0
-11.674999999999999,-88.375,0.0
-10.875,-88.375,0.0
-10.825,-88.375,0.0
-10.774999999999999,-88.375,0.0
-10.724999999999998,-88.375,0.0
-10.674999999999999,-88.375,0.0
-10.625,-88.375,0.0
-10.575,-88.375,0.0
-10.524999999999999,-88.375,0.0
-10.474999999999998,-88.375,0.0
-10.424999999999999,-88.375,0.0
-10.375,-88.375,0.0
-10.325,-88.375,0.0
-10.274999999999999,-88.375,0.0
-10.224999999999998,-88.375,0.0
-10.174999999999999,-88.375,0.0
-9.974999999999998,-88.375,0.0
-9.924999999999999,-88.375,0.0
-5.424999999999999,-88.375,0.0
-5.374999999999998,-88.375,0.0
-1.0749999999999993,-88.375,0.0
-1.0249999999999986,-88.375,0.0
-0.9749999999999979,-88.375,0.0
1.3250000000000028,-88.375,0.0
2.775000000000002,-88.375,0.0
2.9750000000000014,-88.375,0.0
3.525000000000002,-88.375,0.0
-14.424999999999999,-88.42500000000001,0.0
-14.325,-88.42500000000001,0.0
-14.274999999999999,-88.42500000000001,0.0
-14.225,-88.42500000000001,0.0
-14.174999999999999,-88.42500000000001,0.0
-14.125,-88.42500000000001,0.0
-14.075,-88.42500000000001,0.0
-13.725,-88.42500000000001,0.0
-13.524999999999999,-88.42500000000001,0.0
-13.424999999999999,-88.42500000000001,0.0
-13.375,-88.42500000000001,0.0
-11.774999999999999,-88.42500000000001,0.0
-11.724999999999998,-88.42500000000001,0.0
-11.674999999999999,-88.42500000000001,0.0
-11.325,-88.42500000000001,0.0
-11.274999999999999,-88.42500000000001,0.0
-11.224999999999998,-88.42500000000001,0.0
-11.174999999999999,-88.42500000000001,0.0
-11.125,-88.42500000000001,0.0
-11.075,-88.42500000000001,0.0
-11.024999999999999,-88.42500000000001,0.0
-10.974999999999998,-88.42500000000001,0.0
-10.924999999999999,-88.42500000000001,0.0
-10.875,-88.42500000000001,0.0
-10.825,-88.42500000000001,0.0
-10.774999999999999,-88.42500000000001,0.0
-10.724999999999998,-88.42500000000001,0.0
-10.674999999999999,-88.42500000000001,0.0
-10.625,-88.42500000000001,0.0
-10.575,-88.42500000000001,0.0
-10.524999999999999,-88.42500000000001,0.0
-10.474999999999998,-88.42500000000001,0.0
-10.424999999999999,-88.42500000000001,0.0
-10.375,-88.42500000000001,0.0
-10.325,-88.42500000000001,0.0
-9.924999999999999,-88.42500000000001,0.0
-6.974999999999998,-88.42500000000001,0.0
-5.774999999999999,-88.42500000000001,0.0
-5.724999999999998,-88.42500000000001,0.0
-5.424999999999999,-88.42500000000001,0.0
-5.374999999999998,-88.42500000000001,0.0
-1.0749999999999993,-88.42500000000001,0.0
-1.0249999999999986,-88.42500000000001,0.0
-0.9749999999999979,-88.42500000000001,0.0
-0.47499999999999787,-88.42500000000001,0.0
1.3250000000000028,-88.42500000000001,0.0
1.375,-88.42500000000001,0.0
2.775000000000002,-88.42500000000001,0.0
2.825000000000003,-88.42500000000001,0.0
3.525000000000002,-88.42500000000001,0.0
-13.625,-88.47500000000001,0.0
-13.524999999999999,-88.47500000000001,0.0
-13.424999999999999,-88.47500000000001,0.0
-13.375,-88.47500000000001,0.0
-12.174999999999999,-88.47500000000001,0.0
-12.125,-88.47500000000001,0.0
-12.075,-88.47500000000001,0.0
-12.024999999999999,-88.47500000000001,0.0
-11.974999999999998,-88.47500000000001,0.0
-11.924999999999999,-88.47500000000001,0.0
-11.875,-88.47500000000001,0.0
-11.825,-88.47500000000001,0.0
-11.774999999999999,-88.47500000000001,0.0
-11.724999999999998,-88.47500000000001,0.0
-11.674999999999999,-88.47500000000001,0.0
-11.325,-88.47500000000001,0.0
-11.274999999999999,-88.47500000000001,0.0
-11.224999999999998,-88.47500000000001,0.0
-11.174999999999999,-88.47500000000001,0.0
-11.125,-88.47500000000001,0.0
-11.075,-88.47500000000001,0.0
-11.024999999999999,-88.47500000000001,0.0
-10.825,-88.47500000000001,0.0
-10.474999999999998,-88.47500000000001,0.0
-6.924999999999999,-88.47500000000001,0.0
-6.274999999999999,-88.47500000000001,0.0
-5.724999999999998,-88.47500000000001,0.0
-5.424999999999999,-88.47500000000001,0.0
-5.374999999999998,-88.47500000000001,0.0
-1.0749999999999993,-88.47500000000001,0.0
-1.0249999999999986,-88.47500000000001,0.0
-0.9749999999999979,-88.47500000000001,0.0
-0.9249999999999989,-88.47500000000001,0.0
0.625,-88.47500000000001,0.0
1.3250000000000028,-88.47500000000001,0.0
1.375,-88.47500000000001,0.0
2.6750000000000007,-88.47500000000001,0.0
2.7250000000000014,-88.47500000000001,0.0
2.775000000000002,-88.47500000000001,0.0
2.825000000000003,-88.47500000000001,0.0
3.4250000000000007,-88.47500000000001,0.0
3.4750000000000014,-88.47500000000001,0.0
3.575000000000003,-88.47500000000001,0.0
-13.524999999999999,-88.525,0.0
-13.424999999999999,-88.525,0.0
-13.375,-88.525,0.0
-13.075,-88.525,0.0
-13.024999999999999,-88.525,0.0
-12.924999999999999,-88.525,0.0
-12.875,-88.525,0.0
-12.825,-88.525,0.0
-12.774999999999999,-88.525,0.0
-12.725,-88.525,0.0
-12.674999999999999,-88.525,0.0
-12.625,-88.525,0.0
-12.575,-88.525,0.0
-12.524999999999999,-88.525,0.0
-12.474999999999998,-88.525,0.0
-12.424999999999999,-88.525,0.0
-12.375,-88.525,0.0
-12.325,-88.525,0.0
-12.274999999999999,-88.525,0.0
-12.224999999999998,-88.525,0.0
-12.174999999999999,-88.525,0.0
-12.125,-88.525,0.0
-12.075,-88.525,0.0
-12.024999999999999,-88.525,0.0
-11.974999999999998,-88.525,0.0
-11.924999999999999,-88.525,0.0
-11.875,-88.525,0.0
-11.825,-88.525,0.0
-11.774999999999999,-88.525,0.0
-11.325,-88.525,0.0
-11.274999999999999,-88.525,0.0
-11.224999999999998,-88.525,0.0
-6.924999999999999,-88.525,0.0
-6.874999999999998,-88.525,0.0
-6.274999999999999,-88.525,0.0
-6.224999999999998,-88.525,0.0
-5.424999999999999,-88.525,0.0
-5.374999999999998,-88.525,0.0
-1.0249999999999986,-88.525,0.0
-0.9749999999999979,-88.525,0.0
-0.9249999999999989,-88.525,0.0
1.3250000000000028,-88.525,0.0
2.6250000000000036,-88.525,0.0
2.6750000000000007,-88.525,0.0
2.825000000000003,-88.525,0.0
3.575000000000003,-88.525,0.0
-13.575,-88.575,0.0
-13.524999999999999,-88.575,0.0
-13.475,-88.575,0.0
-13.424999999999999,-88.575,0.0
-13.375,-88.575,0.0
-13.325,-88.575,0.0
-13.274999999999999,-88.575,0.0
-13.225,-88.575,0.0
-13.174999999999999,-88.575,0.0
-13.125,-88.575,0.0
-13.075,-88.575,0.0
-13.024999999999999,-88.575,0.0
-12.975,-88.575,0.0
-12.924999999999999,-88.575,0.0
-12.875,-88.575,0.0
-12.825,-88.575,0.0
-12.774999999999999,-88.575,0.0
-12.725,-88.575,0.0
-12.674999999999999,-88.575,0.0
-12.625,-88.575,0.0
-12.575,-88.575,0.0
-12.524999999999999,-88.575,0.0
-12.474999999999998,-88.575,0.0
-12.424999999999999,-88.575,0.0
-12.375,-88.575,0.0
-12.325,-88.575,0.0
-12.274999999999999,-88.575,0.0
-12.224999999999998,-88.575,0.0
-12.174999999999999,-88.575,0.0
-12.125,-88.575,0.0
-12.075,-88.575,0.0
-12.024999999999999,-88.575,0.0
-11.974999999999998,-88.575,0.0
-11.924999999999999,-88.575,0.0
-11.875,-88.575,0.0
-11.825,-88.575,0.0
-11.325,-88.575,0.0
-11.274999999999999,-88.575,0.0
-6.874999999999998,-88.575,0.0
-6.174999999999999,-88.575,0.0
-5.424999999999999,-88.575,0.0
-5.374999999999998,-88.575,0.0
1.3250000000000028,-88.575,0.0
-13.625,-88.625,0.0
-13.524999999999999,-88.625,0.0
-13.475,-88.625,0.0
-13.424999999999999,-88.625,0.0
-13.375,-88.625,0.0
-13.325,-88.625,0.0
-13.274999999999999,-88.625,0.0
-13.225,-88.625,0.0
-13.174999999999999,-88.625,0.0
-13.125,-88.625,0.0
-13.075,-88.625,0.0
-13.024999999999999,-88.625,0.0
-12.975,-88.625,0.0
-12.924999999999999,-88.625,0.0
-12.875,-88.625,0.0
-12.825,-88.625,0.0
-12.774999999999999,-88.625,0.0
-12.725,-88.625,0.0
-12.674999999999999,-88.625,0.0
-12.625,-88.625,0.0
-12.575,-88.625,0.0
-12.474999999999998,-88.625,0.0
-12.424999999999999,-88.625,0.0
-12.375,-88.625,0.0
-12.325,-88.625,0.0
-12.274999999999999,-88.625,0.0
-12.224999999999998,-88.625,0.0
-12.174999999999999,-88.625,0.0
-12.125,-88.625,0.0
-11.325,-88.625,0.0
-11.274999999999999,-88.625,0.0
-6.874999999999998,-88.625,0.0
-5.424999999999999,-88.625,0.0
-5.374999999999998,-88.625,0.0
-5.324999999999999,-88.625,0.0
-1.0249999999999986,-88.625,0.0
1.2750000000000021,-88.625,0.0
1.3250000000000028,-88.625,0.0
2.825000000000003,-88.625,0.0
-11.325,-88.67500000000001,0.0
-11.274999999999999,-88.67500000000001,0.0
-6.874999999999998,-88.67500000000001,0.0
-6.824999999999999,-88.67500000000001,0.0
-5.424999999999999,-88.67500000000001,0.0
-5.374999999999998,-88.67500000000001,0.0
-5.324999999999999,-88.67500000000001,0.0
-1.0749999999999993,-88.67500000000001,0.0
-1.0249999999999986,-88.67500000000001,0.0
1.2750000000000021,-88.67500000000001,0.0
1.3250000000000028,-88.67500000000001,0.0
2.775000000000002,-88.67500000000001,0.0
2.825000000000003,-88.67500000000001,0.0
-11.325,-88.72500000000001,0.0
-11.274999999999999,-88.72500000000001,0.0
-6.874999999999998,-88.72500000000001,0.0
-6.824999999999999,-88.72500000000001,0.0
-5.424999999999999,-88.72500000000001,0.0
-5.374999999999998,-88.72500000000001,0.0
-5.324999999999999,-88.72500000000001,0.0
-1.0249999999999986,-88.72500000000001,0.0
-0.9749999999999979,-88.72500000000001,0.0
-0.8749999999999982,-88.72500000000001,0.0
1.2750000000000021,-88.72500000000001,0.0
1.3250000000000028,-88.72500000000001,0.0
2.775000000000002,-88.72500000000001,0.0
-11.325,-88.775,0.0
-11.274999999999999,-88.775,0.0
-6.874999999999998,-88.775,0.0
-5.424999999999999,-88.775,0.0
-5.374999999999998,-88.775,0.0
-5.324999999999999,-88.775,0.0
-1.0749999999999993,-88.775,0.0
-1.0249999999999986,-88.775,0.0
-0.9749999999999979,-88.775,0.0
1.2750000000000021,-88.775,0.0
1.3250000000000028,-88.775,0.0
-11.325,-88.825,0.0
-11.274999999999999,-88.825,0.0
-5.374999999999998,-88.825,0.0
-5.324999999999999,-88.825,0.0
-1.0249999999999986,-88.825,0.0
-0.9749999999999979,-88.825,0.0
-0.9249999999999989,-88.825,0.0
-0.8749999999999982,-88.825,0.0
-0.8249999999999993,-88.825,0.0
1.2750000000000021,-88.825,0.0
1.3250000000000028,-88.825,0.0
-11.274999999999999,-88.875,0.0
-6.274999999999999,-88.875,0.0
-5.374999999999998,-88.875,0.0
-0.9749999999999979,-88.875,0.0
-0.9249999999999989,-88.875,0.0
-0.8749999999999982,-88.875,0.0
-0.8249999999999993,-88.875,0.0
-0.7749999999999986,-88.875,0.0
0.22500000000000142,-88.875,0.0
1.2750000000000021,-88.875,0.0
1.3250000000000028,-88.875,0.0
-11.274999999999999,-88.92500000000001,0.0
-6.274999999999999,-88.92500000000001,0.0
-5.374999999999998,-88.92500000000001,0.0
-0.8749999999999982,-88.92500000000001,0.0
-0.8249999999999993,-88.92500000000001,0.0
-0.7749999999999986,-88.92500000000001,0.0
-0.7249999999999979,-88.92500000000001,0.0
-0.6749999999999972,-88.92500000000001,0.0
-0.625,-88.92500000000001,0.0
0.27500000000000213,-88.92500000000001,0.0
1.2750000000000021,-88.92500000000001,0.0
1.3250000000000028,-88.92500000000001,0.0
-11.274999999999999,-88.97500000000001,0.0
-6.324999999999999,-88.97500000000001,0.0
-6.274999999999999,-88.97500000000001,0.0
-5.374999999999998,-88.97500000000001,0.0
-0.7749999999999986,-88.97500000000001,0.0
-0.7249999999999979,-88.97500000000001,0.0
-0.6749999999999972,-88.97500000000001,0.0
-0.625,-88.97500000000001,0.0
-0.5749999999999993,-88.97500000000001,0.0
-0.5249999999999986,-88.97500000000001,0.0
1.1750000000000007,-88.97500000000001,0.0
1.2250000000000014,-88.97500000000001,0.0
1.2750000000000021,-88.97500000000001,0.0
1.3250000000000028,-88.97500000000001,0.0
-11.274999999999999,-89.025,0.0
-7.124999999999998,-89.025,0.0
-7.074999999999999,-89.025,0.0
-6.274999999999999,-89.025,0.0
-5.724999999999998,-89.025,0.0
-5.674999999999999,-89.025,0.0
-5.374999999999998,-89.025,0.0
-5.324999999999999,-89.025,0.0
-0.6749999999999972,-89.025,0.0
-0.625,-89.025,0.0
-0.5749999999999993,-89.025,0.0
-0.5249999999999986,-89.025,0.0
-0.47499999999999787,-89.025,0.0
1.2250000000000014,-89.025,0.0
1.2750000000000021,-89.025,0.0
-11.274999999999999,-89.075,0.0
-11.224999999999998,-89.075,0.0
-7.124999999999998,-89.075,0.0
-7.074999999999999,-89.075,0.0
-6.924999999999999,-89.075,0.0
-6.874999999999998,-89.075,0.0
-6.274999999999999,-89.075,0.0
-5.374999999999998,-89.075,0.0
-5.324999999999999,-89.075,0.0
-0.5749999999999993,-89.075,0.0
-0.5249999999999986,-89.075,0.0
-0.47499999999999787,-89.075,0.0
-0.42499999999999716,-89.075,0.0
1.2250000000000014,-89.075,0.0
1.2750000000000021,-89.075,0.0
-11.274999999999999,-89.125,0.0
-11.224999999999998,-89.125,0.0
-6.324999999999999,-89.125,0.0
-6.274999999999999,-89.125,0.0
-5.374999999999998,-89.125,0.0
-5.324999999999999,-89.125,0.0
-0.5749999999999993,-89.125,0.0
-0.5249999999999986,-89.125,0.0
-0.47499999999999787,-89.125,0.0
-0.42499999999999716,-89.125,0.0
-0.375,-89.125,0.0
1.1750000000000007,-89.125,0.0
1.2250000000000014,-89.125,0.0
-11.274999999999999,-89.17500000000001,0.0
-11.224999999999998,-89.17500000000001,0.0
-6.324999999999999,-89.17500000000001,0.0
-6.274999999999999,-89.17500000000001,0.0
-5.374999999999998,-89.17500000000001,0.0
-5.324999999999999,-89.17500000000001,0.0
-0.5249999999999986,-89.17500000000001,0.0
-0.47499999999999787,-89.17500000000001,0.0
-0.42499999999999716,-89.17500000000001,0.0
-0.375,-89.17500000000001,0.0
-0.3249999999999993,-89.17500000000001,0.0
-0.2749999999999986,-89.17500000000001,0.0
-0.22499999999999787,-89.17500000000001,0.0
-0.125,-89.17500000000001,0.0
1.125,-89.17500000000001,0.0
1.1750000000000007,-89.17500000000001,0.0
-11.274999999999999,-89.22500000000001,0.0
-11.224999999999998,-89.22500000000001,0.0
-6.324999999999999,-89.22500000000001,0.0
-5.374999999999998,-89.22500000000001,0.0
-5.324999999999999,-89.22500000000001,0.0
-5.274999999999999,-89.22500000000001,0.0
-0.3249999999999993,-89.22500000000001,0.0
-0.2749999999999986,-89.22500000000001,0.0
-0.22499999999999787,-89.22500000000001,0.0
-0.17499999999999716,-89.22500000000001,0.0
-0.125,-89.22500000000001,0.0
-0.07499999999999929,-89.22500000000001,0.0
1.125,-89.22500000000001,0.0
1.1750000000000007,-89.22500000000001,0.0
-11.274999999999999,-89.275,0.0
-11.224999999999998,-89.275,0.0
-6.374999999999998,-89.275,0.0
-5.374999999999998,-89.275,0.0
-5.324999999999999,-89.275,0.0
-5.274999999999999,-89.275,0.0
-0.3249999999999993,-89.275,0.0
-0.2749999999999986,-89.275,0.0
-0.22499999999999787,-89.275,0.0
-0.07499999999999929,-89.275,0.0
-0.02499999999999858,-89.275,0.0
0.02500000000000213,-89.275,0.0
-11.274999999999999,-89.325,0.0
-11.224999999999998,-89.325,0.0
-6.924999999999999,-89.325,0.0
-5.374999999999998,-89.325,0.0
-5.324999999999999,-89.325,0.0
-0.2749999999999986,-89.325,0.0
0.02500000000000213,-89.325,0.0
0.07500000000000284,-89.325,0.0
-11.274999999999999,-89.375,0.0
-11.224999999999998,-89.375,0.0
-5.374999999999998,-89.375,0.0
-5.324999999999999,-89.375,0.0
0.125,-89.375,0.0
0.1750000000000007,-89.375,0.0
-11.274999999999999,-89.42500000000001,0.0
-11.224999999999998,-89.42500000000001,0.0
-8.225,-89.42500000000001,0.0
-6.874999999999998,-89.42500000000001,0.0
-5.324999999999999,-89.42500000000001,0.0
-5.274999999999999,-89.42500000000001,0.0
-0.8749999999999982,-89.42500000000001,0.0
0.1750000000000007,-89.42500000000001,0.0
0.22500000000000142,-89.42500000000001,0.0
-11.274999999999999,-89.47500000000001,0.0
-11.224999999999998,-89.47500000000001,0.0
-8.225,-89.47500000000001,0.0
-6.824999999999999,-89.47500000000001,0.0
-5.324999999999999,-89.47500000000001,0.0
-5.274999999999999,-89.47500000000001,0.0
-1.5249999999999986,-89.47500000000001,0.0
0.02500000000000213,-89.47500000000001,0.0
0.07500000000000284,-89.47500000000001,0.0
0.22500000000000142,-89.47500000000001,0.0
0.27500000000000213,-89.47500000000001,0.0
0.32500000000000284,-89.47500000000001,0.0
-11.224999999999998,-89.525,0.0
-8.225,-89.525,0.0
-8.174999999999999,-89.525,0.0
-7.975,-89.525,0.0
-5.324999999999999,-89.525,0.0
-5.274999999999999,-89.525,0.0
-1.5249999999999986,-89.525,0.0
-0.625,-89.525,0.0
0.07500000000000284,-89.525,0.0
0.27500000000000213,-89.525,0.0
-11.224999999999998,-89.575,0.0
-8.875,-89.575,0.0
-8.524999999999999,-89.575,0.0
-8.174999999999999,-89.575,0.0
-8.075,-89.575,0.0
-8.024999999999999,-89.575,0.0
-5.624999999999998,-89.575,0.0
-5.324999999999999,-89.575,0.0
-5.274999999999999,-89.575,0.0
-11.224999999999998,-89.625,0.0
-11.174999999999999,-89.625,0.0
-8.825,-89.625,0.0
-8.624999999999998,-89.625,0.0
-8.575,-89.625,0.0
-8.424999999999999,-89.625,0.0
-8.374999999999998,-89.625,0.0
-8.325,-89.625,0.0
-8.274999999999999,-89.625,0.0
-8.225,-89.625,0.0
-8.174999999999999,-89.625,0.0
-8.124999999999998,-89.625,0.0
-8.075,-89.625,0.0
-5.624999999999998,-89.625,0.0
-5.324999999999999,-89.625,0.0
-5.274999999999999,-89.625,0.0
-0.42499999999999716,-89.625,0.0
-11.224999999999998,-89.67500000000001,0.0
-11.174999999999999,-89.67500000000001,0.0
-8.825,-89.67500000000001,0.0
-8.774999999999999,-89.67500000000001,0.0
-8.674999999999999,-89.67500000000001,0.0
-8.624999999999998,-89.67500000000001,0.0
-8.225,-89.67500000000001,0.0
-8.174999999999999,-89.67500000000001,0.0
-8.124999999999998,-89.67500000000001,0.0
-6.524999999999999,-89.67500000000001,0.0
-5.674999999999999,-89.67500000000001,0.0
-5.624999999999998,-89.67500000000001,0.0
-5.324999999999999,-89.67500000000001,0.0
-5.274999999999999,-89.67500000000001,0.0
-11.224999999999998,-89.72500000000001,0.0
-11.174999999999999,-89.72500000000001,0.0
-8.774999999999999,-89.72500000000001,0.0
-8.724999999999998,-89.72500000000001,0.0
-8.674999999999999,-89.72500000000001,0.0
-8.225,-89.72500000000001,0.0
-8.124999999999998,-89.72500000000001,0.0
-8.075,-89.72500000000001,0.0
-6.474999999999998,-89.72500000000001,0.0
-5.674999999999999,-89.72500000000001,0.0
-5.624999999999998,-89.72500000000001,0.0
-5.324999999999999,-89.72500000000001,0.0
-5.274999999999999,-89.72500000000001,0.0
-11.224999999999998,-89.775,0.0
-11.174999999999999,-89.775,0.0
-8.825,-89.775,0.0
-8.774999999999999,-89.775,0.0
-8.724999999999998,-89.775,0.0
-8.274999999999999,-89.775,0.0
-8.225,-89.775,0.0
-8.075,-89.775,0.0
-8.024999999999999,-89.775,0.0
-5.674999999999999,-89.775,0.0
-5.324999999999999,-89.775,0.0
-5.274999999999999,-89.775,0.0
1.1750000000000007,-89.775,0.0
-11.224999999999998,-89.825,0.0
-11.174999999999999,-89.825,0.0
-9.024999999999999,-89.825,0.0
-8.974999999999998,-89.825,0.0
-8.924999999999999,-89.825,0.0
-8.875,-89.825,0.0
-8.825,-89.825,0.0
-8.774999999999999,-89.825,0.0
-8.724999999999998,-89.825,0.0
-8.674999999999999,-89.825,0.0
-8.624999999999998,-89.825,0.0
-8.274999999999999,-89.825,0.0
-5.674999999999999,-89.825,0.0
-5.324999999999999,-89.825,0.0
-5.274999999999999,-89.825,0.0
-0.2749999999999986,-89.825,0.0
0.9250000000000007,-89.825,0.0
0.9750000000000014,-89.825,0.0
1.0250000000000021,-89.825,0.0
1.0750000000000028,-89.825,0.0
1.125,-89.825,0.0
1.1750000000000007,-89.825,0.0
1.2750000000000021,-89.825,0.0
1.3250000000000028,-89.825,0.0
1.375,-89.825,0.0
-11.224999999999998,-89.875,0.0
-11.174999999999999,-89.875,0.0
-8.774999999999999,-89.875,0.0
-8.624999999999998,-89.875,0.0
-8.575,-89.875,0.0
-7.975,-89.875,0.0
-7.924999999999999,-89.875,0.0
-5.724999999999998,-89.875,0.0
-5.324999999999999,-89.875,0.0
-5.274999999999999,-89.875,0.0
0.7250000000000014,-89.875,0.0
0.9750000000000014,-89.875,0.0
1.0250000000000021,-89.875,0.0
1.2750000000000021,-89.875,0.0
1.3250000000000028,-89.875,0.0
1.375,-89.875,0.0
1.4250000000000007,-89.875,0.0
-11.224999999999998,-89.92500000000001,0.0
-11.174999999999999,-89.92500000000001,0.0
-8.774999999999999,-89.92500000000001,0.0
-7.975,-89.92500000000001,0.0
-7.924999999999999,-89.92500000000001,0.0
-5.324999999999999,-89.92500000000001,0.0
-5.274999999999999,-89.92500000000001,0.0
1.375,-89.92500000000001,0.0
1.4250000000000007,-89.92500000000001,0.0
1.4750000000000014,-89.92500000000001,0.0
1.5250000000000021,-89.92500000000001,0.0
-11.224999999999998,-89.97500000000001,0.0
-11.174999999999999,-89.97500000000001,0.0
-9.125,-89.97500000000001,0.0
-9.024999999999999,-89.97500000000001,0.0
-8.774999999999999,-89.97500000000001,0.0
-7.975,-89.97500000000001,0.0
-7.725,-89.97500000000001,0.0
-7.674999999999999,-89.97500000000001,0.0
-5.324999999999999,-89.97500000000001,0.0
-5.274999999999999,-89.97500000000001,0.0
1.4750000000000014,-89.97500000000001,0.0
1.5250000000000021,-89.97500000000001,0.0
1.5750000000000028,-89.97500000000001,0.0
-11.224999999999998,-90.025,0.0
-11.174999999999999,-90.025,0.0
-9.174999999999999,-90.025,0.0
-9.125,-90.025,0.0
-9.075,-90.025,0.0
-7.674999999999999,-90.025,0.0
-7.524999999999999,-90.025,0.0
-7.475,-90.025,0.0
-5.324999999999999,-90.025,0.0
-5.274999999999999,-90.025,0.0
1.5750000000000028,-90.025,0.0
1.625,-90.025,0.0
1.6750000000000007,-90.025,0.0
-11.224999999999998,-90.075,0.0
-11.174999999999999,-90.075,0.0
-7.674999999999999,-90.075,0.0
-7.574999999999999,-90.075,0.0
-7.524999999999999,-90.075,0.0
-5.274999999999999,-90.075,0.0
1.6750000000000007,-90.075,0.0
1.7250000000000014,-90.075,0.0
1.7750000000000021,-90.075,0.0
-11.174999999999999,-90.125,0.0
-9.174999999999999,-90.125,0.0
-7.924999999999999,-90.125,0.0
-7.874999999999998,-90.125,0.0
-7.824999999999999,-90.125,0.0
-7.774999999999999,-90.125,0.0
-7.725,-90.125,0.0
-7.674999999999999,-90.125,0.0
-7.624999999999998,-90.125,0.0
-7.574999999999999,-90.125,0.0
-5.274999999999999,-90.125,0.0
1.7250000000000014,-90.125,0.0
1.7750000000000021,-90.125,0.0
1.8250000000000028,-90.125,0.0
1.875,-90.125,0.0
-11.174999999999999,-90.17500000000001,0.0
-9.224999999999998,-90.17500000000001,0.0
-7.674999999999999,-90.17500000000001,0.0
-7.624999999999998,-90.17500000000001,0.0
-7.574999999999999,-90.17500000000001,0.0
-5.574999999999999,-90.17500000000001,0.0
-5.274999999999999,-90.17500000000001,0.0
-5.224999999999998,-90.17500000000001,0.0
1.8250000000000028,-90.17500000000001,0.0
1.875,-90.17500000000001,0.0
1.9250000000000007,-90.17500000000001,0.0
1.9750000000000014,-90.17500000000001,0.0
2.125,-90.17500000000001,0.0
2.1750000000000007,-90.17500000000001,0.0
-11.174999999999999,-90.22500000000001,0.0
-11.125,-90.22500000000001,0.0
-9.424999999999999,-90.22500000000001,0.0
-9.224999999999998,-90.22500000000001,0.0
-7.725,-90.22500000000001,0.0
-7.674999999999999,-90.22500000000001,0.0
-7.574999999999999,-90.22500000000001,0.0
-7.524999999999999,-90.22500000000001,0.0
-5.624999999999998,-90.22500000000001,0.0
-5.574999999999999,-90.22500000000001,0.0
-5.274999999999999,-90.22500000000001,0.0
-5.224999999999998,-90.22500000000001,0.0
1.9250000000000007,-90.22500000000001,0.0
1.9750000000000014,-90.22500000000001,0.0
2.025000000000002,-90.22500000000001,0.0
-11.174999999999999,-90.275,0.0
-9.424999999999999,-90.275,0.0
-9.375,-90.275,0.0
-9.325,-90.275,0.0
-9.274999999999999,-90.275,0.0
-9.224999999999998,-90.275,0.0
-9.174999999999999,-90.275,0.0
-7.725,-90.275,0.0
-7.524999999999999,-90.275,0.0
-5.674999999999999,-90.275,0.0
-5.624999999999998,-90.275,0.0
-5.274999999999999,-90.275,0.0
-5.224999999999998,-90.275,0.0
2.025000000000002,-90.275,0.0
2.125,-90.275,0.0
2.2250000000000014,-90.275,0.0
2.275000000000002,-90.275,0.0
-11.174999999999999,-90.325,0.0
-11.125,-90.325,0.0
-9.325,-90.325,0.0
-9.274999999999999,-90.325,0.0
-9.224999999999998,-90.325,0.0
-9.174999999999999,-90.325,0.0
-9.125,-90.325,0.0
-9.075,-90.325,0.0
-5.674999999999999,-90.325,0.0
-5.624999999999998,-90.325,0.0
-5.274999999999999,-90.325,0.0
-5.224999999999998,-90.325,0.0
-11.174999999999999,-90.375,0.0
-11.125,-90.375,0.0
-9.325,-90.375,0.0
-9.274999999999999,-90.375,0.0
-9.224999999999998,-90.375,0.0
-9.174999999999999,-90.375,0.0
-5.724999999999998,-90.375,0.0
-5.674999999999999,-90.375,0.0
-5.274999999999999,-90.375,0.0
-5.224999999999998,-90.375,0.0
2.2250000000000014,-90.375,0.0
2.275000000000002,-90.375,0.0
2.325000000000003,-90.375,0.0
2.375,-90.375,0.0
-11.174999999999999,-90.42500000000001,0.0
-11.125,-90.42500000000001,0.0
-9.325,-90.42500000000001,0.0
-9.224999999999998,-90.42500000000001,0.0
-9.174999999999999,-90.42500000000001,0.0
-5.274999999999999,-90.42500000000001,0.0
-5.224999999999998,-90.42500000000001,0.0
2.375,-90.42500000000001,0.0
2.4250000000000007,-90.42500000000001,0.0
-11.174999999999999,-90.47500000000001,0.0
-11.125,-90.47500000000001,0.0
-9.375,-90.47500000000001,0.0
-9.174999999999999,-90.47500000000001,0.0
-5.274999999999999,-90.47500000000001,0.0
-5.224999999999998,-90.47500000000001,0.0
2.375,-90.47500000000001,0.0
2.4750000000000014,-90.47500000000001,0.0
2.525000000000002,-90.47500000000001,0.0
-11.174999999999999,-90.525,0.0
-11.125,-90.525,0.0
-9.174999999999999,-90.525,0.0
-9.125,-90.525,0.0
-7.574999999999999,-90.525,0.0
-6.124999999999998,-90.525,0.0
-5.274999999999999,-90.525,0.0
-5.224999999999998,-90.525,0.0
2.4750000000000014,-90.525,0.0
2.575000000000003,-90.525,0.0
2.6250000000000036,-90.525,0.0
-11.174999999999999,-90.575,0.0
-11.125,-90.575,0.0
-9.125,-90.575,0.0
-7.574999999999999,-90.575,0.0
-6.124999999999998,-90.575,0.0
-5.274999999999999,-90.575,0.0
-5.224999999999998,-90.575,0.0
2.6250000000000036,-90.575,0.0
2.6750000000000007,-90.575,0.0
-11.174999999999999,-90.625,0.0
-11.125,-90.625,0.0
-7.725,-90.625,0.0
-7.674999999999999,-90.625,0.0
-7.574999999999999,-90.625,0.0
-5.274999999999999,-90.625,0.0
-5.224999999999998,-90.625,0.0
-11.125,-90.67500000000001,0.0
-7.674999999999999,-90.67500000000001,0.0
-7.624999999999998,-90.67500000000001,0.0
-7.574999999999999,-90.67500000000001,0.0
-7.524999999999999,-90.67500000000001,0.0
-7.475,-90.67500000000001,0.0
-7.424999999999999,-90.67500000000001,0.0
-7.374999999999998,-90.67500000000001,0.0
-7.324999999999999,-90.67500000000001,0.0
-5.274999999999999,-90.67500000000001,0.0
-5.224999999999998,-90.67500000000001,0.0
-11.125,-90.72500000000001,0.0
-7.674999999999999,-90.72500000000001,0.0
-7.624999999999998,-90.72500000000001,0.0
-7.574999999999999,-90.72500000000001,0.0
-7.524999999999999,-90.72500000000001,0.0
-5.224999999999998,-90.72500000000001,0.0
-11.174999999999999,-90.775,0.0
-11.125,-90.775,0.0
-7.674999999999999,-90.775,0.0
-7.574999999999999,-90.775,0.0
-7.524999999999999,-90.775,0.0
-5.524999999999999,-90.775,0.0
-5.224999999999998,-90.775,0.0
-11.125,-90.825,0.0
-9.274999999999999,-90.825,0.0
-7.524999999999999,-90.825,0.0
-5.624999999999998,-90.825,0.0
-5.574999999999999,-90.825,0.0
-5.524999999999999,-90.825,0.0
-5.224999999999998,-90.825,0.0
-11.125,-90.875,0.0
-9.474999999999998,-90.875,0.0
-9.424999999999999,-90.875,0.0
-9.274999999999999,-90.875,0.0
-7.524999999999999,-90.875,0.0
-5.674999999999999,-90.875,0.0
-5.624999999999998,-90.875,0.0
-5.574999999999999,-90.875,0.0
-5.224999999999998,-90.875,0.0
-11.125,-90.92500000000001,0.0
-9.424999999999999,-90.92500000000001,0.0
-9.375,-90.92500000000001,0.0
-9.325,-90.92500000000001,0.0
-9.274999999999999,-90.92500000000001,0.0
-5.574999999999999,-90.92500000000001,0.0
-5.224999999999998,-90.92500000000001,0.0
-5.174999999999999,-90.92500000000001,0.0
-11.125,-90.97500000000001,0.0
-9.375,-90.97500000000001,0.0
-9.325,-90.97500000000001,0.0
-9.274999999999999,-90.97500000000001,0.0
-8.225,-90.97500000000001,0.0
-8.174999999999999,-90.97500000000001,0.0
-8.124999999999998,-90.97500000000001,0.0
-5.224999999999998,-90.97500000000001,0.0
-5.174999999999999,-90.97500000000001,0.0
-11.125,-91.025,0.0
-11.075,-91.025,0.0
-9.424999999999999,-91.025,0.0
-9.375,-91.025,0.0
-9.325,-91.025,0.0
-9.274999999999999,-91.025,0.0
-8.424999999999999,-91.025,0.0
-8.374999999999998,-91.025,0.0
-8.325,-91.025,0.0
-8.274999999999999,-91.025,0.0
-8.225,-91.025,0.0
-8.174999999999999,-91.025,0.0
-8.124999999999998,-91.025,0.0
-6.224999999999998,-91.025,0.0
-5.224999999999998,-91.025,0.0
-5.174999999999999,-91.025,0.0
-5.124999999999998,-91.025,0.0
-11.125,-91.075,0.0
-11.075,-91.075,0.0
-9.474999999999998,-91.075,0.0
-9.424999999999999,-91.075,0.0
-9.325,-91.075,0.0
-9.274999999999999,-91.075,0.0
-8.575,-91.075,0.0
-8.524999999999999,-91.075,0.0
-8.475,-91.075,0.0
-8.424999999999999,-91.075,0.0
-8.374999999999998,-91.075,0.0
-8.325,-91.075,0.0
-8.274999999999999,-91.075,0.0
-8.174999999999999,-91.075,0.0
-8.124999999999998,-91.075,0.0
-7.624999999999998,-91.075,0.0
-5.224999999999998,-91.075,0.0
-5.174999999999999,-91.075,0.0
-11.125,-91.125,0.0
-11.075,-91.125,0.0
-9.325,-91.125,0.0
-9.274999999999999,-91.125,0.0
-8.624999999999998,-91.125,0.0
-8.575,-91.125,0.0
-8.524999999999999,-91.125,0.0
-8.274999999999999,-91.125,0.0
-8.174999999999999,-91.125,0.0
-7.624999999999998,-91.125,0.0
-5.224999999999998,-91.125,0.0
-5.174999999999999,-91.125,0.0
-11.125,-91.17500000000001,0.0
-11.075,-91.17500000000001,0.0
-9.274999999999999,-91.17500000000001,0.0
-8.624999999999998,-91.17500000000001,0.0
-8.575,-91.17500000000001,0.0
-8.274999999999999,-91.17500000000001,0.0
-8.174999999999999,-91.17500000000001,0.0
-8.124999999999998,-91.17500000000001,0.0
-7.674999999999999,-91.17500000000001,0.0
-7.624999999999998,-91.17500000000001,0.0
-5.224999999999998,-91.17500000000001,0.0
-5.174999999999999,-91.17500000000001,0.0
-11.125,-91.22500000000001,0.0
-11.075,-91.22500000000001,0.0
-9.274999999999999,-91.22500000000001,0.0
-8.624999999999998,-91.22500000000001,0.0
-8.575,-91.22500000000001,0.0
-8.274999999999999,-91.22500000000001,0.0
-8.174999999999999,-91.22500000000001,0.0
-7.674999999999999,-91.22500000000001,0.0
-7.624999999999998,-91.22500000000001,0.0
-7.574999999999999,-91.22500000000001,0.0
-7.524999999999999,-91.22500000000001,0.0
-7.475,-91.22500000000001,0.0
-7.424999999999999,-91.22500000000001,0.0
-5.224999999999998,-91.22500000000001,0.0
-5.174999999999999,-91.22500000000001,0.0
-11.125,-91.275,0.0
-11.075,-91.275,0.0
-8.575,-91.275,0.0
-8.274999999999999,-91.275,0.0
-8.225,-91.275,0.0
-8.174999999999999,-91.275,0.0
-7.674999999999999,-91.275,0.0
-7.624999999999998,-91.275,0.0
-7.574999999999999,-91.275,0.0
-5.424999999999999,-91.275,0.0
-5.224999999999998,-91.275,0.0
-5.174999999999999,-91.275,0.0
-11.125,-91.325,0.0
-11.075,-91.325,0.0
-8.624999999999998,-91.325,0.0
-8.575,-91.325,0.0
-8.274999999999999,-91.325,0.0
-8.174999999999999,-91.325,0.0
-7.725,-91.325,0.0
-7.674999999999999,-91.325,0.0
-7.624999999999998,-91.325,0.0
-7.574999999999999,-91.325,0.0
-5.474999999999998,-91.325,0.0
-5.424999999999999,-91.325,0.0
-5.174999999999999,-91.325,0.0
-11.125,-91.375,0.0
-11.075,-91.375,0.0
-9.375,-91.375,0.0
-8.575,-91.375,0.0
-8.524999999999999,-91.375,0.0
-8.174999999999999,-91.375,0.0
-8.124999999999998,-91.375,0.0
-7.725,-91.375,0.0
-7.674999999999999,-91.375,0.0
-7.574999999999999,-91.375,0.0
-5.524999999999999,-91.375,0.0
-5.474999999999998,-91.375,0.0
-5.174999999999999,-91.375,0.0
-11.125,-91.42500000000001,0.0
-11.075,-91.42500000000001,0.0
-9.325,-91.42500000000001,0.0
-8.524999999999999,-91.42500000000001,0.0
-8.124999999999998,-91.42500000000001,0.0
-8.024999999999999,-91.42500000000001,0.0
-7.574999999999999,-91.42500000000001,0.0
-7.524999999999999,-91.42500000000001,0.0
-5.574999999999999,-91.42500000000001,0.0
-5.524999999999999,-91.42500000000001,0.0
-5.174999999999999,-91.42500000000001,0.0
-11.125,-91.47500000000001,0.0
-11.075,-91.47500000000001,0.0
-9.325,-91.47500000000001,0.0
-9.174999999999999,-91.47500000000001,0.0
-9.125,-91.47500000000001,0.0
-8.524999999999999,-91.47500000000001,0.0
-8.475,-91.47500000000001,0.0
-8.124999999999998,-91.47500000000001,0.0
-8.075,-91.47500000000001,0.0
-8.024999999999999,-91.47500000000001,0.0
-7.975,-91.47500000000001,0.0
-7.524999999999999,-91.47500000000001,0.0
-6.024999999999999,-91.47500000000001,0.0
-5.524999999999999,-91.47500000000001,0.0
-5.174999999999999,-91.47500000000001,0.0
-11.125,-91.525,0.0
-11.075,-91.525,0.0
-9.325,-91.525,0.0
-9.274999999999999,-91.525,0.0
-9.224999999999998,-91.525,0.0
-9.174999999999999,-91.525,0.0
-8.524999999999999,-91.525,0.0
-8.475,-91.525,0.0
-8.274999999999999,-91.525,0.0
-8.225,-91.525,0.0
-8.174999999999999,-91.525,0.0
-8.124999999999998,-91.525,0.0
-8.075,-91.525,0.0
-8.024999999999999,-91.525,0.0
-6.024999999999999,-91.525,0.0
-5.174999999999999,-91.525,0.0
-11.125,-91.575,0.0
-11.075,-91.575,0.0
-9.524999999999999,-91.575,0.0
-9.474999999999998,-91.575,0.0
-9.424999999999999,-91.575,0.0
-9.375,-91.575,0.0
-9.325,-91.575,0.0
-9.274999999999999,-91.575,0.0
-9.224999999999998,-91.575,0.0
-8.475,-91.575,0.0
-8.424999999999999,-91.575,0.0
-8.374999999999998,-91.575,0.0
-8.325,-91.575,0.0
-8.274999999999999,-91.575,0.0
-8.225,-91.575,0.0
-8.174999999999999,-91.575,0.0
-8.124999999999998,-91.575,0.0
-5.174999999999999,-91.575,0.0
-11.075,-91.625,0.0
-11.024999999999999,-91.625,0.0
-9.274999999999999,-91.625,0.0
-9.174999999999999,-91.625,0.0
-8.475,-91.625,0.0
-8.424999999999999,-91.625,0.0
-8.374999999999998,-91.625,0.0
-7.774999999999999,-91.625,0.0
-7.725,-91.625,0.0
-5.174999999999999,-91.625,0.0
-5.124999999999998,-91.625,0.0
-11.075,-91.67500000000001,0.0
-11.024999999999999,-91.67500000000001,0.0
-9.325,-91.67500000000001,0.0
-9.274999999999999,-91.67500000000001,0.0
-9.174999999999999,-91.67500000000001,0.0
-9.125,-91.67500000000001,0.0
-9.075,-91.67500000000001,0.0
-7.774999999999999,-91.67500000000001,0.0
-7.424999999999999,-91.67500000000001,0.0
-7.374999999999998,-91.67500000000001,0.0
-5.174999999999999,-91.67500000000001,0.0
-5.124999999999998,-91.67500000000001,0.0
-11.075,-91.72500000000001,0.0
-11.024999999999999,-91.72500000000001,0.0
-9.325,-91.72500000000001,0.0
-9.274999999999999,-91.72500000000001,0.0
-9.075,-91.72500000000001,0.0
-9.024999999999999,-91.72500000000001,0.0
-8.924999999999999,-91.72500000000001,0.0
-8.875,-91.72500000000001,0.0
-7.424999999999999,-91.72500000000001,0.0
-7.374999999999998,-91.72500000000001,0.0
-7.225,-91.72500000000001,0.0
-5.174999999999999,-91.72500000000001,0.0
-5.124999999999998,-91.72500000000001,0.0
-11.075,-91.775,0.0
-11.024999999999999,-91.775,0.0
-9.325,-91.775,0.0
-8.974999999999998,-91.775,0.0
-8.924999999999999,-91.775,0.0
-7.424999999999999,-91.775,0.0
-7.374999999999998,-91.775,0.0
-7.324999999999999,-91.775,0.0
-7.274999999999999,-91.775,0.0
-7.225,-91.775,0.0
-5.174999999999999,-91.775,0.0
-5.124999999999998,-91.775,0.0
-11.075,-91.825,0.0
-11.024999999999999,-91.825,0.0
-7.574999999999999,-91.825,0.0
-7.524999999999999,-91.825,0.0
-7.475,-91.825,0.0
-7.424999999999999,-91.825,0.0
-7.374999999999998,-91.825,0.0
-7.324999999999999,-91.825,0.0
-7.274999999999999,-91.825,0.0
-5.174999999999999,-91.825,0.0
-5.124999999999998,-91.825,0.0
-5.074999999999999,-91.825,0.0
-11.075,-91.875,0.0
-11.024999999999999,-91.875,0.0
-7.324999999999999,-91.875,0.0
-7.274999999999999,-91.875,0.0
-5.474999999999998,-91.875,0.0
-5.424999999999999,-91.875,0.0
-5.174999999999999,-91.875,0.0
-5.124999999999998,-91.875,0.0
-5.074999999999999,-91.875,0.0
-11.075,-91.92500000000001,0.0
-11.024999999999999,-91.92500000000001,0.0
-9.274999999999999,-91.92500000000001,0.0
-7.374999999999998,-91.92500000000001,0.0
-7.324999999999999,-91.92500000000001,0.0
-7.274999999999999,-91.92500000000001,0.0
-7.225,-91.92500000000001,0.0
-6.124999999999998,-91.92500000000001,0.0
-5.474999999999998,-91.92500000000001,0.0
-5.424999999999999,-91.92500000000001,0.0
-5.124999999999998,-91.92500000000001,0.0
-5.074999999999999,-91.92500000000001,0.0
-11.075,-91.97500000000001,0.0
-11.024999999999999,-91.97500000000001,0.0
-9.274999999999999,-91.97500000000001,0.0
-7.424999999999999,-91.97500000000001,0.0
-7.374999999999998,-91.97500000000001,0.0
-5.574999999999999,-91.97500000000001,0.0
-5.524999999999999,-91.97500000000001,0.0
-5.474999999999998,-91.97500000000001,0.0
-5.124999999999998,-91.97500000000001,0.0
-5.074999999999999,-91.97500000000001,0.0
-11.075,-92.025,0.0
-11.024999999999999,-92.025,0.0
-9.274999999999999,-92.025,0.0
-9.224999999999998,-92.025,0.0
-7.374999999999998,-92.025,0.0
-5.474999999999998,-92.025,0.0
-5.124999999999998,-92.025,0.0
-11.075,-92.075,0.0
-11.024999999999999,-92.075,0.0
-9.274999999999999,-92.075,0.0
-9.224999999999998,-92.075,0.0
-9.125,-92.075,0.0
-5.474999999999998,-92.075,0.0
-5.124999999999998,-92.075,0.0
-11.075,-92.125,0.0
-11.024999999999999,-92.125,0.0
-9.474999999999998,-92.125,0.0
-9.424999999999999,-92.125,0.0
-9.375,-92.125,0.0
-9.325,-92.125,0.0
-9.274999999999999,-92.125,0.0
-9.224999999999998,-92.125,0.0
-9.174999999999999,-92.125,0.0
-5.124999999999998,-92.125,0.0
-11.075,-92.17500000000001,0.0
-11.024999999999999,-92.17500000000001,0.0
-9.274999999999999,-92.17500000000001,0.0
-9.224999999999998,-92.17500000000001,0.0
-9.174999999999999,-92.17500000000001,0.0
-7.274999999999999,-92.17500000000001,0.0
-5.124999999999998,-92.17500000000001,0.0
-5.074999999999999,-92.17500000000001,0.0
-11.075,-92.22500000000001,0.0
-11.024999999999999,-92.22500000000001,0.0
-10.674999999999999,-92.22500000000001,0.0
-9.274999999999999,-92.22500000000001,0.0
-9.174999999999999,-92.22500000000001,0.0
-9.125,-92.22500000000001,0.0
-7.274999999999999,-92.22500000000001,0.0
-5.124999999999998,-92.22500000000001,0.0
-5.074999999999999,-92.22500000000001,0.0
-11.075,-92.275,0.0
-11.024999999999999,-92.275,0.0
-10.974999999999998,-92.275,0.0
-10.674999999999999,-92.275,0.0
-9.274999999999999,-92.275,0.0
-9.075,-92.275,0.0
-9.024999999999999,-92.275,0.0
-8.174999999999999,-92.275,0.0
-8.124999999999998,-92.275,0.0
-7.524999999999999,-92.275,0.0
-7.274999999999999,-92.275,0.0
-5.124999999999998,-92.275,0.0
-5.074999999999999,-92.275,0.0
-11.024999999999999,-92.325,0.0
-10.974999999999998,-92.325,0.0
-9.325,-92.325,0.0
-9.274999999999999,-92.325,0.0
-9.024999999999999,-92.325,0.0
-8.174999999999999,-92.325,0.0
-8.124999999999998,-92.325,0.0
-8.075,-92.325,0.0
-7.475,-92.325,0.0
-7.424999999999999,-92.325,0.0
-7.374999999999998,-92.325,0.0
-7.274999999999999,-92.325,0.0
-5.124999999999998,-92.325,0.0
-5.074999999999999,-92.325,0.0
-11.024999999999999,-92.375,0.0
-10.974999999999998,-92.375,0.0
-8.174999999999999,-92.375,0.0
-8.124999999999998,-92.375,0.0
-7.374999999999998,-92.375,0.0
-7.324999999999999,-92.375,0.0
-7.274999999999999,-92.375,0.0
-7.225,-92.375,0.0
-7.174999999999999,-92.375,0.0
-7.124999999999998,-92.375,0.0
-7.074999999999999,-92.375,0.0
-5.124999999999998,-92.375,0.0
-5.074999999999999,-92.375,0.0
-11.024999999999999,-92.42500000000001,0.0
-10.974999999999998,-92.42500000000001,0.0
-7.324999999999999,-92.42500000000001,0.0
-7.274999999999999,-92.42500000000001,0.0
-7.225,-92.42500000000001,0.0
-5.924999999999999,-92.42500000000001,0.0
-5.424999999999999,-92.42500000000001,0.0
-5.124999999999998,-92.42500000000001,0.0
-5.074999999999999,-92.42500000000001,0.0
-11.024999999999999,-92.47500000000001,0.0
-10.974999999999998,-92.47500000000001,0.0
-9.174999999999999,-92.47500000000001,0.0
-9.125,-92.47500000000001,0.0
-7.374999999999998,-92.47500000000001,0.0
-7.324999999999999,-92.47500000000001,0.0
-7.274999999999999,-92.47500000000001,0.0
-5.424999999999999,-92.47500000000001,0.0
-5.324999999999999,-92.47500000000001,0.0
-5.124999999999998,-92.47500000000001,0.0
-5.074999999999999,-92.47500000000001,0.0
-11.024999999999999,-92.525,0.0
-10.974999999999998,-92.525,0.0
-9.174999999999999,-92.525,0.0
-9.125,-92.525,0.0
-7.374999999999998,-92.525,0.0
-7.225,-92.525,0.0
-5.474999999999998,-92.525,0.0
-5.424999999999999,-92.525,0.0
-5.374999999999998,-92.525,0.0
-5.124999999999998,-92.525,0.0
-5.074999999999999,-92.525,0.0
-11.024999999999999,-92.575,0.0
-10.974999999999998,-92.575,0.0
-10.524999999999999,-92.575,0.0
-9.174999999999999,-92.575,0.0
-9.125,-92.575,0.0
-8.924999999999999,-92.575,0.0
-8.875,-92.575,0.0
-7.225,-92.575,0.0
-5.424999999999999,-92.575,0.0
-5.074999999999999,-92.575,0.0
-5.024999999999999,-92.575,0.0
-11.024999999999999,-92.625,0.0
-10.974999999999998,-92.625,0.0
-9.375,-92.625,0.0
-9.325,-92.625,0.0
-9.174999999999999,-92.625,0.0
-9.125,-92.625,0.0
-9.024999999999999,-92.625,0.0
-8.974999999999998,-92.625,0.0
-7.225,-92.625,0.0
-7.174999999999999,-92.625,0.0
-5.474999999999998,-92.625,0.0
-5.074999999999999,-92.625,0.0
-5.024999999999999,-92.625,0.0
-11.024999999999999,-92.67500000000001,0.0
-10.974999999999998,-92.67500000000001,0.0
-9.325,-92.67500000000001,0.0
-9.274999999999999,-92.67500000000001,0.0
-9.224999999999998,-92.67500000000001,0.0
-9.174999999999999,-92.67500000000001,0.0
-9.125,-92.67500000000001,0.0
-5.074999999999999,-92.67500000000001,0.0
-5.024999999999999,-92.67500000000001,0.0
-11.024999999999999,-92.72500000000001,0.0
-10.974999999999998,-92.72500000000001,0.0
-9.174999999999999,-92.72500000000001,0.0
-9.125,-92.72500000000001,0.0
-9.075,-92.72500000000001,0.0
-7.274999999999999,-92.72500000000001,0.0
-5.074999999999999,-92.72500000000001,0.0
-5.024999999999999,-92.72500000000001,0.0
-11.024999999999999,-92.775,0.0
-10.974999999999998,-92.775,0.0
-9.224999999999998,-92.775,0.0
-9.174999999999999,-92.775,0.0
-9.125,-92.775,0.0
-9.075,-92.775,0.0
-7.274999999999999,-92.775,0.0
-5.074999999999999,-92.775,0.0
-5.024999999999999,-92.775,0.0
-10.974999999999998,-92.825,0.0
-9.224999999999998,-92.825,0.0
-9.075,-92.825,0.0
-9.024999999999999,-92.825,0.0
-7.274999999999999,-92.825,0.0
-5.074999999999999,-92.825,0.0
-5.024999999999999,-92.825,0.0
-10.974999999999998,-92.875,0.0
-10.924999999999999,-92.875,0.0
-9.024999999999999,-92.875,0.0
-8.974999999999998,-92.875,0.0
-7.674999999999999,-92.875,0.0
-7.624999999999998,-92.875,0.0
-7.574999999999999,-92.875,0.0
-7.274999999999999,-92.875,0.0
-7.225,-92.875,0.0
-7.124999999999998,-92.875,0.0
-7.074999999999999,-92.875,0.0
-5.074999999999999,-92.875,0.0
-5.024999999999999,-92.875,0.0
-10.974999999999998,-92.92500000000001,0.0
-10.924999999999999,-92.92500000000001,0.0
-8.974999999999998,-92.92500000000001,0.0
-8.774999999999999,-92.92500000000001,0.0
-7.674999999999999,-92.92500000000001,0.0
-7.624999999999998,-92.92500000000001,0.0
-7.524999999999999,-92.92500000000001,0.0
-7.374999999999998,-92.92500000000001,0.0
-7.324999999999999,-92.92500000000001,0.0
-7.274999999999999,-92.92500000000001,0.0
-7.225,-92.92500000000001,0.0
-7.174999999999999,-92.92500000000001,0.0
-7.124999999999998,-92.92500000000001,0.0
-5.074999999999999,-92.92500000000001,0.0
-5.024999999999999,-92.92500000000001,0.0
-10.974999999999998,-92.97500000000001,0.0
-10.924999999999999,-92.97500000000001,0.0
-8.825,-92.97500000000001,0.0
-8.774999999999999,-92.97500000000001,0.0
-7.225,-92.97500000000001,0.0
-7.174999999999999,-92.97500000000001,0.0
-5.074999999999999,-92.97500000000001,0.0
-5.024999999999999,-92.97500000000001,0.0
-10.974999999999998,-93.025,0.0
-10.924999999999999,-93.025,0.0
-8.825,-93.025,0.0
-8.774999999999999,-93.025,0.0
-7.274999999999999,-93.025,0.0
-7.225,-93.025,0.0
-7.174999999999999,-93.025,0.0
-5.374999999999998,-93.025,0.0
-5.074999999999999,-93.025,0.0
-5.024999999999999,-93.025,0.0
-10.974999999999998,-93.075,0.0
-10.924999999999999,-93.075,0.0
-9.224999999999998,-93.075,0.0
-8.924999999999999,-93.075,0.0
-7.274999999999999,-93.075,0.0
-7.174999999999999,-93.075,0.0
-7.124999999999998,-93.075,0.0
-5.474999999999998,-93.075,0.0
-5.424999999999999,-93.075,0.0
-5.374999999999998,-93.075,0.0
-5.074999999999999,-93.075,0.0
-5.024999999999999,-93.075,0.0
-10.974999999999998,-93.125,0.0
-10.924999999999999,-93.125,0.0
-9.174999999999999,-93.125,0.0
-7.324999999999999,-93.125,0.0
-7.274999999999999,-93.125,0.0
-7.124999999999998,-93.125,0.0
-7.074999999999999,-93.125,0.0
-5.424999999999999,-93.125,0.0
-5.374999999999998,-93.125,0.0
-5.074999999999999,-93.125,0.0
-5.024999999999999,-93.125,0.0
-4.974999999999998,-93.125,0.0
-10.974999999999998,-93.17500000000001,0.0
-10.924999999999999,-93.17500000000001,0.0
-9.174999999999999,-93.17500000000001,0.0
-9.075,-93.17500000000001,0.0
-5.424999999999999,-93.17500000000001,0.0
-5.074999999999999,-93.17500000000001,0.0
-5.024999999999999,-93.17500000000001,0.0
-4.974999999999998,-93.17500000000001,0.0
-10.974999999999998,-93.22500000000001,0.0
-10.924999999999999,-93.22500000000001,0.0
-9.174999999999999,-93.22500000000001,0.0
-9.125,-93.22500000000001,0.0
-9.075,-93.22500000000001,0.0
-5.074999999999999,-93.22500000000001,0.0
-5.024999999999999,-93.22500000000001,0.0
-4.974999999999998,-93.22500000000001,0.0
-10.924999999999999,-93.275,0.0
-9.224999999999998,-93.275,0.0
-9.174999999999999,-93.275,0.0
-9.125,-93.275,0.0
-5.074999999999999,-93.275,0.0
-5.024999999999999,-93.275,0.0
-10.974999999999998,-93.325,0.0
-10.924999999999999,-93.325,0.0
-9.375,-93.325,0.0
-9.325,-93.325,0.0
-9.274999999999999,-93.325,0.0
-9.224999999999998,-93.325,0.0
-9.174999999999999,-93.325,0.0
-9.125,-93.325,0.0
-9.024999999999999,-93.325,0.0
-7.324999999999999,-93.325,0.0
-7.274999999999999,-93.325,0.0
-5.074999999999999,-93.325,0.0
-5.024999999999999,-93.325,0.0
-4.974999999999998,-93.325,0.0
-10.974999999999998,-93.375,0.0
-10.924999999999999,-93.375,0.0
-9.125,-93.375,0.0
-8.974999999999998,-93.375,0.0
-8.924999999999999,-93.375,0.0
-7.324999999999999,-93.375,0.0
-7.274999999999999,-93.375,0.0
-5.024999999999999,-93.375,0.0
-4.974999999999998,-93.375,0.0
-10.924999999999999,-93.42500000000001,0.0
-9.174999999999999,-93.42500000000001,0.0
-9.125,-93.42500000000001,0.0
-8.875,-93.42500000000001,0.0
-7.274999999999999,-93.42500000000001,0.0
-7.124999999999998,-93.42500000000001,0.0
-7.074999999999999,-93.42500000000001,0.0
-5.024999999999999,-93.42500000000001,0.0
-10.924999999999999,-93.47500000000001,0.0
-7.274999999999999,-93.47500000000001,0.0
-7.174999999999999,-93.47500000000001,0.0
-7.124999999999998,-93.47500000000001,0.0
-5.024999999999999,-93.47500000000001,0.0
-10.924999999999999,-93.525,0.0
-10.875,-93.525,0.0
-7.374999999999998,-93.525,0.0
-7.324999999999999,-93.525,0.0
-7.274999999999999,-93.525,0.0
-7.225,-93.525,0.0
-5.374999999999998,-93.525,0.0
-5.024999999999999,-93.525,0.0
-10.924999999999999,-93.575,0.0
-10.875,-93.575,0.0
-10.375,-93.575,0.0
-7.324999999999999,-93.575,0.0
-7.274999999999999,-93.575,0.0
-7.225,-93.575,0.0
-7.174999999999999,-93.575,0.0
-5.374999999999998,-93.575,0.0
-5.024999999999999,-93.575,0.0
-4.974999999999998,-93.575,0.0
-10.924999999999999,-93.625,0.0
-10.875,-93.625,0.0
-7.324999999999999,-93.625,0.0
-7.274999999999999,-93.625,0.0
-7.174999999999999,-93.625,0.0
-7.124999999999998,-93.625,0.0
-5.374999999999998,-93.625,0.0
-5.324999999999999,-93.625,0.0
-5.024999999999999,-93.625,0.0
-4.974999999999998,-93.625,0.0
-10.924999999999999,-93.67500000000001,0.0
-10.875,-93.67500000000001,0.0
-7.324999999999999,-93.67500000000001,0.0
-7.124999999999998,-93.67500000000001,0.0
-7.074999999999999,-93.67500000000001,0.0
-5.374999999999998,-93.67500000000001,0.0
-5.324999999999999,-93.67500000000001,0.0
-5.024999999999999,-93.67500000000001,0.0
-4.974999999999998,-93.67500000000001,0.0
-10.924999999999999,-93.72500000000001,0.0
-10.875,-93.72500000000001,0.0
-9.075,-93.72500000000001,0.0
-7.374999999999998,-93.72500000000001,0.0
-7.074999999999999,-93.72500000000001,0.0
-5.424999999999999,-93.72500000000001,0.0
-5.024999999999999,-93.72500000000001,0.0
-10.924999999999999,-93.775,0.0
-10.875,-93.775,0.0
-9.075,-93.775,0.0
-9.024999999999999,-93.775,0.0
-5.424999999999999,-93.775,0.0
-5.024999999999999,-93.775,0.0
-4.974999999999998,-93.775,0.0
-10.875,-93.825,0.0
-9.024999999999999,-93.825,0.0
-8.974999999999998,-93.825,0.0
-5.024999999999999,-93.825,0.0
-4.974999999999998,-93.825,0.0
-10.875,-93.875,0.0
-9.274999999999999,-93.875,0.0
-9.224999999999998,-93.875,0.0
-9.174999999999999,-93.875,0.0
-9.125,-93.875,0.0
-9.075,-93.875,0.0
-9.024999999999999,-93.875,0.0
-8.974999999999998,-93.875,0.0
-7.324999999999999,-93.875,0.0
-5.024999999999999,-93.875,0.0
-4.974999999999998,-93.875,0.0
-10.875,-93.92500000000001,0.0
-9.174999999999999,-93.92500000000001,0.0
-9.125,-93.92500000000001,0.0
-9.075,-93.92500000000001,0.0
-9.024999999999999,-93.92500000000001,0.0
-8.974999999999998,-93.92500000000001,0.0
-8.924999999999999,-93.92500000000001,0.0
-7.324999999999999,-93.92500000000001,0.0
-7.274999999999999,-93.92500000000001,0.0
-7.024999999999999,-93.92500000000001,0.0
-5.024999999999999,-93.92500000000001,0.0
-4.974999999999998,-93.92500000000001,0.0
-4.924999999999999,-93.92500000000001,0.0
-10.875,-93.97500000000001,0.0
-9.024999999999999,-93.97500000000001,0.0
-8.924999999999999,-93.97500000000001,0.0
-8.875,-93.97500000000001,0.0
-8.825,-93.97500000000001,0.0
-7.274999999999999,-93.97500000000001,0.0
-7.074999999999999,-93.97500000000001,0.0
-5.024999999999999,-93.97500000000001,0.0
-4.974999999999998,-93.97500000000001,0.0
-10.875,-94.025,0.0
-10.524999999999999,-94.025,0.0
-9.075,-94.025,0.0
-8.825,-94.025,0.0
-8.774999999999999,-94.025,0.0
-7.274999999999999,-94.025,0.0
-7.225,-94.025,0.0
-7.124999999999998,-94.025,0.0
-7.074999999999999,-94.025,0.0
-5.024999999999999,-94.025,0.0
-4.974999999999998,-94.025,0.0
-10.875,-94.075,0.0
-10.825,-94.075,0.0
-10.524999999999999,-94.075,0.0
-7.274999999999999,-94.075,0.0
-7.225,-94.075,0.0
-7.174999999999999,-94.075,0.0
-5.424999999999999,-94.075,0.0
-5.024999999999999,-94.075,0.0
-4.974999999999998,-94.075,0.0
-10.875,-94.125,0.0
-10.825,-94.125,0.0
-7.374999999999998,-94.125,0.0
-7.324999999999999,-94.125,0.0
-7.274999999999999,-94.125,0.0
-7.225,-94.125,0.0
-7.174999999999999,-94.125,0.0
-7.124999999999998,-94.125,0.0
-5.424999999999999,-94.125,0.0
-5.024999999999999,-94.125,0.0
-4.974999999999998,-94.125,0.0
-10.875,-94.17500000000001,0.0
-10.825,-94.17500000000001,0.0
-7.225,-94.17500000000001,0.0
-7.124999999999998,-94.17500000000001,0.0
-7.074999999999999,-94.17500000000001,0.0
-5.524999999999999,-94.17500000000001,0.0
-5.424999999999999,-94.17500000000001,0.0
-5.374999999999998,-94.17500000000001,0.0
-5.324999999999999,-94.17500000000001,0.0
-5.274999999999999,-94.17500000000001,0.0
-4.974999999999998,-94.17500000000001,0.0
-10.875,-94.22500000000001,0.0
-10.825,-94.22500000000001,0.0
-8.774999999999999,-94.22500000000001,0.0
-7.225,-94.22500000000001,0.0
-7.024999999999999,-94.22500000000001,0.0
-6.974999999999998,-94.22500000000001,0.0
-5.424999999999999,-94.22500000000001,0.0
-4.974999999999998,-94.22500000000001,0.0
-10.875,-94.275,0.0
-10.825,-94.275,0.0
-8.774999999999999,-94.275,0.0
-7.274999999999999,-94.275,0.0
-7.225,-94.275,0.0
-5.474999999999998,-94.275,0.0
-5.424999999999999,-94.275,0.0
-4.974999999999998,-94.275,0.0
-10.875,-94.325,0.0
-10.825,-94.325,0.0
-8.774999999999999,-94.325,0.0
-7.274999999999999,-94.325,0.0
-5.474999999999998,-94.325,0.0
-4.974999999999998,-94.325,0.0
-10.875,-94.375,0.0
-10.825,-94.375,0.0
-9.024999999999999,-94.375,0.0
-8.825,-94.375,0.0
-8.774999999999999,-94.375,0.0
-4.974999999999998,-94.375,0.0
-10.875,-94.42500000000001,0.0
-10.825,-94.42500000000001,0.0
-8.974999999999998,-94.42500000000001,0.0
-8.924999999999999,-94.42500000000001,0.0
-8.875,-94.42500000000001,0.0
-8.825,-94.42500000000001,0.0
-4.974999999999998,-94.42500000000001,0.0
-10.875,-94.47500000000001,0.0
-10.825,-94.47500000000001,0.0
-8.875,-94.47500000000001,0.0
-8.825,-94.47500000000001,0.0
-8.774999999999999,-94.47500000000001,0.0
-8.724999999999998,-94.47500000000001,0.0
-7.475,-94.47500000000001,0.0
-7.424999999999999,-94.47500000000001,0.0
-7.225,-94.47500000000001,0.0
-7.174999999999999,-94.47500000000001,0.0
-4.974999999999998,-94.47500000000001,0.0
-10.825,-94.525,0.0
-8.875,-94.525,0.0
-8.825,-94.525,0.0
-8.774999999999999,-94.525,0.0
-7.475,-94.525,0.0
-7.424999999999999,-94.525,0.0
-7.225,-94.525,0.0
-4.974999999999998,-94.525,0.0
-10.825,-94.575,0.0
-8.924999999999999,-94.575,0.0
-8.875,-94.575,0.0
-8.774999999999999,-94.575,0.0
-8.724999999999998,-94.575,0.0
-7.475,-94.575,0.0
-7.424999999999999,-94.575,0.0
-7.374999999999998,-94.575,0.0
-7.274999999999999,-94.575,0.0
-7.225,-94.575,0.0
-4.974999999999998,-94.575,0.0
-10.825,-94.625,0.0
-8.774999999999999,-94.625,0.0
-8.724999999999998,-94.625,0.0
-8.524999999999999,-94.625,0.0
-7.475,-94.625,0.0
-7.424999999999999,-94.625,0.0
-7.374999999999998,-94.625,0.0
-7.324999999999999,-94.625,0.0
-7.274999999999999,-94.625,0.0
-6.024999999999999,-94.625,0.0
-4.974999999999998,-94.625,0.0
-10.825,-94.67500000000001,0.0
-8.724999999999998,-94.67500000000001,0.0
-8.674999999999999,-94.67500000000001,0.0
-8.624999999999998,-94.67500000000001,0.0
-8.524999999999999,-94.67500000000001,0.0
-7.975,-94.67500000000001,0.0
-7.374999999999998,-94.67500000000001,0.0
-7.324999999999999,-94.67500000000001,0.0
-7.274999999999999,-94.67500000000001,0.0
-7.225,-94.67500000000001,0.0
-7.174999999999999,-94.67500000000001,0.0
-7.124999999999998,-94.67500000000001,0.0
-4.974999999999998,-94.67500000000001,0.0
-4.924999999999999,-94.67500000000001,0.0
-10.825,-94.72500000000001,0.0
-10.774999999999999,-94.72500000000001,0.0
-8.674999999999999,-94.72500000000001,0.0
-8.624999999999998,-94.72500000000001,0.0
-8.575,-94.72500000000001,0.0
-8.524999999999999,-94.72500000000001,0.0
-7.475,-94.72500000000001,0.0
-7.424999999999999,-94.72500000000001,0.0
-7.374999999999998,-94.72500000000001,0.0
-7.324999999999999,-94.72500000000001,0.0
-7.274999999999999,-94.72500000000001,0.0
-7.074999999999999,-94.72500000000001,0.0
-5.274999999999999,-94.72500000000001,0.0
-4.974999999999998,-94.72500000000001,0.0
-4.924999999999999,-94.72500000000001,0.0
-10.875,-94.775,0.0
-10.825,-94.775,0.0
-10.774999999999999,-94.775,0.0
-8.624999999999998,-94.775,0.0
-8.524999999999999,-94.775,0.0
-8.475,-94.775,0.0
-7.725,-94.775,0.0
-7.324999999999999,-94.775,0.0
-7.274999999999999,-94.775,0.0
-5.424999999999999,-94.775,0.0
-5.374999999999998,-94.775,0.0
-5.324999999999999,-94.775,0.0
-5.274999999999999,-94.775,0.0
-4.974999999999998,-94.775,0.0
-4.924999999999999,-94.775,0.0
-10.974999999999998,-94.825,0.0
-10.924999999999999,-94.825,0.0
-10.875,-94.825,0.0
-10.825,-94.825,0.0
-10.774999999999999,-94.825,0.0
-8.524999999999999,-94.825,0.0
-8.475,-94.825,0.0
-8.374999999999998,-94.825,0.0
-8.325,-94.825,0.0
-8.274999999999999,-94.825,0.0
-7.824999999999999,-94.825,0.0
-7.774999999999999,-94.825,0.0
-7.725,-94.825,0.0
-7.274999999999999,-94.825,0.0
-5.324999999999999,-94.825,0.0
-4.974999999999998,-94.825,0.0
-4.924999999999999,-94.825,0.0
-10.974999999999998,-94.875,0.0
-10.924999999999999,-94.875,0.0
-10.875,-94.875,0.0
-10.825,-94.875,0.0
-8.524999999999999,-94.875,0.0
-8.475,-94.875,0.0
-8.424999999999999,-94.875,0.0
-8.374999999999998,-94.875,0.0
-8.075,-94.875,0.0
-8.024999999999999,-94.875,0.0
-7.924999999999999,-94.875,0.0
-7.874999999999998,-94.875,0.0
-7.824999999999999,-94.875,0.0
-7.274999999999999,-94.875,0.0
-5.324999999999999,-94.875,0.0
-4.974999999999998,-94.875,0.0
-4.924999999999999,-94.875,0.0
-10.974999999999998,-94.92500000000001,0.0
-10.924999999999999,-94.92500000000001,0.0
-8.674999999999999,-94.92500000000001,0.0
-8.624999999999998,-94.92500000000001,0.0
-8.575,-94.92500000000001,0.0
-8.524999999999999,-94.92500000000001,0.0
-8.475,-94.92500000000001,0.0
-8.424999999999999,-94.92500000000001,0.0
-8.024999999999999,-94.92500000000001,0.0
-7.975,-94.92500000000001,0.0
-7.924999999999999,-94.92500000000001,0.0
-7.874999999999998,-94.92500000000001,0.0
-5.374999999999998,-94.92500000000001,0.0
-4.974999999999998,-94.92500000000001,0.0
-4.924999999999999,-94.92500000000001,0.0
-11.024999999999999,-94.97500000000001,0.0
-10.974999999999998,-94.97500000000001,0.0
-10.724999999999998,-94.97500000000001,0.0
-8.524999999999999,-94.97500000000001,0.0
-8.475,-94.97500000000001,0.0
-8.424999999999999,-94.97500000000001,0.0
-7.924999999999999,-94.97500000000001,0.0
-7.874999999999998,-94.97500000000001,0.0
-7.824999999999999,-94.97500000000001,0.0
-4.974999999999998,-94.97500000000001,0.0
-4.924999999999999,-94.97500000000001,0.0
-11.075,-95.025,0.0
-11.024999999999999,-95.025,0.0
-10.774999999999999,-95.025,0.0
-10.724999999999998,-95.025,0.0
-8.524999999999999,-95.025,0.0
-8.424999999999999,-95.025,0.0
-8.374999999999998,-95.025,0.0
-7.975,-95.025,0.0
-7.824999999999999,-95.025,0.0
-7.774999999999999,-95.025,0.0
-4.974999999999998,-95.025,0.0
-4.924999999999999,-95.025,0.0
-11.024999999999999,-95.075,0.0
-10.774999999999999,-95.075,0.0
-10.724999999999998,-95.075,0.0
-8.575,-95.075,0.0
-8.524999999999999,-95.075,0.0
-8.374999999999998,-95.075,0.0
-7.975,-95.075,0.0
-4.974999999999998,-95.075,0.0
-4.924999999999999,-95.075,0.0
-10.774999999999999,-95.125,0.0
-10.724999999999998,-95.125,0.0
-8.575,-95.125,0.0
-7.975,-95.125,0.0
-4.974999999999998,-95.125,0.0
-4.924999999999999,-95.125,0.0
-11.024999999999999,-95.17500000000001,0.0
-10.724999999999998,-95.17500000000001,0.0
-6.074999999999999,-95.17500000000001,0.0
-4.924999999999999,-95.17500000000001,0.0
-10.724999999999998,-95.22500000000001,0.0
-6.124999999999998,-95.22500000000001,0.0
-5.274999999999999,-95.22500000000001,0.0
-4.924999999999999,-95.22500000000001,0.0
-10.724999999999998,-95.275,0.0
-5.274999999999999,-95.275,0.0
-4.924999999999999,-95.275,0.0
-10.724999999999998,-95.325,0.0
-5.324999999999999,-95.325,0.0
-5.274999999999999,-95.325,0.0
-4.924999999999999,-95.325,0.0
-10.724999999999998,-95.375,0.0
-10.674999999999999,-95.375,0.0
-5.324999999999999,-95.375,0.0
-5.274999999999999,-95.375,0.0
-4.924999999999999,-95.375,0.0
-10.724999999999998,-95.42500000000001,0.0
-10.674999999999999,-95.42500000000001,0.0
-4.924999999999999,-95.42500000000001,0.0
-4.874999999999998,-95.42500000000001,0.0
-10.724999999999998,-95.47500000000001,0.0
-10.674999999999999,-95.47500000000001,0.0
-4.924999999999999,-95.47500000000001,0.0
-4.874999999999998,-95.47500000000001,0.0
-10.724999999999998,-95.525,0.0
-10.674999999999999,-95.525,0.0
-4.924999999999999,-95.525,0.0
-4.874999999999998,-95.525,0.0
-10.724999999999998,-95.575,0.0
-10.674999999999999,-95.575,0.0
-9.924999999999999,-95.575,0.0
-4.924999999999999,-95.575,0.0
-10.674999999999999,-95.625,0.0
-9.924999999999999,-95.625,0.0
-6.974999999999998,-95.625,0.0
-4.924999999999999,-95.625,0.0
-10.674999999999999,-95.67500000000001,0.0
-4.924999999999999,-95.67500000000001,0.0
-12.875,-95.72500000000001,0.0
-10.674999999999999,-95.72500000000001,0.0
-4.924999999999999,-95.72500000000001,0.0
-12.825,-95.775,0.0
-10.674999999999999,-95.775,0.0
-9.974999999999998,-95.775,0.0
-4.924999999999999,-95.775,0.0
-4.874999999999998,-95.775,0.0
-12.825,-95.825,0.0
-10.674999999999999,-95.825,0.0
-9.924999999999999,-95.825,0.0
-4.924999999999999,-95.825,0.0
-4.874999999999998,-95.825,0.0
-12.825,-95.875,0.0
-10.674999999999999,-95.875,0.0
-9.924999999999999,-95.875,0.0
-4.924999999999999,-95.875,0.0
-4.874999999999998,-95.875,0.0
-12.825,-95.92500000000001,0.0
-10.674999999999999,-95.92500000000001,0.0
-10.625,-95.92500000000001,0.0
-5.324999999999999,-95.92500000000001,0.0
-5.274999999999999,-95.92500000000001,0.0
-4.924999999999999,-95.92500000000001,0.0
-4.874999999999998,-95.92500000000001,0.0
-12.825,-95.97500000000001,0.0
-10.674999999999999,-95.97500000000001,0.0
-10.625,-95.97500000000001,0.0
-10.174999999999999,-95.97500000000001,0.0
-5.324999999999999,-95.97500000000001,0.0
-4.924999999999999,-95.97500000000001,0.0
-4.874999999999998,-95.97500000000001,0.0
-12.774999999999999,-96.025,0.0
-10.674999999999999,-96.025,0.0
-10.625,-96.025,0.0
-4.924999999999999,-96.025,0.0
-4.874999999999998,-96.025,0.0
-10.674999999999999,-96.075,0.0
-10.625,-96.075,0.0
-4.924999999999999,-96.075,0.0
-4.874999999999998,-96.075,0.0
-12.825,-96.125,0.0
-10.674999999999999,-96.125,0.0
-10.625,-96.125,0.0
-4.924999999999999,-96.125,0.0
-4.874999999999998,-96.125,0.0
-12.774999999999999,-96.17500000000001,0.0
-10.674999999999999,-96.17500000000001,0.0
-10.625,-96.17500000000001,0.0
-6.774999999999999,-96.17500000000001,0.0
-6.724999999999998,-96.17500000000001,0.0
-6.674999999999999,-96.17500000000001,0.0
-6.624999999999998,-96.17500000000001,0.0
-6.574999999999999,-96.17500000000001,0.0
-6.524999999999999,-96.17500000000001,0.0
-6.474999999999998,-96.17500000000001,0.0
-6.424999999999999,-96.17500000000001,0.0
-6.374999999999998,-96.17500000000001,0.0
-6.324999999999999,-96.17500000000001,0.0
-6.274999999999999,-96.17500000000001,0.0
-6.224999999999998,-96.17500000000001,0.0
-6.174999999999999,-96.17500000000001,0.0
-6.124999999999998,-96.17500000000001,0.0
-6.074999999999999,-96.17500000000001,0.0
-6.024999999999999,-96.17500000000001,0.0
-5.974999999999998,-96.17500000000001,0.0
-5.924999999999999,-96.17500000000001,0.0
-5.874999999999998,-96.17500000000001,0.0
-5.824999999999999,-96.17500000000001,0.0
-5.774999999999999,-96.17500000000001,0.0
-5.724999999999998,-96.17500000000001,0.0
-5.674999999999999,-96.17500000000001,0.0
-5.624999999999998,-96.17500000000001,0.0
-4.924999999999999,-96.17500000000001,0.0
-4.874999999999998,-96.17500000000001,0.0
-12.774999999999999,-96.22500000000001,0.0
-11.274999999999999,-96.22500000000001,0.0
-10.674999999999999,-96.22500000000001,0.0
-10.625,-96.22500000000001,0.0
-7.624999999999998,-96.22500000000001,0.0
-7.424999999999999,-96.22500000000001,0.0
-7.374999999999998,-96.22500000000001,0.0
-7.324999999999999,-96.22500000000001,0.0
-7.274999999999999,-96.22500000000001,0.0
-7.225,-96.22500000000001,0.0
-7.174999999999999,-96.22500000000001,0.0
-7.124999999999998,-96.22500000000001,0.0
-7.074999999999999,-96.22500000000001,0.0
-7.024999999999999,-96.22500000000001,0.0
-6.974999999999998,-96.22500000000001,0.0
-6.924999999999999,-96.22500000000001,0.0
-6.874999999999998,-96.22500000000001,0.0
-6.824999999999999,-96.22500000000001,0.0
-6.774999999999999,-96.22500000000001,0.0
-6.724999999999998,-96.22500000000001,0.0
-6.674999999999999,-96.22500000000001,0.0
-6.624999999999998,-96.22500000000001,0.0
-6.574999999999999,-96.22500000000001,0.0
-6.524999999999999,-96.22500000000001,0.0
-6.474999999999998,-96.22500000000001,0.0
-6.424999999999999,-96.22500000000001,0.0
-6.374999999999998,-96.22500000000001,0.0
-6.324999999999999,-96.22500000000001,0.0
-6.274999999999999,-96.22500000000001,0.0
-6.224999999999998,-96.22500000000001,0.0
-6.174999999999999,-96.22500000000001,0.0
-6.124999999999998,-96.22500000000001,0.0
-6.074999999999999,-96.22500000000001,0.0
-6.024999999999999,-96.22500000000001,0.0
-5.974999999999998,-96.22500000000001,0.0
-5.924999999999999,-96.22500000000001,0.0
-5.874999999999998,-96.22500000000001,0.0
-5.824999999999999,-96.22500000000001,0.0
-5.774999999999999,-96.22500000000001,0.0
-5.724999999999998,-96.22500000000001,0.0
-5.674999999999999,-96.22500000000001,0.0
-5.624999999999998,-96.22500000000001,0.0
-5.574999999999999,-96.22500000000001,0.0
-5.524999999999999,-96.22500000000001,0.0
-5.474999999999998,-96.22500000000001,0.0
-5.424999999999999,-96.22500000000001,0.0
-5.374999999999998,-96.22500000000001,0.0
-5.324999999999999,-96.22500000000001,0.0
-5.274999999999999,-96.22500000000001,0.0
-5.224999999999998,-96.22500000000001,0.0
-5.174999999999999,-96.22500000000001,0.0
-5.124999999999998,-96.22500000000001,0.0
-5.074999999999999,-96.22500000000001,0.0
-4.924999999999999,-96.22500000000001,0.0
-4.874999999999998,-96.22500000000001,0.0
-11.274999999999999,-96.275,0.0
-11.224999999999998,-96.275,0.0
-10.674999999999999,-96.275,0.0
-10.625,-96.275,0.0
-8.174999999999999,-96.275,0.0
-8.124999999999998,-96.275,0.0
-8.075,-96.275,0.0
-8.024999999999999,-96.275,0.0
-7.975,-96.275,0.0
-7.924999999999999,-96.275,0.0
-7.874999999999998,-96.275,0.0
-7.824999999999999,-96.275,0.0
-7.774999999999999,-96.275,0.0
-7.725,-96.275,0.0
-7.674999999999999,-96.275,0.0
-7.624999999999998,-96.275,0.0
-7.574999999999999,-96.275,0.0
-7.524999999999999,-96.275,0.0
-7.475,-96.275,0.0
-7.424999999999999,-96.275,0.0
-7.374999999999998,-96.275,0.0
-7.324999999999999,-96.275,0.0
-7.274999999999999,-96.275,0.0
-7.225,-96.275,0.0
-7.174999999999999,-96.275,0.0
-7.124999999999998,-96.275,0.0
-7.074999999999999,-96.275,0.0
-7.024999999999999,-96.275,0.0
-6.974999999999998,-96.275,0.0
-6.924999999999999,-96.275,0.0
-5.624999999999998,-96.275,0.0
-5.574999999999999,-96.275,0.0
-5.524999999999999,-96.275,0.0
-5.474999999999998,-96.275,0.0
-5.424999999999999,-96.275,0.0
-5.374999999999998,-96.275,0.0
-5.324999999999999,-96.275,0.0
-5.274999999999999,-96.275,0.0
-5.224999999999998,-96.275,0.0
-5.174999999999999,-96.275,0.0
-5.124999999999998,-96.275,0.0
-5.074999999999999,-96.275,0.0
-5.024999999999999,-96.275,0.0
-4.974999999999998,-96.275,0.0
-4.924999999999999,-96.275,0.0
-4.874999999999998,-96.275,0.0
-12.774999999999999,-96.325,0.0
-11.224999999999998,-96.325,0.0
-10.674999999999999,-96.325,0.0
-10.625,-96.325,0.0
-8.674999999999999,-96.325,0.0
-8.624999999999998,-96.325,0.0
-8.575,-96.325,0.0
-8.524999999999999,-96.325,0.0
-8.475,-96.325,0.0
-8.424999999999999,-96.325,0.0
-8.374999999999998,-96.325,0.0
-8.325,-96.325,0.0
-8.274999999999999,-96.325,0.0
-8.225,-96.325,0.0
-8.174999999999999,-96.325,0.0
-8.124999999999998,-96.325,0.0
-8.075,-96.325,0.0
-8.024999999999999,-96.325,0.0
-7.975,-96.325,0.0
-7.924999999999999,-96.325,0.0
-7.874999999999998,-96.325,0.0
-7.824999999999999,-96.325,0.0
-7.774999999999999,-96.325,0.0
-7.725,-96.325,0.0
-7.674999999999999,-96.325,0.0
-7.624999999999998,-96.325,0.0
-7.475,-96.325,0.0
-7.424999999999999,-96.325,0.0
-4.924999999999999,-96.325,0.0
-4.874999999999998,-96.325,0.0
-12.774999999999999,-96.375,0.0
-11.224999999999998,-96.375,0.0
-10.674999999999999,-96.375,0.0
-10.625,-96.375,0.0
-9.375,-96.375,0.0
-9.325,-96.375,0.0
-9.274999999999999,-96.375,0.0
-9.224999999999998,-96.375,0.0
-9.174999999999999,-96.375,0.0
-9.125,-96.375,0.0
-9.075,-96.375,0.0
-9.024999999999999,-96.375,0.0
-8.974999999999998,-96.375,0.0
-8.924999999999999,-96.375,0.0
-8.875,-96.375,0.0
-8.825,-96.375,0.0
-8.774999999999999,-96.375,0.0
-8.724999999999998,-96.375,0.0
-8.674999999999999,-96.375,0.0
-8.624999999999998,-96.375,0.0
-8.575,-96.375,0.0
-8.524999999999999,-96.375,0.0
-8.475,-96.375,0.0
-8.424999999999999,-96.375,0.0
-8.374999999999998,-96.375,0.0
-8.325,-96.375,0.0
-6.224999999999998,-96.375,0.0
-6.174999999999999,-96.375,0.0
-11.224999999999998,-96.42500000000001,0.0
-10.674999999999999,-96.42500000000001,0.0
-10.625,-96.42500000000001,0.0
-10.024999999999999,-96.42500000000001,0.0
-9.974999999999998,-96.42500000000001,0.0
-9.924999999999999,-96.42500000000001,0.0
-9.875,-96.42500000000001,0.0
-9.825,-96.42500000000001,0.0
-9.774999999999999,-96.42500000000001,0.0
-9.724999999999998,-96.42500000000001,0.0
-9.674999999999999,-96.42500000000001,0.0
-9.625,-96.42500000000001,0.0
-9.575,-96.42500000000001,0.0
-9.524999999999999,-96.42500000000001,0.0
-9.474999999999998,-96.42500000000001,0.0
-9.424999999999999,-96.42500000000001,0.0
-9.375,-96.42500000000001,0.0
-9.325,-96.42500000000001,0.0
-9.274999999999999,-96.42500000000001,0.0
-9.224999999999998,-96.42500000000001,0.0
-9.174999999999999,-96.42500000000001,0.0
-9.125,-96.42500000000001,0.0
-9.075,-96.42500000000001,0.0
-9.024999999999999,-96.42500000000001,0.0
-8.974999999999998,-96.42500000000001,0.0
-8.924999999999999,-96.42500000000001,0.0
-8.825,-96.42500000000001,0.0
-8.774999999999999,-96.42500000000001,0.0
-6.274999999999999,-96.42500000000001,0.0
-6.224999999999998,-96.42500000000001,0.0
-6.174999999999999,-96.42500000000001,0.0
-6.124999999999998,-96.42500000000001,0.0
-6.074999999999999,-96.42500000000001,0.0
-10.674999999999999,-96.47500000000001,0.0
-10.625,-96.47500000000001,0.0
-10.575,-96.47500000000001,0.0
-10.524999999999999,-96.47500000000001,0.0
-10.474999999999998,-96.47500000000001,0.0
-10.424999999999999,-96.47500000000001,0.0
-10.375,-96.47500000000001,0.0
-10.325,-96.47500000000001,0.0
-10.274999999999999,-96.47500000000001,0.0
-10.224999999999998,-96.47500000000001,0.0
-10.174999999999999,-96.47500000000001,0.0
-10.125,-96.47500000000001,0.0
-10.075,-96.47500000000001,0.0
-10.024999999999999,-96.47500000000001,0.0
-9.974999999999998,-96.47500000000001,0.0
-9.924999999999999,-96.47500000000001,0.0
-9.875,-96.47500000000001,0.0
-9.825,-96.47500000000001,0.0
-9.774999999999999,-96.47500000000001,0.0
-9.724999999999998,-96.47500000000001,0.0
-9.674999999999999,-96.47500000000001,0.0
-9.625,-96.47500000000001,0.0
-9.575,-96.47500000000001,0.0
-9.524999999999999,-96.47500000000001,0.0
-7.574999999999999,-96.47500000000001,0.0
-7.524999999999999,-96.47500000000001,0.0
-10.674999999999999,-96.525,0.0
-10.625,-96.525,0.0
-10.575,-96.525,0.0
-10.524999999999999,-96.525,0.0
-10.474999999999998,-96.525,0.0
-10.424999999999999,-96.525,0.0
-10.375,-96.525,0.0
-10.325,-96.525,0.0
-10.274999999999999,-96.525,0.0
-10.224999999999998,-96.525,0.0
-10.174999999999999,-96.525,0.0
-10.125,-96.525,0.0
-10.075,-96.525,0.0
-10.024999999999999,-96.525,0.0
-9.974999999999998,-96.525,0.0
-7.475,-96.525,0.0
-10.575,-96.575,0.0
-8.774999999999999,-96.575,0.0
-7.824999999999999,-96.575,0.0
-7.774999999999999,-96.575,0.0
-7.725,-96.575,0.0
-7.674999999999999,-96.575,0.0
-7.624999999999998,-96.575,0.0
-7.574999999999999,-96.575,0.0
-7.424999999999999,-96.575,0.0
-7.374999999999998,-96.575,0.0
-10.974999999999998,-96.625,0.0
-8.724999999999998,-96.625,0.0
-8.674999999999999,-96.625,0.0
-8.624999999999998,-96.625,0.0
-7.824999999999999,-96.625,0.0
-7.774999999999999,-96.625,0.0
-7.725,-96.625,0.0
-12.725,-96.67500000000001,0.0
-9.274999999999999,-96.67500000000001,0.0
-9.174999999999999,-96.67500000000001,0.0
-9.024999999999999,-96.67500000000001,0.0
-8.974999999999998,-96.67500000000001,0.0
-8.924999999999999,-96.67500000000001,0.0
-8.875,-96.67500000000001,0.0
-8.724999999999998,-96.67500000000001,0.0
-8.674999999999999,-96.67500000000001,0.0
-8.624999999999998,-96.67500000000001,0.0
-12.674999999999999,-96.775,0.0
-8.274999999999999,-97.075,0.0
